symbol,timeframe,slice_combination,regime,regime_symbol,diagnostic_status,regime_window_rows,slice_n,slice_mean_ret_costadj,slice_win_rate,slice_t_stat_nw,slice_p_value_nw,slice_pass,baseline_mean_ret_costadj,excess_vs_baseline,best_parent_filter,best_parent_mean_ret_costadj,excess_vs_best_parent,rank,bin_mode,validation_n_folds,side,verdict,triage_bucket,train_n,train_pass,valid_n,valid_pass,valid_mean_ret_costadj,valid_excess_vs_baseline,valid_best_parent_filter,valid_excess_vs_best_parent,valid_p_value_nw,walk_forward_pass_count,walk_forward_pass_pattern,walk_forward_survival_rate,scenario_survived_count,scenario_positive_baseline_excess_count,scenario_positive_parent_excess_count,scenario_significant_count,robustness_score,default_verdict,cost2_verdict,cost5_verdict,split06_verdict,split08_verdict,short_borrow2_verdict,short_borrow5_verdict,short_borrow10_verdict,best_fwd_horizon,search_wide_family_size_regime,search_wide_rank_regime,search_wide_bh_pass_regime,search_wide_bonferroni_pass_regime,research_shard_id,candidate_key,strict_gate_pass,status,live_decay_flag,not_regime_evaluated,all_regime_mean_ret_costadj,regime_excess_vs_all,regime_candidate_status
XRP/USD,1d,state_ext=neutral + state_vol=mid_vol,bear,BTC/USD,ok,207,16,0.03891688492666992,0.875,5.038800497156146,4.6845847267995566e-07,True,0.004051566326740499,0.03486531859992942,state_vol=mid_vol,0.015918718732157056,0.022998166194512865,9,rolling,4,short,rejected,late_emerging_valid_supported,31,False,21,True,0.0503599270252599,0.0426200563430553,state_vol=mid_vol,0.0261764240616117,3.4994229736184934e-13,1,10,0.25,0,8,8,8,8.5,rejected,rejected,rejected,rejected,provisional,rejected,rejected,rejected,5,136,6,True,True,crypto-1d-02,XRP/USD|1d|state_ext=neutral + state_vol=mid_vol|rolling,False,research_only,False,False,0.03447388478048821,0.004443000146181708,bear_regime_candidate
XRP/USD,1h,cross_USO_state_ext=stretched_up + cross_TLT_state_slope=uptrend + state_ext=stretched_down,bear,BTC/USD,ok,2791,16,0.014087997535871491,0.9375,4.124638234389034,3.713179272235578e-05,True,-0.0008324190624128295,0.01492041659828432,cross_USO_state_ext=stretched_up + cross_TLT_state_slope=uptrend,0.008159310354176295,0.0059286871816951955,5,rolling,4,long,rejected,late_emerging_valid_supported,0,False,37,True,0.0044365975261041,0.007875569884303,cross_TLT_state_slope=uptrend + state_ext=stretched_down,0.0012667648702224,0.0441830855316767,0,0,0.0,0,8,8,7,7.75,rejected,rejected,rejected,rejected,rejected,rejected,rejected,rejected,5,136,10,True,True,crypto-1h-02,,False,,,False,0.007236597526104141,0.00685140000976735,bear_regime_candidate
BCH/USD,1d,cross_USO_state_slope=flat + cross_TLT_state_slope=flat + state_ext=neutral,bear,BTC/USD,ok,481,3,0.10443876663217307,1.0,10.389695371453413,0.0,False,-0.0016414836365081275,0.10608025026868119,cross_TLT_state_slope=flat + state_ext=neutral,0.0534300163178288,0.051008750314344264,21,rolling,4,long,rejected,late_emerging_valid_supported,17,False,15,True,0.0744639638208942,0.0812445775393452,cross_USO_state_slope=flat + state_ext=neutral,0.0405660689313673,0.0008656434806959,0,0,0.0,0,8,8,8,8.0,rejected,rejected,rejected,rejected,rejected,rejected,rejected,rejected,5,136,2,True,True,crypto-1d-00,,False,,,False,0.033903924996297165,0.0705348416358759,unsupported
AAVE/USD,1d,cross_USO_state_slope=uptrend + cross_TLT_state_slope=uptrend + state_ext=stretched_up,bear,BTC/USD,ok,481,12,0.09918291256216889,1.0,5.493999315413559,3.929320113726931e-08,False,-0.009803211926236514,0.1089861244884054,cross_USO_state_slope=uptrend + cross_TLT_state_slope=uptrend,0.031069847366186617,0.06811306519598227,31,rolling,4,short,rejected,late_emerging_valid_supported,28,False,16,True,0.0758643281565848,0.0733614165014546,cross_USO_state_slope=uptrend + state_ext=stretched_up,0.0110346874993592,1.410971783855075e-09,0,0,0.0,0,8,7,8,7.75,rejected,rejected,rejected,rejected,provisional,rejected,rejected,rejected,5,136,5,True,True,crypto-1d-00,,False,,,False,0.05737416116661975,0.04180875139554914,unsupported
LTC/USD,1d,cross_USO_state_slope=flat + cross_TLT_state_slope=uptrend + state_ext=stretched_down,bear,BTC/USD,ok,481,14,0.05136361468337143,0.8571428571428571,4.259459527636452,2.0492179783060394e-05,False,0.0011229865555246444,0.050240628127846784,cross_USO_state_slope=flat + cross_TLT_state_slope=uptrend,0.02953717723218896,0.02182643745118247,29,rolling,4,long,rejected,late_emerging_valid_supported,41,False,15,True,0.0610619351829852,0.0702510154115271,cross_USO_state_slope=flat + state_ext=stretched_down,0.0418583188031645,0.003174995815089,0,0,0.0,0,8,8,8,8.0,rejected,rejected,rejected,rejected,rejected,rejected,rejected,rejected,5,136,9,True,True,crypto-1d-02,,False,,,False,0.04067184344822881,0.010691771235142623,unsupported
XRP/USD,1d,state_volume=vol_quiet + state_ext=stretched_up,bear,BTC/USD,ok,207,5,0.046668491498389544,1.0,18.061323315594873,0.0,False,0.004051566326740499,0.04261692517164904,state_ext=stretched_up,0.016432989594342976,0.030235501904046568,11,rolling,4,short,rejected,late_emerging_valid_supported,58,False,18,True,0.0343780686724111,0.0266381979902064,state_ext=stretched_up,0.0092619744994692,1.86581626215876e-05,1,10,0.25,0,8,8,8,8.5,rejected,rejected,rejected,rejected,rejected,rejected,rejected,rejected,5,136,1,True,True,crypto-1d-02,,False,,,False,0.0012593177724286384,0.04540917372596091,unsupported
DOT/USD,1d,cross_USO_state_slope=uptrend + cross_TLT_state_ext=neutral + state_ext=stretched_up,bear,BTC/USD,ok,223,6,0.030106540607161905,0.8333333333333334,3.4908472595200193,0.00048149143468245725,False,0.011264956948685099,0.018841583658476806,cross_USO_state_slope=uptrend + cross_TLT_state_ext=neutral,0.03494653497670011,-0.004839994369538206,15,rolling,4,short,rejected,late_emerging_recent_only,16,False,31,True,0.0491326903071902,0.0332969834942364,cross_TLT_state_ext=neutral + state_ext=stretched_up,0.0024429989534599,0.0003521713663041,1,1,0.25,0,8,8,8,8.5,rejected,rejected,rejected,rejected,rejected,rejected,rejected,rejected,5,136,11,True,False,crypto-1d-01,,False,,,False,0.02197872187874875,0.008127818728413155,unsupported
DOT/USD,1d,state_ext=stretched_up + state_vol=low_vol,bear,BTC/USD,ok,223,2,0.023238549852694614,1.0,4.336928931371933,1.4448731625371636e-05,False,0.011264956948685099,0.011973592904009515,state_ext=stretched_up,0.01865981073668315,0.004578739116011463,1,rolling,4,short,survived,clean_survivor_wf_failed,28,True,19,True,0.0398788978499569,0.0240431910370032,state_ext=stretched_up,0.005658618667924,0.0087924309462963,0,0,0.0,6,8,8,8,17.0,survived,survived,survived,rejected,provisional,survived,survived,survived,5,136,8,True,True,crypto-1d-01,DOT/USD|1d|state_ext=stretched_up + state_vol=low_vol|rolling,False,research_only,False,False,0.047969266792683,-0.024730716939988386,unsupported
LTC/USD,1d,cross_USO_state_ext=stretched_up + cross_TLT_state_slope=flat + state_ext=stretched_up,bear,BTC/USD,ok,481,5,0.01201125907272287,1.0,5.963950961155184,2.4621065186636315e-09,False,-0.0015229865555246454,0.013534245628247515,cross_USO_state_ext=stretched_up + cross_TLT_state_slope=flat,0.02766837930767459,-0.01565712023495172,55,rolling,4,short,rejected,late_emerging_valid_supported,53,False,30,True,0.0243514472210442,0.0221623669925023,cross_USO_state_ext=stretched_up + state_ext=stretched_up,0.0048276674642172,0.0043703584807637,0,0,0.0,0,8,6,6,7.0,rejected,rejected,rejected,rejected,rejected,rejected,rejected,rejected,5,136,4,True,True,crypto-1d-02,,False,,,False,0.021617586539843362,-0.009606327467120493,unsupported
LTC/USD,1h,cross_USO_state_ext=stretched_down + cross_TLT_state_slope=downtrend + state_ext=neutral,bear,BTC/USD,ok,2792,11,0.01041319307654417,1.0,4.498974167533489,6.828215332266296e-06,False,-0.00044489311633955753,0.010858086192883728,cross_USO_state_ext=stretched_down + cross_TLT_state_slope=downtrend,0.005264413978630635,0.005148779097913535,3,rolling,4,long,rejected,late_emerging_recent_only,49,False,33,True,0.0035568993440434,0.0067205140328875,cross_USO_state_ext=stretched_down + cross_TLT_state_slope=downtrend,0.0026755672793167,0.0210540175315383,1,1,0.25,0,8,8,7,8.25,rejected,rejected,rejected,rejected,rejected,rejected,rejected,rejected,5,136,7,True,True,crypto-1h-02,,False,,,False,0.0026287815598640255,0.007784411516680145,unsupported
AVAX/USD,1d,cross_USO_state_ext=stretched_up + cross_TLT_state_slope=flat + state_ext=stretched_up,bear,BTC/USD,ok,481,4,-0.06144506638011984,0.0,-7.480698276459999,7.394085344003543e-14,False,0.004908754160857508,-0.06635382054097734,cross_USO_state_ext=stretched_up + cross_TLT_state_slope=flat,0.05658001217620633,-0.11802507855632617,39,rolling,4,short,rejected,late_emerging_valid_supported,55,False,32,True,0.0474161870929982,0.0432183946889552,cross_USO_state_ext=stretched_up + state_ext=stretched_up,0.0082102830707316,0.0150708413943168,0,0,0.0,0,7,6,6,7.0,rejected,rejected,rejected,rejected,rejected,rejected,rejected,rejected,5,136,3,True,True,crypto-1d-00,,False,,,False,0.03505038677856165,-0.0964954531586815,unsupported
ETH/USD,1d,cross_USO_state_slope=uptrend + cross_TLT_state_slope=flat + state_ext=stretched_down,bear,BTC/USD,ok,481,38,0.08705432676488045,0.7368421052631579,2.497163474498847,0.012519122871439858,True,-0.0002810016380972383,0.0873353284029777,cross_USO_state_slope=uptrend + cross_TLT_state_slope=flat,0.06288737209235877,0.02416695467252168,29,rolling,4,short,rejected,late_emerging_valid_supported,56,False,56,True,0.0433647493729318,0.0454732971303554,cross_USO_state_slope=uptrend + cross_TLT_state_slope=flat,0.0177421290377038,0.017433884876943,0,0,0.0,0,8,8,7,7.75,rejected,rejected,rejected,rejected,rejected,rejected,rejected,rejected,5,136,17,False,False,crypto-1d-01,,False,,,False,0.03153192849024132,0.05552239827463913,regime_switching_research_only
SUSHI/USD,1d,state_ext=stretched_up + state_vol=high_vol,bear,BTC/USD,ok,481,17,0.0675146623376143,0.7647058823529411,2.452581573115404,0.014183521646185415,True,0.0029078217429439196,0.06460684059467038,state_vol=high_vol,0.02002580687449684,0.04748885546311746,41,rolling,4,short,rejected,late_emerging_valid_supported,112,False,25,True,0.0777095634046486,0.0679475498419516,state_vol=high_vol,0.0476631694672212,0.0002883802522126,0,0,0.0,0,7,7,7,7.5,rejected,rejected,rejected,rejected,rejected,rejected,rejected,rejected,3,136,18,False,False,crypto-1d-02,SUSHI/USD|1d|state_ext=stretched_up + state_vol=high_vol|rolling,False,research_only,False,False,0.0035254827547444864,0.06398917958286982,regime_switching_research_only
DOT/USD,1d,cross_USO_state_slope=downtrend + state_slope=flat,bear,BTC/USD,ok,223,19,0.06635566658293965,0.7368421052631579,2.7415350414904953,0.006115283754324352,True,0.011264956948685099,0.05509070963425455,state_slope=flat,0.030580432754195305,0.03577523382874434,5,rolling,4,short,rejected,late_emerging_recent_only,67,False,22,True,0.071535641221098,0.0556999344081442,cross_USO_state_slope=downtrend,0.0532752410076836,0.0009526205232166,1,1,0.25,0,8,8,8,8.5,rejected,rejected,rejected,rejected,rejected,rejected,rejected,rejected,5,136,13,False,False,crypto-1d-01,,False,,,False,0.02684872159217251,0.03950694499076714,regime_switching_research_only
BCH/USD,1d,cross_USO_state_slope=downtrend + cross_TLT_state_ext=neutral + state_ext=stretched_down,bear,BTC/USD,ok,481,35,0.06117580294134276,0.7428571428571429,2.179782369575022,0.02927359741306801,True,0.0012414836365081344,0.05993431930483463,cross_USO_state_slope=downtrend + cross_TLT_state_ext=neutral,0.023900645349617777,0.037275157591724985,36,rolling,4,short,rejected,late_emerging_valid_supported,56,False,55,True,0.0386491609214138,0.0388685472029628,cross_USO_state_slope=downtrend + cross_TLT_state_ext=neutral,0.0195951948194349,0.0491790447271935,0,0,0.0,0,8,8,5,7.25,rejected,rejected,rejected,rejected,rejected,rejected,rejected,rejected,5,136,23,False,False,crypto-1d-00,,False,,,False,0.012598585170793573,0.048577217770549186,regime_switching_research_only
BTC/USD,1d,cross_USO_state_slope=uptrend + cross_TLT_state_slope=flat + state_ext=stretched_down,bear,BTC/USD,ok,481,34,0.059109519515884924,0.7647058823529411,2.32994129029151,0.019809254313090552,True,0.0006290702691403881,0.05848044924674454,cross_USO_state_slope=uptrend + cross_TLT_state_slope=flat,0.0516946978883527,0.007414821627532223,27,rolling,4,short,rejected,late_emerging_valid_supported,44,False,44,True,0.0308287369210237,0.0319024151709451,cross_TLT_state_slope=flat + state_ext=stretched_down,0.0169372849566852,0.0426729754685064,0,0,0.0,0,8,8,7,7.75,rejected,rejected,rejected,rejected,rejected,rejected,rejected,rejected,5,136,21,False,False,crypto-1d-00,,False,,,False,0.02149869712207811,0.037610822393806816,regime_switching_research_only
SOL/USD,1d,cross_USO_state_ext=stretched_down + cross_TLT_state_slope=uptrend + state_ext=stretched_down,bear,BTC/USD,ok,452,37,0.055967820613659784,0.6486486486486487,2.578499434807309,0.009923046207748198,True,-0.005880906829851569,0.06184872744351135,cross_USO_state_ext=stretched_down + state_ext=stretched_down,0.033947692182803586,0.022020128430856198,23,rolling,4,long,rejected,late_emerging_recent_only,75,False,22,True,0.0389201405168049,0.048709347276424,cross_USO_state_ext=stretched_down + cross_TLT_state_slope=uptrend,0.0156203681306369,0.0059706078218679,1,1,0.25,0,8,7,7,8.0,rejected,rejected,rejected,rejected,rejected,rejected,rejected,rejected,5,136,16,False,False,crypto-1d-02,,False,,,False,0.014425632703033073,0.04154218791062671,regime_switching_research_only
AAVE/USD,1d,cross_USO_state_slope=downtrend + state_slope=uptrend,bear,BTC/USD,ok,481,52,0.04858277703149478,0.6538461538461539,2.130905124166554,0.033096959162846495,True,0.009403211926236525,0.03917956510525825,cross_USO_state_slope=downtrend,0.020557142818652237,0.028025634212842543,11,rolling,4,long,rejected,late_emerging_valid_supported,112,False,62,True,0.0395236006769547,0.049026512332085,state_slope=uptrend,0.028736319116366,0.0376468808090892,1,10,0.25,0,8,8,7,8.25,rejected,rejected,rejected,rejected,rejected,rejected,rejected,rejected,5,136,25,False,False,crypto-1d-00,,False,,,False,0.01830519713833919,0.03027757989315559,regime_switching_research_only
LINK/USD,1d,cross_USO_state_slope=uptrend + cross_TLT_state_slope=flat + state_ext=stretched_down,bear,BTC/USD,ok,481,32,0.04733893759158718,0.6875,2.00944742963293,0.04448970453974388,True,-0.0007248121954760898,0.04806374978706327,cross_USO_state_slope=uptrend + cross_TLT_state_slope=flat,0.036254762965055115,0.011084174626532065,30,rolling,4,short,rejected,late_emerging_valid_supported,39,False,51,True,0.038617781104938,0.0370195514109375,cross_USO_state_slope=uptrend + cross_TLT_state_slope=flat,0.0148576405342674,0.0420864132024434,0,0,0.0,0,8,8,7,7.75,rejected,rejected,rejected,rejected,rejected,rejected,rejected,rejected,5,136,28,False,False,crypto-1d-01,,False,,,False,0.0324010619233034,0.014937875668283779,regime_switching_research_only
CRV/USD,1d,cross_USO_state_slope=uptrend + state_slope=downtrend,bear,BTC/USD,ok,223,36,0.047325130757661746,0.6944444444444444,2.130879262525832,0.033099090221113237,True,-0.0061788542615246475,0.05350398501918639,cross_USO_state_slope=uptrend,0.008403627902806741,0.038921502854855,3,rolling,4,short,rejected,late_emerging_regime_switching,82,False,43,True,0.0432730475581193,0.031558458660497,cross_USO_state_slope=uptrend,0.0225960987503141,0.0416163866340433,2,11,0.5,0,8,8,8,9.0,rejected,rejected,rejected,rejected,rejected,rejected,rejected,rejected,5,136,26,False,False,crypto-1d-01,,False,,,False,0.03896647228415045,0.008358658473511298,regime_switching_research_only
CRV/USD,1d,cross_TLT_state_slope=uptrend + state_slope=uptrend,bear,BTC/USD,ok,223,24,0.044788788187805455,0.75,2.0762086665484634,0.037874656079225355,True,-0.0061788542615246475,0.0509676424493301,state_slope=uptrend,0.0274479832225001,0.017340804965305354,6,rolling,4,short,rejected,late_emerging_recent_only,50,False,16,True,0.0631491329413575,0.0514345440437352,state_slope=uptrend,0.0442644186897278,1.1821188561356166e-06,1,1,0.25,0,8,8,8,8.5,rejected,rejected,rejected,rejected,rejected,rejected,rejected,rejected,5,136,27,False,False,crypto-1d-01,,False,,,False,0.023560665948867205,0.02122812223893825,regime_switching_research_only
ETH/USD,1d,cross_USO_state_vol=high_vol + state_ext=stretched_up,bear,BTC/USD,ok,481,37,0.043159532268260754,0.6486486486486487,2.0059974527431597,0.04485651976998972,True,-0.00011899836190276011,0.043278530630163514,cross_USO_state_vol=high_vol,0.021416946485714083,0.02174258578254667,18,rolling,4,long,rejected,late_emerging_valid_supported,60,False,92,True,0.0414795514160957,0.0463710036586721,cross_USO_state_vol=high_vol,0.0249176692523784,0.0151937439784255,1,10,0.25,0,8,8,7,8.25,rejected,rejected,rejected,rejected,rejected,rejected,rejected,rejected,5,136,30,False,False,crypto-1d-01,,False,,,False,0.034485079478974945,0.00867445278928581,regime_switching_research_only
SUSHI/USD,1d,cross_TLT_state_ext=neutral + state_ext=stretched_up,bear,BTC/USD,ok,481,30,0.041550851184987796,0.7333333333333333,2.42825647590158,0.015171610093919208,True,0.0029078217429439196,0.038643029442043876,state_ext=stretched_up,0.01584677048356844,0.025704080701419357,16,rolling,4,short,rejected,late_emerging_recent_only,217,False,106,True,0.0372303061089816,0.0274682925462846,state_ext=stretched_up,0.0107724900138682,0.0132985048094451,1,1,0.25,0,8,8,7,8.25,rejected,rejected,rejected,rejected,rejected,rejected,rejected,rejected,5,136,20,False,False,crypto-1d-02,,False,,,False,0.01577895279791471,0.025771898387073087,regime_switching_research_only
UNI/USD,1d,cross_TLT_state_slope=downtrend + state_ext=stretched_up,bear,BTC/USD,ok,481,39,0.038593138066967105,0.6923076923076923,2.139024928855718,0.0324336494833215,True,-0.005108010175154697,0.043701148242121804,state_ext=stretched_up,-0.005747391110747529,0.04434052917771463,4,rolling,4,short,rejected,late_emerging_regime_switching,79,False,36,True,0.0459101280356244,0.0438475556368371,cross_TLT_state_slope=downtrend,0.0205230865387405,0.0105054892922971,2,11,0.5,0,8,8,8,9.0,rejected,rejected,rejected,rejected,rejected,rejected,rejected,rejected,5,136,24,False,False,crypto-1d-02,,False,,,False,0.030481500409804456,0.008111637657162649,regime_switching_research_only
XRP/USD,1d,cross_USO_state_slope=downtrend + state_ext=neutral,bear,BTC/USD,ok,207,21,0.024553759723919915,0.7142857142857143,2.760345581699609,0.005774024722102311,True,0.004051566326740499,0.020502193397179416,state_ext=neutral,0.0009168446587372412,0.023636915065182673,37,rolling,4,short,rejected,late_emerging_valid_supported,43,False,16,True,0.02424124660635,0.0165013759241454,state_ext=neutral,0.021359905667208,0.0209476008431122,0,0,0.0,0,8,8,7,7.75,rejected,rejected,rejected,rejected,rejected,rejected,rejected,rejected,5,136,12,False,False,crypto-1d-02,,False,,,False,0.022446346015895773,0.0021074137080241417,regime_switching_research_only
ADA/USD,1h,cross_TLT_state_slope=uptrend + state_ext=stretched_down,bear,BTC/USD,ok,1014,69,0.007708109397561314,0.6666666666666666,2.428935454137633,0.015143227994767194,True,-0.001124858104966218,0.008832967502527532,cross_TLT_state_slope=uptrend,0.0017372432034874412,0.005970866194073873,1,rolling,4,long,rejected,late_emerging_recent_only,114,False,70,True,0.0081323595778761,0.0108122405217116,state_ext=stretched_down,0.008032480573615,0.0344542952974773,1,1,0.25,0,8,8,7,8.25,rejected,rejected,rejected,rejected,rejected,rejected,rejected,rejected,5,136,19,False,False,crypto-1h-00,,False,,,False,0.003633446448853875,0.004074662948707439,regime_switching_research_only
SOL/USD,1d,cross_USO_state_slope=uptrend + state_slope=uptrend,bear,BTC/USD,ok,452,2,0.2190638319776187,0.5,1.8244299202071197,0.06808710207292434,False,0.00548090682985157,0.2135829251477671,cross_USO_state_slope=uptrend,0.023044835480267836,0.19601899649735086,1,rolling,4,short,survived,clean_survivor_wf_mixed,37,True,26,True,0.0401973711495016,0.0374081643898825,cross_USO_state_slope=uptrend,0.0228479436790401,0.0006307001071319,2,11,0.5,7,8,8,8,19.0,survived,survived,survived,rejected,survived,survived,survived,survived,5,136,35,False,False,crypto-1d-02,,False,,,False,0.05099572495028119,0.1680681070273375,unsupported
AVAX/USD,1d,state_ext=stretched_down + state_slope=uptrend,bear,BTC/USD,ok,481,13,0.07200559604904812,0.6923076923076923,1.5790035944206553,0.11433523259501666,False,-0.005308754160857506,0.07731435020990562,state_slope=uptrend,0.018873532370349146,0.05313206367869897,25,rolling,4,long,rejected,late_emerging_valid_supported,46,False,16,True,0.0513416652384633,0.0625394576425063,state_slope=uptrend,0.0615444765004744,0.0190936843675584,0,0,0.0,0,8,8,7,7.75,rejected,rejected,rejected,rejected,rejected,rejected,rejected,rejected,5,136,45,False,False,crypto-1d-00,AVAX/USD|1d|state_ext=stretched_down + state_slope=uptrend|rolling,False,research_only,False,False,0.020164796609210837,0.051840799439837285,unsupported
SUSHI/USD,1d,cross_USO_state_slope=uptrend + cross_TLT_state_slope=flat + state_ext=stretched_down,bear,BTC/USD,ok,481,37,0.06378848738377627,0.6756756756756757,1.9552752674665261,0.050550588783228934,False,0.0029078217429439196,0.060880665640832346,cross_USO_state_slope=uptrend + cross_TLT_state_slope=flat,0.05536757629930147,0.008420911084474798,26,rolling,4,short,rejected,late_emerging_valid_supported,57,False,64,True,0.0371064887770957,0.0273444752143987,cross_USO_state_slope=uptrend + cross_TLT_state_slope=flat,0.01137674620254,0.0397166839475557,1,10,0.25,0,8,7,7,8.0,rejected,rejected,rejected,rejected,rejected,rejected,rejected,rejected,5,136,33,False,False,crypto-1d-02,,False,,,False,0.03523815245235833,0.028550334931417932,regime_switching_research_only
DOT/USD,1d,cross_TLT_state_slope=downtrend + state_slope=flat,bear,BTC/USD,ok,223,14,0.06278010539095978,0.7142857142857143,2.6899862650673363,0.007145495991556672,False,0.011264956948685099,0.051515148442274686,state_slope=flat,0.030580432754195305,0.03219967263676447,11,rolling,4,short,rejected,late_emerging_recent_only,37,False,31,True,0.0587166634546885,0.0428809566417348,cross_TLT_state_slope=downtrend,0.0181554528455485,3.810505628654148e-05,1,1,0.25,0,8,8,8,8.5,rejected,rejected,rejected,rejected,rejected,rejected,rejected,rejected,5,136,14,False,False,crypto-1d-01,,False,,,False,0.03426837126713107,0.028511734123828708,unsupported
AAVE/USD,1d,cross_USO_state_slope=uptrend + state_slope=uptrend,bear,BTC/USD,ok,481,23,0.06234162695815049,0.6956521739130435,1.356000674790618,0.17509895335087045,False,-0.009803211926236514,0.072144838884387,cross_USO_state_slope=uptrend,0.01913964976378902,0.04320197719436147,15,rolling,4,short,rejected,late_emerging_valid_supported,64,False,43,True,0.0313082251342811,0.0288053134791508,cross_USO_state_slope=uptrend,0.0090106504475242,0.019795330145822,1,10,0.25,0,8,8,7,8.25,rejected,rejected,rejected,rejected,rejected,rejected,rejected,rejected,5,136,55,False,False,crypto-1d-00,,False,,,False,0.03052833021336457,0.03181329674478592,regime_switching_research_only
SUSHI/USD,1d,state_ret_day=ret_day_flat + state_ext=neutral,bear,BTC/USD,ok,481,18,0.052095474671433634,0.6111111111111112,1.727073722102346,0.0841544242659249,False,-0.0033078217429439133,0.055403296414377544,state_ext=neutral,0.01894858739803525,0.03314688727339839,42,rolling,4,long,rejected,late_emerging_valid_supported,42,False,29,True,0.0312476408988304,0.0480096544615274,state_ext=neutral,0.03331468459625,0.0492242925766248,0,0,0.0,0,8,8,6,7.5,rejected,rejected,rejected,rejected,rejected,rejected,rejected,rejected,5,136,40,False,False,crypto-1d-02,SUSHI/USD|1d|state_ret_day=ret_day_flat + state_ext=neutral|rolling,False,research_only,False,False,0.02418261245363594,0.027912862217797693,regime_switching_research_only
DOGE/USD,1d,cross_USO_state_slope=uptrend + cross_TLT_state_slope=flat + state_ext=stretched_down,bear,BTC/USD,ok,481,41,0.04910102228604894,0.6585365853658537,1.7601674375642449,0.07837942126285302,False,0.00568994070669353,0.043411081579355415,cross_USO_state_slope=uptrend + cross_TLT_state_slope=flat,0.0383657037388863,0.010735318547162642,21,rolling,4,short,rejected,late_emerging_valid_supported,40,False,55,True,0.033801842475017,0.0267557157067297,cross_USO_state_slope=uptrend + cross_TLT_state_slope=flat,0.0057715464178957,0.0318801791765117,1,10,0.25,0,8,8,7,8.25,rejected,rejected,rejected,rejected,rejected,rejected,rejected,rejected,5,136,38,False,False,crypto-1d-01,,False,,,False,0.02609110615907284,0.0230099161269761,regime_switching_research_only
AAVE/USD,1d,cross_USO_state_slope=uptrend + cross_TLT_state_ext=neutral + state_ext=stretched_up,bear,BTC/USD,ok,481,9,0.04901533103554426,0.6666666666666666,1.4660495005650769,0.14263480185230915,False,-0.009803211926236514,0.05881854296178077,cross_USO_state_slope=uptrend + cross_TLT_state_ext=neutral,0.02121961462418734,0.02779571641135692,3,rolling,4,short,rejected,late_emerging_regime_switching,43,False,40,True,0.0738550586485203,0.07135214699339,cross_USO_state_slope=uptrend + state_ext=stretched_up,0.0090254179912946,3.6491645261094155e-09,2,11,0.5,0,8,8,8,9.0,rejected,rejected,rejected,rejected,rejected,rejected,rejected,rejected,5,136,50,False,False,crypto-1d-00,,False,,,False,0.04708826023500763,0.001927070800536626,unsupported
BCH/USD,1d,state_ret_day=ret_day_down + state_ext=neutral,bear,BTC/USD,ok,481,13,0.04425478767620199,0.6923076923076923,2.006075613540728,0.04484818125139589,False,-0.0016414836365081275,0.04589627131271012,state_ret_day=ret_day_down,0.006532610633973642,0.03772217704222834,29,rolling,4,long,rejected,late_emerging_valid_supported,33,False,28,True,0.0329225443917062,0.0397031581101572,state_ext=neutral,0.016171644722352,0.0398519360414875,0,0,0.0,0,8,8,7,7.75,rejected,rejected,rejected,rejected,rejected,rejected,rejected,rejected,5,136,29,False,False,crypto-1d-00,BCH/USD|1d|state_ret_day=ret_day_down + state_ext=neutral|rolling,False,research_only,False,False,0.009888464446325403,0.03436632322987658,unsupported
SOL/USD,1d,cross_TLT_state_slope=downtrend + state_ext=stretched_up,bear,BTC/USD,ok,452,20,0.04216882388017392,0.7,1.6544147531693993,0.09804327090817866,False,0.00548090682985157,0.03668791705032235,state_ext=stretched_up,0.016385079335717496,0.025783744544456425,38,rolling,4,short,rejected,late_emerging_valid_supported,78,False,17,True,0.0456382898565296,0.0428490830969105,cross_TLT_state_slope=downtrend,0.0197642045820936,0.0010895250320701,0,0,0.0,0,8,8,7,7.75,rejected,rejected,rejected,rejected,rejected,rejected,rejected,rejected,5,136,41,False,False,crypto-1d-02,,False,,,False,0.0018936536559422258,0.040275170224231695,regime_switching_research_only
SOL/USD,1d,cross_USO_state_slope=downtrend + cross_TLT_state_slope=uptrend + state_ext=stretched_down,bear,BTC/USD,ok,452,37,0.04080882374232806,0.5675675675675675,1.5907953625726186,0.111655636956691,False,-0.005880906829851569,0.04668973057217963,cross_USO_state_slope=downtrend + cross_TLT_state_slope=uptrend,0.020483567251657363,0.0203252564906707,25,rolling,4,long,rejected,late_emerging_recent_only,76,False,23,True,0.029499889655773,0.0392890964153921,cross_TLT_state_slope=uptrend + state_ext=stretched_down,0.0124172327827961,0.0485941424990525,1,1,0.25,0,7,7,7,8.0,rejected,rejected,rejected,rejected,rejected,rejected,rejected,rejected,3,136,44,False,False,crypto-1d-02,,False,,,False,0.006394233613944177,0.03441459012838388,regime_switching_research_only
DOT/USD,1d,cross_USO_state_ext=stretched_down + cross_TLT_state_slope=flat + state_ext=stretched_down,bear,BTC/USD,ok,223,32,0.03589504000806578,0.625,1.8089916015084488,0.07045230812587788,False,0.011264956948685099,0.02463008305938068,cross_USO_state_ext=stretched_down + cross_TLT_state_slope=flat,0.033444410659455484,0.002450629348610296,20,rolling,4,short,rejected,late_emerging_valid_supported,14,False,32,True,0.0520999112396103,0.0362642044266565,cross_USO_state_ext=stretched_down + cross_TLT_state_slope=flat,0.0060364860503393,0.0034840674429521,1,10,0.25,0,8,8,7,8.25,rejected,rejected,rejected,rejected,rejected,rejected,rejected,rejected,5,136,37,False,False,crypto-1d-01,,False,,,False,0.02322529492568148,0.0126697450823843,regime_switching_research_only
CRV/USD,1d,cross_USO_state_slope=uptrend + cross_TLT_state_ext=neutral + state_ext=stretched_down,bear,BTC/USD,ok,223,37,0.03470837865526507,0.6216216216216216,1.4474675089306535,0.14776603002680444,False,-0.0061788542615246475,0.040887232916789716,cross_USO_state_slope=uptrend + cross_TLT_state_ext=neutral,0.025582167325370456,0.009126211329894614,19,rolling,4,short,rejected,late_emerging_valid_supported,74,False,46,True,0.0385854801685687,0.0268708912709464,cross_USO_state_slope=uptrend + cross_TLT_state_ext=neutral,0.009181640579839,0.0432518223666926,1,10,0.25,0,8,8,7,8.25,rejected,rejected,rejected,rejected,rejected,rejected,rejected,rejected,5,136,51,False,False,crypto-1d-01,,False,,,False,0.029091010578050854,0.005617368077214215,regime_switching_research_only
SUSHI/USD,1d,cross_USO_state_slope=flat + cross_TLT_state_ext=neutral + state_ext=stretched_up,bear,BTC/USD,ok,481,5,0.0334781074344762,0.8,0.6275571343143099,0.5302940970031897,False,0.0029078217429439196,0.03057028569153228,cross_TLT_state_ext=neutral + state_ext=stretched_up,0.041550851184987796,-0.008072743750511598,20,rolling,4,short,rejected,late_emerging_recent_only,85,False,47,True,0.0538930587532616,0.0441310451905647,cross_USO_state_slope=flat + state_ext=stretched_up,0.0072562813540313,0.0013018850490071,1,1,0.25,0,8,8,7,8.25,rejected,rejected,rejected,rejected,rejected,rejected,rejected,rejected,5,136,103,False,False,crypto-1d-02,,False,,,False,0.0051957261456599705,0.028282381288816227,unsupported
CRV/USD,1d,cross_USO_state_vol=mid_vol + state_ext=stretched_down,bear,BTC/USD,ok,223,44,0.03315018012898571,0.75,1.569781941396965,0.116465850217365,False,-0.0061788542615246475,0.03932903439051036,cross_USO_state_vol=mid_vol,0.01827279426380058,0.014877385865185132,23,rolling,4,short,rejected,late_emerging_recent_only,112,False,61,True,0.0403681662810314,0.0286535773834091,cross_USO_state_vol=mid_vol,0.0002658765095567,0.0211470537751068,1,1,0.25,0,8,7,8,8.25,rejected,rejected,rejected,rejected,rejected,rejected,rejected,rejected,5,136,48,False,False,crypto-1d-01,,False,,,False,0.00892463802267501,0.024225542106310703,regime_switching_research_only
CRV/USD,1d,state_ext=stretched_up + state_vol=mid_vol,bear,BTC/USD,ok,223,9,0.029754862516294937,0.7777777777777778,1.7556092322948231,0.07915515473819656,False,-0.0061788542615246475,0.035933716777819584,state_ext=stretched_up,-2.885642543339289e-05,0.02978371894172833,39,rolling,4,short,rejected,late_emerging_valid_supported,80,False,18,True,0.0791283696394024,0.0674137807417801,state_ext=stretched_up,0.0429600496201927,0.0353963364869716,0,0,0.0,0,7,6,6,7.0,rejected,rejected,rejected,rejected,rejected,rejected,rejected,rejected,3,136,39,False,False,crypto-1d-01,CRV/USD|1d|state_ext=stretched_up + state_vol=mid_vol|rolling,False,research_only,False,False,0.0003037013103701608,0.029451161205924777,unsupported
CRV/USD,1d,cross_TLT_state_slope=uptrend + state_ext=stretched_up,bear,BTC/USD,ok,223,29,0.027952953763469134,0.6896551724137931,1.573315707119162,0.11564573411643986,False,-0.0061788542615246475,0.034131808024993784,state_ext=stretched_up,-2.885642543339289e-05,0.02798181018890253,8,rolling,4,short,rejected,late_emerging_recent_only,103,False,26,True,0.0617435022893327,0.0500289133917104,state_ext=stretched_up,0.0255751822701229,1.9414552632213145e-08,1,1,0.25,0,8,8,8,8.5,rejected,rejected,rejected,rejected,rejected,rejected,rejected,rejected,5,136,46,False,False,crypto-1d-01,,False,,,False,0.02672325909569034,0.001229694667778794,regime_switching_research_only
DOT/USD,1d,state_ext=stretched_up + state_vol=high_vol,bear,BTC/USD,ok,223,15,0.027316626803704797,0.8,1.8120346830706624,0.06998083761360907,False,0.011264956948685099,0.0160516698550197,state_ext=stretched_up,0.01865981073668315,0.008656816067021646,12,rolling,4,short,rejected,late_emerging_recent_only,68,False,29,True,0.0520715405075039,0.0362358336945502,state_ext=stretched_up,0.017851261325471,0.0001939052584718,1,1,0.25,0,8,8,8,8.5,rejected,rejected,rejected,rejected,rejected,rejected,rejected,rejected,3,136,36,False,False,crypto-1d-01,DOT/USD|1d|state_ext=stretched_up + state_vol=high_vol|rolling,False,research_only,False,False,0.0062117073013343025,0.021104919502370496,regime_switching_research_only
SUSHI/USD,1d,cross_USO_state_vol=mid_vol + state_ext=stretched_up,bear,BTC/USD,ok,481,48,0.027068268933038975,0.6875,1.1179581487609065,0.2635848681582307,False,0.0029078217429439196,0.024160447190095056,state_ext=stretched_up,0.01584677048356844,0.011221498449470537,54,rolling,4,short,rejected,late_emerging_valid_supported,182,False,25,True,0.04394298764409,0.034180974081393,cross_USO_state_vol=mid_vol,0.0123396890301899,0.0251132269360525,0,0,0.0,0,7,6,6,7.0,rejected,rejected,rejected,rejected,rejected,rejected,rejected,rejected,5,136,65,False,False,crypto-1d-02,,False,,,False,0.0005113686477535175,0.026556900285285456,regime_switching_research_only
CRV/USD,1d,cross_TLT_state_slope=downtrend + state_slope=flat,bear,BTC/USD,ok,223,11,0.025265287176518048,0.7272727272727273,1.974893593638455,0.04828022457191228,False,-0.0061788542615246475,0.031444141438042694,cross_TLT_state_slope=downtrend,-0.0030859945349052498,0.028351281711423298,9,rolling,4,short,rejected,late_emerging_recent_only,37,False,23,True,0.0462219155193992,0.0345073266217769,cross_TLT_state_slope=downtrend,0.0234926750286659,5.132532034135551e-05,1,1,0.25,0,8,8,8,8.5,rejected,rejected,rejected,rejected,rejected,rejected,rejected,rejected,5,136,32,False,False,crypto-1d-01,,False,,,False,0.03762178815357465,-0.012356500977056602,unsupported
SOL/USD,1d,cross_USO_state_slope=uptrend + cross_TLT_state_ext=neutral + state_ext=stretched_up,bear,BTC/USD,ok,452,5,0.024482221777418878,0.8,1.0584761083425787,0.28983843744603677,False,0.00548090682985157,0.019001314947567308,cross_TLT_state_ext=neutral + state_ext=stretched_up,0.04619556273042218,-0.0217133409530033,27,rolling,4,short,rejected,late_emerging_recent_only,24,False,31,True,0.0355425242092196,0.0327533174496005,cross_USO_state_slope=uptrend + state_ext=stretched_up,0.0049550068484702,0.0114430395667375,1,1,0.25,0,8,7,7,8.0,rejected,rejected,rejected,rejected,rejected,rejected,rejected,rejected,5,136,69,False,False,crypto-1d-02,,False,,,False,0.021824419370510377,0.0026578024069085007,unsupported
BCH/USD,1d,cross_USO_state_slope=uptrend + state_slope=flat,bear,BTC/USD,ok,481,49,0.024171705120628263,0.5918367346938775,0.9941147245115479,0.32016701757350097,False,0.0012414836365081344,0.022930221484120127,cross_USO_state_slope=uptrend,0.012286835907531756,0.011884869213096507,40,rolling,4,short,rejected,late_emerging_valid_supported,93,False,89,True,0.0153771648551883,0.0155965511367373,cross_USO_state_slope=uptrend,0.0047897226491967,0.0394451520679339,0,0,0.0,0,8,7,5,7.0,rejected,rejected,rejected,rejected,rejected,rejected,rejected,rejected,5,136,76,False,False,crypto-1d-00,,False,,,False,0.00995398722236363,0.014217717898264632,regime_switching_research_only
SUSHI/USD,1d,state_volume=vol_normal + state_ext=stretched_up,bear,BTC/USD,ok,481,26,0.023621302294282984,0.6153846153846154,0.6965795866985912,0.48606593452069946,False,0.0029078217429439196,0.020713480551339064,state_ext=stretched_up,0.01584677048356844,0.007774531810714545,8,rolling,4,short,rejected,late_emerging_valid_supported,125,False,31,True,0.0547339528438434,0.0449719392811464,state_ext=stretched_up,0.0282761367487299,0.0161031458281351,1,1000,0.25,0,8,8,8,8.5,rejected,rejected,rejected,rejected,provisional,rejected,rejected,rejected,5,136,98,False,False,crypto-1d-02,,False,,,False,0.03696106109057149,-0.013339758796288508,regime_switching_research_only
SUSHI/USD,1d,cross_USO_state_slope=uptrend + cross_TLT_state_ext=neutral + state_ext=stretched_down,bear,BTC/USD,ok,481,36,0.023580325320682462,0.5833333333333334,0.8133111729717281,0.4160396727304676,False,0.0029078217429439196,0.020672503577738543,cross_USO_state_slope=uptrend + cross_TLT_state_ext=neutral,0.030701594735834316,-0.007121269415151853,19,rolling,4,short,rejected,late_emerging_valid_supported,43,False,81,True,0.0301775737496819,0.020415560186985,cross_USO_state_slope=uptrend + cross_TLT_state_ext=neutral,0.0080774708269084,0.0378520662920496,1,10,0.25,0,8,8,7,8.25,rejected,rejected,rejected,rejected,rejected,rejected,rejected,rejected,5,136,89,False,False,crypto-1d-02,,False,,,False,0.013359117894192227,0.010221207426490235,regime_switching_research_only
LTC/USD,1d,cross_USO_state_slope=uptrend + cross_TLT_state_ext=neutral + state_ext=stretched_down,bear,BTC/USD,ok,481,39,0.02350250512518464,0.5128205128205128,1.2690449177854322,0.2044250441275719,False,-0.0015229865555246454,0.025025491680709284,cross_USO_state_slope=uptrend + cross_TLT_state_ext=neutral,0.01555899968199782,0.00794350544318682,47,rolling,4,short,rejected,late_emerging_valid_supported,52,False,65,True,0.0232455147585591,0.0210564345300172,cross_USO_state_slope=uptrend + state_ext=stretched_down,0.0025757321972328,0.043604401360993,0,0,0.0,0,8,8,6,7.5,rejected,rejected,rejected,rejected,rejected,rejected,rejected,rejected,5,136,58,False,False,crypto-1d-02,,False,,,False,0.005368409481029921,0.01813409564415472,regime_switching_research_only
BCH/USD,1d,state_ext=neutral + state_vol=mid_vol,bear,BTC/USD,ok,481,15,0.022761821327277356,0.6,0.6622482366860244,0.5078121448842516,False,-0.0016414836365081275,0.024403304963785483,state_ext=neutral,-0.0004258270812331029,0.02318764840851046,6,rolling,4,long,rejected,late_emerging_recent_only,42,False,32,True,0.0352683641508737,0.0420489778693247,state_ext=neutral,0.0185174644815196,0.0312322491616021,1,1,0.25,0,8,8,8,8.5,rejected,rejected,rejected,rejected,rejected,rejected,rejected,rejected,5,136,101,False,False,crypto-1d-00,BCH/USD|1d|state_ext=neutral + state_vol=mid_vol|rolling,False,research_only,False,False,0.009793001772612895,0.012968819554664461,regime_switching_research_only
DOT/USD,1d,state_weekpart=weekday + state_ext=neutral,bear,BTC/USD,ok,223,11,0.02213603507579121,0.6363636363636364,1.433620481284236,0.15168059550857738,False,0.011264956948685099,0.01087107812710611,state_weekpart=weekday,0.008021948350986153,0.014114086724805056,26,rolling,4,short,rejected,late_emerging_recent_only,69,False,24,True,0.0430409216094062,0.0272052147964524,state_ext=neutral,0.0270915968874765,0.0456916230708299,1,1,0.25,0,8,8,6,8.0,rejected,rejected,rejected,rejected,rejected,rejected,rejected,rejected,5,136,52,False,False,crypto-1d-01,DOT/USD|1d|state_weekpart=weekday + state_ext=neutral|rolling,False,research_only,False,False,0.014506179496243736,0.007629855579547472,unsupported
XRP/USD,1d,cross_TLT_state_slope=uptrend + state_ext=stretched_up,bear,BTC/USD,ok,207,11,0.022130744234384575,0.6363636363636364,1.9964294584059434,0.04588719697529875,False,0.004051566326740499,0.018079177907644076,state_ext=stretched_up,0.016432989594342976,0.005697754640041599,15,rolling,4,short,rejected,late_emerging_valid_supported,105,False,15,True,0.0375104371146984,0.0297705664324938,state_ext=stretched_up,0.0123943429417565,0.0002030086043107,1,10,0.25,0,8,8,7,8.25,rejected,rejected,rejected,rejected,rejected,rejected,rejected,rejected,5,136,31,False,False,crypto-1d-02,,False,,,False,0.014237357433532171,0.007893386800852404,unsupported
AAVE/USD,1d,cross_TLT_state_vol=high_vol + state_ext=stretched_up,bear,BTC/USD,ok,481,48,0.021423548686711372,0.5625,0.8869768028771277,0.37509138966348754,False,0.009403211926236525,0.012020336760474848,state_ext=stretched_up,0.021868455313169034,-0.0004449066264576619,18,rolling,4,long,rejected,late_emerging_valid_supported,122,False,15,True,0.0738628449143631,0.0833657565694934,cross_TLT_state_vol=high_vol,0.0017468908718151,0.0234620869106974,1,10,0.25,0,7,7,7,8.0,rejected,rejected,rejected,rejected,rejected,rejected,rejected,rejected,5,136,83,False,False,crypto-1d-00,,False,,,False,0.03392041534996974,-0.01249686666325837,regime_switching_research_only
SUSHI/USD,1d,cross_USO_state_ext=stretched_up + state_ext=stretched_up,bear,BTC/USD,ok,481,35,0.020836541142800286,0.6857142857142857,1.0006701510454037,0.31698630266455785,False,0.0029078217429439196,0.017928719399856366,state_ext=stretched_up,0.01584677048356844,0.004989770659231847,5,rolling,4,short,rejected,late_emerging_regime_switching,210,False,47,True,0.0546771329551499,0.0449151193924529,state_ext=stretched_up,0.0282193168600364,0.0002787960010768,2,11,0.5,0,8,7,8,8.75,rejected,rejected,rejected,rejected,rejected,rejected,rejected,rejected,5,136,75,False,False,crypto-1d-02,,False,,,False,0.02551294851616985,-0.004676407373369565,regime_switching_research_only
AVAX/USD,1d,cross_USO_state_slope=uptrend + state_slope=uptrend,bear,BTC/USD,ok,481,7,0.02024096776098125,0.5714285714285714,0.87373399534258,0.3822631329876889,False,0.004908754160857508,0.01533221360012374,cross_USO_state_slope=uptrend,0.016837240943355838,0.003403726817625411,5,rolling,4,short,rejected,late_emerging_recent_only,52,False,39,True,0.0397926419857728,0.0355948495817298,cross_USO_state_slope=uptrend,0.0221395936219767,0.000162814615841,1,1,0.25,0,8,8,8,8.5,rejected,rejected,rejected,rejected,rejected,rejected,rejected,rejected,5,136,84,False,False,crypto-1d-00,,False,,,False,0.02687210412104492,-0.006631136360063673,unsupported
LINK/USD,1d,cross_USO_state_ext=stretched_up + cross_TLT_state_slope=flat + state_ext=stretched_up,bear,BTC/USD,ok,481,17,0.02023639305389799,0.35294117647058826,0.3801455477623747,0.7038373769065063,False,-0.0007248121954760898,0.020961205249374077,cross_USO_state_ext=stretched_up + cross_TLT_state_slope=flat,0.03464805322151795,-0.01441166016761996,42,rolling,4,short,rejected,late_emerging_valid_supported,66,False,50,True,0.028344215330683,0.0267459856366824,cross_USO_state_ext=stretched_up + state_ext=stretched_up,0.0061325469088434,0.0366517110551742,0,0,0.0,0,8,6,6,7.0,rejected,rejected,rejected,rejected,rejected,rejected,rejected,rejected,5,136,114,False,False,crypto-1d-01,,False,,,False,0.021659716464104636,-0.001423323410206647,regime_switching_research_only
LINK/USD,1d,cross_USO_state_slope=uptrend + state_slope=uptrend,bear,BTC/USD,ok,481,18,0.0199675119867343,0.4444444444444444,0.4583801676128603,0.6466793375045823,False,-0.0007248121954760898,0.020692324182210387,state_slope=uptrend,0.030384466601413734,-0.010416954614679435,10,rolling,4,short,rejected,late_emerging_recent_only,48,False,36,True,0.0361099907342529,0.0345117610402524,cross_USO_state_slope=uptrend,0.0229373504897756,0.0006931653423809,1,1,0.25,0,8,8,8,8.5,rejected,rejected,rejected,rejected,rejected,rejected,rejected,rejected,5,136,110,False,False,crypto-1d-01,,False,,,False,0.023089352898513507,-0.0031218409117792084,regime_switching_research_only
LTC/USD,1d,cross_USO_state_slope=uptrend + state_slope=downtrend,bear,BTC/USD,ok,481,41,0.019368145094558982,0.5609756097560976,1.0069069800737955,0.31397947737168463,False,-0.0015229865555246454,0.020891131650083626,state_slope=downtrend,0.005267649857228435,0.014100495237330547,43,rolling,4,short,rejected,late_emerging_valid_supported,49,False,59,True,0.0243183140556868,0.0221292338271449,cross_USO_state_slope=uptrend,0.0134777273123748,0.0445943052388204,0,0,0.0,0,8,8,6,7.5,rejected,rejected,rejected,rejected,rejected,rejected,rejected,rejected,5,136,74,False,False,crypto-1d-02,,False,,,False,0.019358256541489306,9.888553069676426e-06,regime_switching_research_only
UNI/USD,1d,cross_USO_state_ext=stretched_up + state_ext=stretched_up,bear,BTC/USD,ok,481,30,0.018737847815213392,0.5333333333333333,0.9899276241316373,0.32220949621677386,False,-0.005108010175154697,0.023845857990368088,cross_USO_state_ext=stretched_up,0.01596364076456822,0.002774207050645173,48,rolling,4,short,rejected,late_emerging_valid_supported,206,False,66,True,0.0358136541416566,0.0337510817428693,state_ext=stretched_up,0.0216715177448155,0.0080530917029357,0,0,0.0,0,8,7,6,7.25,rejected,rejected,rejected,rejected,rejected,rejected,rejected,rejected,5,136,77,False,False,crypto-1d-02,,False,,,False,0.014938291748205823,0.0037995560670075687,regime_switching_research_only
SUSHI/USD,1d,cross_USO_state_ext=stretched_up + cross_TLT_state_slope=flat + state_ext=stretched_up,bear,BTC/USD,ok,481,9,0.0182336360010551,0.6666666666666666,1.628530809488139,0.10341238188804125,False,0.0029078217429439196,0.015325814258111182,cross_USO_state_ext=stretched_up + cross_TLT_state_slope=flat,0.05589489012144205,-0.03766125412038694,35,rolling,4,short,rejected,late_emerging_recent_only,58,False,37,True,0.0594822813822414,0.0497202678195445,cross_USO_state_ext=stretched_up + state_ext=stretched_up,0.0048051484270915,0.0010422120170683,1,1,0.25,0,8,6,7,7.75,rejected,rejected,rejected,rejected,rejected,rejected,rejected,rejected,3,136,43,False,False,crypto-1d-02,,False,,,False,0.019033066889978557,-0.000799430888923456,unsupported
DOGE/USD,1d,cross_USO_state_slope=uptrend + cross_TLT_state_ext=neutral + state_ext=stretched_down,bear,BTC/USD,ok,481,48,0.01784069788440761,0.5208333333333334,1.1049222049659042,0.269193299877136,False,0.00568994070669353,0.012150757177714078,cross_USO_state_slope=uptrend + cross_TLT_state_ext=neutral,0.01675637636089145,0.0010843215235161602,22,rolling,4,short,rejected,late_emerging_valid_supported,41,False,80,True,0.0270145018776517,0.0199683751093643,cross_USO_state_slope=uptrend + cross_TLT_state_ext=neutral,0.0014009931849314,0.0233876457208386,1,10,0.25,0,8,8,7,8.25,rejected,rejected,rejected,rejected,rejected,rejected,rejected,rejected,5,136,66,False,False,crypto-1d-01,,False,,,False,0.011808318197091227,0.006032379687316382,regime_switching_research_only
DOT/USD,1d,cross_TLT_state_ext=neutral + state_ext=stretched_up,bear,BTC/USD,ok,223,9,0.017808138077300237,0.7777777777777778,1.5314008099169438,0.12567036405943544,False,0.011264956948685099,0.006543181128615138,cross_TLT_state_ext=neutral,0.026625230913470393,-0.008817092836170156,27,rolling,4,short,rejected,late_emerging_valid_supported,135,False,51,True,0.0466896913537302,0.0308539845407765,state_ext=stretched_up,0.0124694121716973,0.0014815464516049,1,10,0.25,0,8,7,7,8.0,rejected,rejected,rejected,rejected,rejected,rejected,rejected,rejected,5,136,49,False,False,crypto-1d-01,,False,,,False,0.005665037188324398,0.012143100888975838,unsupported
DOT/USD,1d,state_ret_day=ret_day_up + state_ext=stretched_up,bear,BTC/USD,ok,223,8,0.01712128038775117,0.75,0.8552528571389421,0.39241117990610563,False,0.011264956948685099,0.005856323439066072,state_ext=stretched_up,0.01865981073668315,-0.0015385303489319803,37,rolling,4,short,rejected,late_emerging_valid_supported,88,False,30,True,0.0344991586464741,0.0186634518335204,state_ext=stretched_up,0.0002788794644413,0.0403071758302753,0,0,0.0,0,8,7,6,7.25,rejected,rejected,rejected,rejected,rejected,rejected,rejected,rejected,5,136,86,False,False,crypto-1d-01,DOT/USD|1d|state_ret_day=ret_day_up + state_ext=stretched_up|rolling,False,research_only,False,False,0.011130256262712078,0.005991024125039093,unsupported
SUSHI/USD,1d,state_volume=vol_quiet + state_ext=stretched_up,bear,BTC/USD,ok,481,19,0.016952228095394102,0.7368421052631579,1.2222096304534105,0.22162836292792143,False,0.0029078217429439196,0.014044406352450182,state_ext=stretched_up,0.01584677048356844,0.0011054576118256637,31,rolling,4,short,rejected,late_emerging_recent_only,145,False,40,True,0.0430409322900575,0.0332789187273605,state_ext=stretched_up,0.016583116194944,0.0026186550266198,1,1,0.25,0,7,6,7,7.75,rejected,rejected,rejected,rejected,rejected,rejected,rejected,rejected,5,136,61,False,False,crypto-1d-02,,False,,,False,0.00799552828195289,0.008956699813441212,regime_switching_research_only
DOT/USD,1d,cross_USO_state_slope=uptrend + state_ext=stretched_up,bear,BTC/USD,ok,223,11,0.016506922201028486,0.7272727272727273,0.9496077000233778,0.3423116244848199,False,0.011264956948685099,0.005241965252343387,state_ext=stretched_up,0.01865981073668315,-0.002152888535654665,13,rolling,4,short,rejected,late_emerging_recent_only,24,False,39,True,0.0448530282217905,0.0290173214088368,state_ext=stretched_up,0.0106327490397577,0.0003710372841794,1,1,0.25,0,8,8,8,8.5,rejected,rejected,rejected,rejected,rejected,rejected,rejected,rejected,5,136,80,False,False,crypto-1d-01,,False,,,False,0.03125904605968525,-0.014752123858656763,unsupported
AAVE/USD,1d,cross_USO_state_slope=uptrend + state_ext=stretched_up,bear,BTC/USD,ok,481,30,0.016445719933471162,0.5666666666666667,0.6731179144001098,0.5008722777738877,False,-0.009803211926236514,0.026248931859707676,cross_USO_state_slope=uptrend,0.01913964976378902,-0.0026939298303178573,2,rolling,4,short,rejected,late_emerging_regime_switching,80,False,56,True,0.0648296406572256,0.0623267290020953,cross_USO_state_slope=uptrend,0.0425320659704687,3.72311070861997e-11,2,11,0.5,0,8,8,8,9.0,rejected,rejected,rejected,rejected,rejected,rejected,rejected,rejected,5,136,100,False,False,crypto-1d-00,,False,,,False,0.04295533939125402,-0.026509619457782855,regime_switching_research_only
BCH/USD,1d,cross_USO_state_ext=stretched_down + state_ext=neutral,bear,BTC/USD,ok,481,22,0.0163780396995324,0.5,0.7668829228270341,0.4431511279019693,False,-0.0016414836365081275,0.018019523336040528,cross_USO_state_ext=stretched_down,0.009393569834253684,0.006984469865278717,20,rolling,4,long,rejected,late_emerging_valid_supported,63,False,18,True,0.0588585342800632,0.0656391479985142,state_ext=neutral,0.042107634610709,0.0303702518739901,0,0,0.0,0,8,8,8,8.0,rejected,rejected,rejected,rejected,rejected,rejected,rejected,rejected,5,136,91,False,False,crypto-1d-00,,False,,,False,0.02050096904433224,-0.004122929344799839,regime_switching_research_only
BTC/USD,1d,state_ext=neutral + state_vol=mid_vol,bear,BTC/USD,ok,481,30,0.016317640515003267,0.5666666666666667,0.9075715242818656,0.36410464472040394,False,0.0006290702691403881,0.015688570245862878,state_vol=mid_vol,0.018395007094893636,-0.002077366579890369,34,rolling,4,short,rejected,late_emerging_valid_supported,53,False,34,True,0.0200330315018162,0.0211067097517377,state_vol=mid_vol,0.0143478061542676,0.0305562267544976,0,0,0.0,0,8,8,6,7.5,rejected,rejected,rejected,rejected,rejected,rejected,rejected,rejected,5,136,81,False,False,crypto-1d-00,BTC/USD|1d|state_ext=neutral + state_vol=mid_vol|rolling,False,research_only,False,False,0.008505263454046072,0.007812377060957195,regime_switching_research_only
DOT/USD,1d,cross_USO_state_ext=stretched_down + state_ext=stretched_down,bear,BTC/USD,ok,223,77,0.01537127689583903,0.5324675324675324,1.1468986386047475,0.2514235154230866,False,0.011264956948685099,0.004106319947153931,cross_USO_state_ext=stretched_down,0.014073461218164817,0.0012978156776742127,34,rolling,4,short,rejected,late_emerging_valid_supported,111,False,73,True,0.0298155832663,0.0139798764533463,cross_USO_state_ext=stretched_down,0.0008198439287995,0.0164588606321907,0,0,0.0,0,8,8,6,7.5,rejected,rejected,rejected,rejected,rejected,rejected,rejected,rejected,5,136,63,False,False,crypto-1d-01,,False,,,False,0.0074362565641755566,0.007935020331663472,regime_switching_research_only
XRP/USD,1d,cross_USO_state_slope=uptrend + state_slope=flat,bear,BTC/USD,ok,207,25,0.015084418203945092,0.64,1.3780448942996095,0.16818942759441313,False,-0.004451566326740498,0.019535984530685592,state_slope=flat,-1.603101590731863e-05,0.01510044921985241,40,rolling,4,long,rejected,late_emerging_valid_supported,29,False,57,True,0.0147725220149678,0.0295123926971724,state_slope=flat,0.0107775199014456,0.0360202137331788,0,0,0.0,0,8,8,7,7.75,rejected,rejected,rejected,rejected,rejected,rejected,rejected,rejected,5,136,54,False,False,crypto-1d-02,,False,,,False,0.008867730480933683,0.00621668772301141,regime_switching_research_only
SUSHI/USD,1d,state_ret_day=ret_day_up + state_ext=stretched_up,bear,BTC/USD,ok,481,44,0.014320182859637754,0.6136363636363636,0.7482456593040571,0.45431199493133967,False,0.0029078217429439196,0.011412361116693834,state_ext=stretched_up,0.01584677048356844,-0.0015265876239306843,34,rolling,4,short,rejected,late_emerging_recent_only,195,False,72,True,0.0352993411574836,0.0255373275947867,state_ret_day=ret_day_up,0.0052965340886487,0.047916866895834,1,1,0.25,0,8,7,6,7.75,rejected,rejected,rejected,rejected,rejected,rejected,rejected,rejected,5,136,95,False,False,crypto-1d-02,SUSHI/USD|1d|state_ret_day=ret_day_up + state_ext=stretched_up|rolling,False,research_only,False,False,0.005063495443231925,0.00925668741640583,regime_switching_research_only
CRV/USD,1d,state_ret_day=ret_day_flat + state_ext=stretched_up,bear,BTC/USD,ok,223,18,0.014259113604136306,0.5555555555555556,0.561190764058295,0.5746674984972269,False,-0.0061788542615246475,0.020437967865660954,state_ret_day=ret_day_flat,0.007097416388396316,0.00716169721573999,31,rolling,4,short,rejected,late_emerging_valid_supported,46,False,38,True,0.0382024246742985,0.0264878357766762,state_ext=stretched_up,0.0020341046550887,0.0380169016320639,0,0,0.0,0,8,8,7,7.75,rejected,rejected,rejected,rejected,rejected,rejected,rejected,rejected,5,136,105,False,False,crypto-1d-01,CRV/USD|1d|state_ret_day=ret_day_flat + state_ext=stretched_up|rolling,False,research_only,False,False,0.008780016777047674,0.005479096827088631,regime_switching_research_only
BTC/USD,1d,cross_USO_state_vol=low_vol + state_ext=stretched_up,bear,BTC/USD,ok,481,9,0.013973340713365673,0.5555555555555556,1.200933948224179,0.22977682423447554,False,0.0006290702691403881,0.013344270444225285,cross_USO_state_vol=low_vol,0.007795433841510374,0.006177906871855299,14,rolling,4,short,rejected,late_emerging_recent_only,174,False,57,True,0.0143403455134545,0.015414023763376,cross_USO_state_vol=low_vol,0.0138786359121817,0.0151628443755882,1,1,0.25,0,8,8,7,8.25,rejected,rejected,rejected,rejected,rejected,rejected,rejected,rejected,5,136,62,False,False,crypto-1d-00,,False,,,False,5.2362765801230634e-05,0.013920977947564443,unsupported
LTC/USD,1d,cross_USO_state_slope=uptrend + state_ext=stretched_down,bear,BTC/USD,ok,481,75,0.013436365058754672,0.4666666666666667,0.7536242573250285,0.4510748743823987,False,-0.0015229865555246454,0.014959351614279318,cross_USO_state_slope=uptrend,0.004282173253112073,0.009154191805642599,44,rolling,4,short,rejected,late_emerging_valid_supported,109,False,97,True,0.0206697825613263,0.0184807023327844,cross_USO_state_slope=uptrend,0.0098291958180142,0.0325678356603589,0,0,0.0,0,8,8,6,7.5,rejected,rejected,rejected,rejected,rejected,rejected,rejected,rejected,5,136,94,False,False,crypto-1d-02,,False,,,False,0.0057566260687968674,0.007679738989957804,regime_switching_research_only
XRP/USD,1d,cross_TLT_state_slope=uptrend + state_slope=flat,bear,BTC/USD,ok,207,36,0.012567243287221728,0.6111111111111112,1.2724038957752193,0.2032296506090714,False,0.004051566326740499,0.008515676960481229,state_slope=flat,-0.0003839689840926858,0.012951212271314414,49,rolling,4,short,rejected,late_emerging_valid_supported,65,False,29,True,0.0170540795423139,0.0093142088601093,cross_TLT_state_slope=uptrend,0.0142418288408886,0.0448703184338663,0,0,0.0,0,8,8,5,7.25,rejected,rejected,rejected,rejected,rejected,rejected,rejected,rejected,3,136,57,False,False,crypto-1d-02,,False,,,False,0.0004104564002204681,0.01215678688700126,regime_switching_research_only
LTC/USD,1d,cross_USO_state_slope=uptrend + cross_TLT_state_ext=neutral + state_ext=stretched_up,bear,BTC/USD,ok,481,7,0.012191586031013548,0.8571428571428571,1.6515654737216188,0.09862316326332587,False,-0.0015229865555246454,0.013714572586538194,cross_TLT_state_ext=neutral + state_ext=stretched_up,0.024333400856643816,-0.012141814825630268,28,rolling,4,short,rejected,late_emerging_recent_only,33,False,37,True,0.0195778223811629,0.017388742152621,cross_USO_state_slope=uptrend + state_ext=stretched_up,0.0003307204637394,0.0360844109869677,1,1,0.25,0,8,6,8,8.0,rejected,rejected,rejected,rejected,rejected,rejected,rejected,rejected,5,136,42,False,False,crypto-1d-02,,False,,,False,0.0013811556895027962,0.010810430341510753,unsupported
ETH/USD,1d,cross_USO_state_vol=mid_vol + state_ext=stretched_down,bear,BTC/USD,ok,481,153,0.011676423221525583,0.5228758169934641,1.1274835228183222,0.25953810320080906,False,-0.0002810016380972383,0.01195742485962282,cross_USO_state_vol=mid_vol,0.010813091181849565,0.0008633320396760173,33,rolling,4,short,rejected,late_emerging_valid_supported,190,False,75,True,0.0334917202533297,0.0356002680107532,cross_USO_state_vol=mid_vol,0.0157307595694545,0.0373221300900783,0,0,0.0,0,8,8,6,7.5,rejected,rejected,rejected,rejected,rejected,rejected,rejected,rejected,5,136,64,False,False,crypto-1d-01,,False,,,False,0.0054342130967254074,0.006242210124800175,regime_switching_research_only
SOL/USD,1d,cross_TLT_state_ext=stretched_down + state_ext=stretched_down,bear,BTC/USD,ok,452,130,0.011424890563440223,0.5846153846153846,0.5243254134772497,0.6000522239240438,False,0.00548090682985157,0.005943983733588653,cross_TLT_state_ext=stretched_down,0.010279186455717852,0.0011457041077223718,32,rolling,4,short,rejected,late_emerging_recent_only,213,False,16,True,0.0220823093521289,0.0192931025925097,cross_TLT_state_ext=stretched_down,0.0147296879935666,0.0428406804430814,1,1,0.25,0,7,7,6,7.75,rejected,rejected,rejected,rejected,rejected,rejected,rejected,rejected,3,136,106,False,False,crypto-1d-02,,False,,,False,0.00588925289724633,0.005535637666193893,regime_switching_research_only
CRV/USD,1d,state_ext=stretched_up + state_slope=flat,bear,BTC/USD,ok,223,22,0.01057483877382407,0.6363636363636364,0.6758412278350107,0.4991414557629017,False,-0.0061788542615246475,0.016753693035348717,state_ext=stretched_up,-2.885642543339289e-05,0.010603695199257463,32,rolling,4,short,rejected,late_emerging_valid_supported,52,False,35,True,0.062653108080759,0.0509385191831368,state_ext=stretched_up,0.0264847880615493,0.0102946759220603,0,0,0.0,0,8,8,6,7.5,rejected,rejected,rejected,rejected,rejected,rejected,rejected,rejected,3,136,99,False,False,crypto-1d-01,CRV/USD|1d|state_ext=stretched_up + state_slope=flat|rolling,False,research_only,False,False,0.02436395883613977,-0.0137891200623157,regime_switching_research_only
LTC/USD,1d,cross_USO_state_slope=uptrend + cross_TLT_state_slope=uptrend + state_ext=neutral,bear,BTC/USD,ok,481,9,0.009960224737272393,0.7777777777777778,1.0965320471030282,0.27284600674693316,False,0.0011229865555246444,0.008837238181747748,cross_USO_state_slope=uptrend + state_ext=neutral,0.022164913845067743,-0.01220468910779535,45,rolling,4,long,rejected,late_emerging_valid_supported,6,False,16,True,0.0150357412300262,0.0242248214585681,cross_USO_state_slope=uptrend + state_ext=neutral,0.004720611760396,0.0211466401370159,0,0,0.0,0,8,7,7,7.5,rejected,rejected,rejected,rejected,rejected,rejected,rejected,rejected,5,136,67,False,False,crypto-1d-02,,False,,,False,0.008227563823205617,0.0017326609140667758,unsupported
SOL/USD,1d,cross_USO_state_vol=high_vol + state_ext=neutral,bear,BTC/USD,ok,452,19,0.009749340980484108,0.47368421052631576,0.7628273837101358,0.44556634768418046,False,-0.005880906829851569,0.015630247810335677,cross_USO_state_vol=high_vol,0.013521764730896908,-0.0037724237504128,2,rolling,4,long,survived,clean_survivor_wf_failed,19,True,29,True,0.0178164357867568,0.0276056425463759,state_ext=neutral,0.0103873628597318,0.0447526989612445,0,0,0.0,6,8,8,7,16.75,survived,survived,survived,rejected,rejected,survived,survived,survived,5,136,92,False,False,crypto-1d-02,,False,,,False,0.04384541662764107,-0.03409607564715696,regime_switching_research_only
BTC/USD,1d,cross_USO_state_vol=high_vol + state_ext=stretched_up,bear,BTC/USD,ok,481,28,0.008135890344228878,0.6428571428571429,0.7346691837077002,0.4625409924163093,False,-0.0010290702691403912,0.009164960613369268,cross_USO_state_vol=high_vol,0.007938780854679438,0.00019710948954944005,16,rolling,4,long,rejected,late_emerging_valid_supported,60,False,105,True,0.0136404591200567,0.0195667808701353,cross_USO_state_vol=high_vol,0.0089305913533929,0.0326720918667231,1,10,0.25,0,8,8,7,8.25,rejected,rejected,rejected,rejected,rejected,rejected,rejected,rejected,5,136,97,False,False,crypto-1d-00,,False,,,False,0.011680557385998758,-0.0035446670417698806,regime_switching_research_only
DOT/USD,1h,state_ret_day=ret_day_up + state_ext=stretched_down,bear,BTC/USD,ok,2785,8,0.007898423334203118,0.625,0.9866763454673366,0.3238013298570803,False,0.0003225903269501033,0.007575833007253015,state_ret_day=ret_day_up,0.0011705570014349934,0.006727866332768125,7,rolling,4,short,rejected,late_emerging_valid_supported,27,False,18,True,0.007070945126099,0.0104347015213906,state_ret_day=ret_day_up,0.0085933029865968,0.002839945420183,0,0,0.0,0,8,8,8,8.0,rejected,rejected,rejected,rejected,rejected,rejected,rejected,rejected,5,136,78,False,False,crypto-1h-01,,False,,,False,0.004618936125384502,0.0032794872088186162,unsupported
DOGE/USD,1d,state_volume=vol_quiet + state_ext=stretched_down,bear,BTC/USD,ok,481,154,0.007390772265988623,0.5714285714285714,0.8597027965638513,0.3899528928202085,False,0.00568994070669353,0.0017008315592950927,state_volume=vol_quiet,0.007143720887181905,0.00024705137880671763,36,rolling,4,short,rejected,late_emerging_valid_supported,255,False,135,True,0.021372881347497,0.0143267545792097,state_volume=vol_quiet,0.0105942549618951,0.0446377651465774,0,0,0.0,0,8,8,5,7.25,rejected,rejected,rejected,rejected,rejected,rejected,rejected,rejected,5,136,85,False,False,crypto-1d-01,,False,,,False,0.010892691960247747,-0.003501919694259124,regime_switching_research_only
XRP/USD,1h,cross_USO_state_slope=uptrend + cross_TLT_state_slope=uptrend + state_ext=stretched_down,bear,BTC/USD,ok,2791,55,0.006297075205562732,0.5818181818181818,1.8772718675596263,0.060480841922606166,False,-0.0008324190624128295,0.007129494267975561,cross_TLT_state_slope=uptrend + state_ext=stretched_down,0.004222327905094267,0.0020747473004684653,18,rolling,4,long,rejected,late_emerging_valid_supported,26,False,59,True,0.005167794461248,0.0086067668194469,cross_TLT_state_slope=uptrend + state_ext=stretched_down,0.0019979618053663,0.0394904838754537,0,0,0.0,0,8,8,6,7.5,rejected,rejected,rejected,rejected,rejected,rejected,rejected,rejected,5,136,34,False,False,crypto-1h-02,,False,,,False,0.005044871136796893,0.0012522040687658392,regime_switching_research_only
BCH/USD,1d,cross_USO_state_slope=downtrend + state_ext=neutral,bear,BTC/USD,ok,481,28,0.005807576397540598,0.5,0.280227669114017,0.7793028398478588,False,-0.0016414836365081275,0.007449060034048725,cross_USO_state_slope=downtrend,0.0030709102056076317,0.002736666191932966,10,rolling,4,long,rejected,late_emerging_valid_supported,68,False,20,True,0.0466698457879844,0.0534504595064354,state_ext=neutral,0.0299189461186302,0.0325062143662238,1,10,0.25,0,8,8,7,8.25,rejected,rejected,rejected,rejected,rejected,rejected,rejected,rejected,5,136,120,False,False,crypto-1d-00,,False,,,False,0.011155894831821401,-0.0053483184342808035,regime_switching_research_only
UNI/USD,1d,cross_USO_state_vol=low_vol + state_ext=stretched_up,bear,BTC/USD,ok,481,12,0.005561182281202062,0.6666666666666666,0.4045755896687683,0.685789504587925,False,-0.005108010175154697,0.010669192456356759,cross_USO_state_vol=low_vol,-0.004433921045605853,0.009995103326807916,6,rolling,4,short,rejected,late_emerging_regime_switching,154,False,53,True,0.0420626106020483,0.040000038203261,cross_USO_state_vol=low_vol,0.0205775428467625,0.0001944587868201,2,1001,0.5,0,8,8,7,8.75,rejected,rejected,rejected,rejected,rejected,rejected,rejected,rejected,5,136,111,False,False,crypto-1d-02,,False,,,False,0.004532278434905207,0.001028903846296855,unsupported
LTC/USD,1d,cross_USO_state_slope=uptrend + state_ext=stretched_up,bear,BTC/USD,ok,481,13,0.005163702416918285,0.6153846153846154,0.8040074829041287,0.4213926534404069,False,-0.0015229865555246454,0.00668668897244293,cross_USO_state_slope=uptrend,0.004282173253112073,0.0008815291638062115,18,rolling,4,short,rejected,late_emerging_recent_only,60,False,44,True,0.0192471019174234,0.0170580216888815,state_ext=stretched_up,0.0083934318660926,0.0119634796765499,1,1,0.25,0,8,7,8,8.25,rejected,rejected,rejected,rejected,rejected,rejected,rejected,rejected,5,136,90,False,False,crypto-1d-02,,False,,,False,0.013219602099757364,-0.008055899682839079,unsupported
BCH/USD,1d,state_ext=neutral + state_slope=uptrend,bear,BTC/USD,ok,481,16,0.0047033790328547265,0.375,0.1577650361317245,0.8746419506861007,False,-0.0016414836365081275,0.006344862669362854,state_slope=uptrend,0.0009082017339923859,0.0037951772988623405,26,rolling,4,long,rejected,late_emerging_valid_supported,52,False,24,True,0.0502442729753296,0.0570248866937806,state_ext=neutral,0.0334933733059754,0.0048091644486811,0,0,0.0,0,8,8,7,7.75,rejected,rejected,rejected,rejected,rejected,rejected,rejected,rejected,5,136,129,False,False,crypto-1d-00,BCH/USD|1d|state_ext=neutral + state_slope=uptrend|rolling,False,research_only,False,False,0.009057886879925937,-0.0043545078470712106,regime_switching_research_only
AVAX/USD,1d,cross_TLT_state_slope=downtrend + state_ext=neutral,bear,BTC/USD,ok,481,7,0.004426964776773757,0.5714285714285714,0.17425320079822895,0.8616664768313964,False,0.004908754160857508,-0.0004817893840837516,cross_TLT_state_slope=downtrend,-0.001093889712664796,0.005520854489438553,23,rolling,4,short,rejected,late_emerging_valid_supported,19,False,18,True,0.033204817565509,0.029007025161466,cross_TLT_state_slope=downtrend,0.0182001711319146,0.0281996001887248,0,0,0.0,0,8,8,8,8.0,rejected,rejected,rejected,rejected,rejected,rejected,rejected,rejected,3,136,127,False,False,crypto-1d-00,,False,,,False,0.01297622063963409,-0.008549255862860334,unsupported
AVAX/USD,1d,cross_USO_state_vol=mid_vol + state_ext=stretched_down,bear,BTC/USD,ok,481,151,0.004405350899948463,0.5827814569536424,0.3247466188697045,0.7453728484770552,False,0.004908754160857508,-0.0005034032609090456,state_ext=stretched_down,0.008758449909059192,-0.0043530990091107296,8,rolling,4,short,rejected,late_emerging_recent_only,222,False,81,True,0.0371033857361939,0.032905593332151,cross_USO_state_vol=mid_vol,0.0053072652419978,0.0045044949069015,1,1,0.25,0,8,8,8,8.5,rejected,rejected,rejected,rejected,rejected,rejected,rejected,rejected,5,136,117,False,False,crypto-1d-00,,False,,,False,0.00990656220457522,-0.005501211304626758,unsupported
SUSHI/USD,1d,cross_USO_state_vol=low_vol + state_ext=stretched_up,bear,BTC/USD,ok,481,9,0.004127664515895514,0.6666666666666666,0.21405249341602348,0.8305061218796366,False,0.0029078217429439196,0.0012198427729515947,state_ext=stretched_up,0.01584677048356844,-0.011719105967672925,13,rolling,4,short,rejected,late_emerging_recent_only,169,False,40,True,0.0883389316391844,0.0785769180764874,cross_USO_state_vol=low_vol,0.055749244157296,6.976967914518184e-08,1,1,0.25,0,8,8,7,8.25,rejected,rejected,rejected,rejected,rejected,rejected,rejected,rejected,5,136,124,False,False,crypto-1d-02,,False,,,False,0.026697672102742646,-0.022570007586847133,unsupported
CRV/USD,1d,cross_USO_state_slope=flat + state_slope=flat,bear,BTC/USD,ok,223,25,0.003527256012598796,0.6,0.1579750625763195,0.8744764491264319,False,-0.0061788542615246475,0.009706110274123443,cross_USO_state_slope=flat,0.005414002574199942,-0.0018867465616011461,35,rolling,4,short,rejected,late_emerging_valid_supported,40,False,48,True,0.0573897319033904,0.0456751430057681,state_slope=flat,0.0348269641756454,0.0084578498556764,0,0,0.0,0,7,7,6,7.25,rejected,rejected,rejected,rejected,rejected,rejected,rejected,rejected,5,136,128,False,False,crypto-1d-01,,False,,,False,0.015544570395724953,-0.012017314383126157,regime_switching_research_only
BCH/USD,1h,cross_USO_state_ext=stretched_down + cross_TLT_state_slope=downtrend + state_ext=neutral,bear,BTC/USD,ok,2789,5,0.0035202760722247593,0.6,1.2612482097597764,0.20721943417048272,False,-0.0005456474209068121,0.004065923493131571,cross_USO_state_ext=stretched_down + cross_TLT_state_slope=downtrend,0.0035777881918726026,-5.75121196478433e-05,2,rolling,4,long,rejected,late_emerging_recent_only,50,False,16,True,0.0081220266705254,0.0123674050681179,cross_USO_state_ext=stretched_down + cross_TLT_state_slope=downtrend,0.0064636511051751,0.0013461598336732,1,1,0.25,0,8,8,7,8.25,rejected,rejected,rejected,rejected,rejected,rejected,rejected,rejected,5,136,59,False,False,crypto-1h-00,,False,,,False,0.0017966775314766092,0.00172359854074815,unsupported
LTC/USD,1h,state_ext=stretched_up + state_slope=flat,bear,BTC/USD,ok,2792,27,0.003293016597745015,0.6666666666666666,0.7567890700343903,0.4491762420652339,False,4.489311633955794e-05,0.003248123481405457,state_ext=stretched_up,0.0002548370956782279,0.0030381795020667872,2,rolling,4,short,rejected,late_emerging_recent_only,98,False,23,True,0.0043718683279058,0.0082082536390616,state_ext=stretched_up,0.0039318233969607,0.0041446578407171,1,1,0.25,0,8,8,7,8.25,rejected,rejected,rejected,rejected,rejected,rejected,rejected,rejected,5,136,93,False,False,crypto-1h-02,,False,,,False,0.005825776844895829,-0.002532760247150814,regime_switching_research_only
LTC/USD,1d,state_ret_day=ret_day_up + state_ext=stretched_up,bear,BTC/USD,ok,481,38,0.002795832380614963,0.6052631578947368,0.2318566938799374,0.8166493212649852,False,-0.0015229865555246454,0.004318818936139609,state_ret_day=ret_day_up,0.003983807655950828,-0.0011879752753358652,14,rolling,4,short,rejected,late_emerging_recent_only,174,False,80,True,0.0255290787331902,0.0233399985046482,state_ext=stretched_up,0.0146754086818594,0.0201650213218842,1,1,0.25,0,8,8,7,8.25,rejected,rejected,rejected,rejected,rejected,rejected,rejected,rejected,5,136,122,False,False,crypto-1d-02,LTC/USD|1d|state_ret_day=ret_day_up + state_ext=stretched_up|rolling,False,research_only,False,False,0.013728821769154175,-0.010932989388539212,regime_switching_research_only
AVAX/USD,1d,state_volume=vol_surge + state_ext=neutral,bear,BTC/USD,ok,481,8,0.002463668332050216,0.625,0.17664325591189092,0.8597886150072029,False,0.004908754160857508,-0.0024450858288072924,state_volume=vol_surge,0.019412598300793355,-0.01694892996874314,30,rolling,4,short,rejected,late_emerging_valid_supported,19,False,24,True,0.0234850751931166,0.0192872827890736,state_volume=vol_surge,0.0158586584874856,0.0365958590181865,0,0,0.0,0,8,8,7,7.75,rejected,rejected,rejected,rejected,rejected,rejected,rejected,rejected,3,136,126,False,False,crypto-1d-00,,False,,,False,0.00910984505201138,-0.006646176719961164,unsupported
AAVE/USD,1d,cross_USO_state_ext=stretched_up + state_ext=stretched_up,bear,BTC/USD,ok,481,36,0.0018426453287440714,0.5555555555555556,0.06796282536897573,0.9458152268903317,False,-0.009803211926236514,0.011645857254980584,cross_USO_state_ext=stretched_up,0.005852045037275919,-0.004009399708531847,32,rolling,4,short,rejected,late_emerging_valid_supported,212,False,60,True,0.0337956521900294,0.0312927405348991,cross_USO_state_ext=stretched_up,0.0180573215157912,0.0328298989596702,0,0,0.0,0,8,8,6,7.5,rejected,rejected,rejected,rejected,rejected,rejected,rejected,rejected,5,136,132,False,False,crypto-1d-00,,False,,,False,0.019463598205324655,-0.017620952876580585,regime_switching_research_only
CRV/USD,1h,state_weekpart=weekend + state_ext=stretched_up + state_vol=low_vol,bear,BTC/USD,ok,2785,34,0.0013908251481228391,0.5588235294117647,0.38124616729278105,0.7030205947296384,False,0.0001891084825125637,0.0012017166656102755,state_weekpart=weekend + state_vol=low_vol,0.0015676019228334527,-0.0001767767747106136,4,rolling,4,short,rejected,late_emerging_recent_only,144,False,34,True,0.0109057454721743,0.0150326335032227,state_weekpart=weekend + state_ext=stretched_up,0.0067930066940011,3.463670796177709e-06,1,1,0.25,0,8,8,7,8.25,rejected,rejected,rejected,rejected,rejected,rejected,rejected,rejected,5,136,113,False,False,crypto-1h-01,,False,,,False,0.002548553193834859,-0.00115772804571202,regime_switching_research_only
LTC/USD,1h,cross_TLT_state_slope=uptrend + state_ext=stretched_down,bear,BTC/USD,ok,2792,170,0.0011383864059686544,0.6470588235294118,0.2255061982366926,0.8215855040498761,False,-0.00044489311633955753,0.001583279522308212,cross_TLT_state_slope=uptrend,0.0012886605112680562,-0.00015027410529940173,1,rolling,4,long,rejected,late_emerging_recent_only,267,False,39,True,0.0066164532289929,0.0097800679178371,state_ext=stretched_down,0.006804473549032,0.0179730254203402,1,1,0.25,0,8,8,8,8.5,rejected,rejected,rejected,rejected,rejected,rejected,rejected,rejected,5,136,123,False,False,crypto-1h-02,,False,,,False,0.002452754930331983,-0.0013143685243633286,regime_switching_research_only
LTC/USD,1d,cross_USO_state_ext=stretched_up + state_ext=stretched_up,bear,BTC/USD,ok,481,25,0.0009137185560001063,0.6,0.06218330512144545,0.9504168573416643,False,-0.0015229865555246454,0.0024367051115247516,cross_USO_state_ext=stretched_up,0.003713757763595121,-0.002800039207595015,17,rolling,4,short,rejected,late_emerging_recent_only,188,False,52,True,0.019523779756827,0.017334699528285,state_ext=stretched_up,0.0086701097054961,0.0031127523954905,1,1,0.25,0,8,7,8,8.25,rejected,rejected,rejected,rejected,rejected,rejected,rejected,rejected,5,136,134,False,False,crypto-1d-02,,False,,,False,0.009210635225461934,-0.008296916669461828,regime_switching_research_only
DOT/USD,1h,state_ret_day=ret_day_flat + state_ext=stretched_up + state_slope=uptrend,bear,BTC/USD,ok,2785,37,0.0005230605090273309,0.4864864864864865,0.1387331104321471,0.8896610527527227,False,0.0003225903269501033,0.0002004701820772276,state_ret_day=ret_day_flat + state_slope=uptrend,0.004269680179737991,-0.00374661967071066,9,rolling,4,short,rejected,late_emerging_valid_supported,98,False,22,True,0.0071145793403984,0.01047833573569,state_ret_day=ret_day_flat + state_ext=stretched_up,0.0078649763657638,0.0278279448556144,0,0,0.0,0,8,8,6,7.5,rejected,rejected,rejected,rejected,rejected,rejected,rejected,rejected,5,136,130,False,False,crypto-1h-01,,False,,,False,0.003746582579219465,-0.003223522070192134,regime_switching_research_only
DOGE/USD,1h,state_ext=stretched_up + state_vol=high_vol,bear,BTC/USD,ok,2789,60,0.00021689019963869896,0.6333333333333333,0.044632301274657414,0.9644003956117893,False,0.0003007367676985631,-8.384656805986415e-05,state_ext=stretched_up,0.0019029678331845936,-0.0016860776335458946,1,rolling,4,short,rejected,late_emerging_regime_switching,362,False,38,True,0.0139153509798041,0.0175150613243558,state_ext=stretched_up,0.014131386817834,0.0038651230944175,2,11,0.5,0,8,8,8,9.0,rejected,rejected,rejected,rejected,rejected,rejected,rejected,rejected,5,136,136,False,False,crypto-1h-01,,False,,,False,0.0024250025826934364,-0.0022081123830547376,unsupported
DOGE/USD,1h,state_weekpart=weekday + state_ext=stretched_up + state_vol=high_vol,bear,BTC/USD,ok,2789,51,-0.0003233046459407547,0.5882352941176471,-0.057138656355642664,0.954434743389575,False,0.0003007367676985631,-0.0006240414136393178,state_weekpart=weekday + state_ext=stretched_up,0.001956234150457905,-0.00227953879639866,2,rolling,4,short,rejected,late_emerging_regime_switching,261,False,30,True,0.0167271860676045,0.0203268964121562,state_ext=stretched_up + state_vol=high_vol,0.0028118350878004,0.0044056605317199,2,11,0.5,0,8,8,8,9.0,rejected,rejected,rejected,rejected,rejected,rejected,rejected,rejected,5,136,135,False,False,crypto-1h-01,,False,,,False,0.003136935719468354,-0.0034602403654091086,unsupported
LTC/USD,1d,cross_USO_state_slope=flat + cross_TLT_state_ext=neutral + state_ext=stretched_down,bear,BTC/USD,ok,481,22,-0.0014365259006439229,0.5454545454545454,-0.12261973348623864,0.9024082273056742,False,0.0011229865555246444,-0.0025595124561685672,cross_USO_state_slope=flat + state_ext=stretched_down,0.027323786124869437,-0.02876031202551336,21,rolling,4,long,rejected,late_emerging_valid_supported,52,False,46,True,0.0253971179729625,0.0345861982015045,cross_USO_state_slope=flat + state_ext=stretched_down,0.0061935015931418,0.0375934819491194,1,10,0.25,0,8,8,7,8.25,rejected,rejected,rejected,rejected,rejected,rejected,rejected,rejected,5,136,131,False,False,crypto-1d-02,,False,,,False,0.00930979501209238,-0.010746320912736303,unsupported
CRV/USD,1h,cross_USO_state_vol=low_vol + state_ext=stretched_up,bear,BTC/USD,ok,2785,56,-0.0019483229692506443,0.4642857142857143,-0.5208433946117397,0.6024758706314106,False,0.0001891084825125637,-0.002137431451763208,state_ext=stretched_up,-0.0006659817162593201,-0.0012823412529913243,3,rolling,4,short,rejected,late_emerging_regime_switching,292,False,55,True,0.0091328258388832,0.0132597138699316,state_ext=stretched_up,0.0104449588424069,0.0158452876903318,2,1001,0.5,0,8,8,7,8.75,rejected,rejected,rejected,rejected,rejected,rejected,rejected,rejected,5,136,107,False,False,crypto-1h-01,,False,,,False,0.003047885836160274,-0.004996208805410919,unsupported
ETH/USD,1d,cross_USO_state_vol=low_vol + state_ext=stretched_up,bear,BTC/USD,ok,481,8,-0.002085979434516938,0.5,-0.06479412924729379,0.9483379158116225,False,-0.0002810016380972383,-0.0018049777964196996,cross_USO_state_vol=low_vol,0.002362933017994349,-0.004448912452511286,4,rolling,4,short,rejected,late_emerging_valid_supported,155,False,58,True,0.0296098795752239,0.0317184273326474,cross_USO_state_vol=low_vol,0.0208187392458052,0.0271768737864555,2,1010,0.5,0,8,8,7,8.75,rejected,rejected,rejected,rejected,rejected,rejected,rejected,rejected,5,136,133,False,False,crypto-1d-01,,False,,,False,0.013443329950240812,-0.01552930938475775,unsupported
DOT/USD,1d,state_ext=neutral + state_vol=low_vol,bear,BTC/USD,ok,223,9,-0.003153342510439807,0.4444444444444444,-0.5108433850049805,0.6094607270839307,False,0.011264956948685099,-0.014418299459124906,state_vol=low_vol,0.012755119820137495,-0.015908462330577303,14,rolling,4,short,rejected,late_emerging_recent_only,19,False,19,True,0.0236555879728487,0.0078198811598949,state_ext=neutral,0.007706263250919,0.0093503171926769,1,1,0.25,0,8,8,8,8.5,rejected,rejected,rejected,rejected,rejected,rejected,rejected,rejected,3,136,109,False,False,crypto-1d-01,DOT/USD|1d|state_ext=neutral + state_vol=low_vol|rolling,False,research_only,False,False,0.013107430116594682,-0.01626077262703449,unsupported
SOL/USD,1d,cross_TLT_state_slope=uptrend + state_slope=downtrend,bear,BTC/USD,ok,452,51,-0.00360937426775603,0.43137254901960786,-0.1994892269634879,0.8418800696372883,False,-0.005880906829851569,0.0022715325620955395,cross_TLT_state_slope=uptrend,0.005007622476971541,-0.008616996744727571,22,rolling,4,long,rejected,late_emerging_valid_supported,89,False,50,True,0.0277621249470089,0.037551331706628,cross_TLT_state_slope=uptrend,0.0199113031478168,0.0252575003654484,1,100,0.25,0,8,8,6,8.0,rejected,rejected,rejected,rejected,rejected,rejected,rejected,rejected,3,136,125,False,False,crypto-1d-02,,False,,,False,0.0034958593025788054,-0.007105233570334836,unsupported
XRP/USD,1d,state_ext=neutral + state_slope=uptrend,bear,BTC/USD,ok,207,5,-0.004009554122521462,0.4,-0.3379502420351803,0.7354006849525592,False,0.004051566326740499,-0.00806112044926196,state_slope=uptrend,0.00801066659726694,-0.012020220719788402,30,rolling,4,short,rejected,late_emerging_valid_supported,19,False,16,True,0.0365286389581017,0.028788768275897,state_slope=uptrend,0.0061150633794827,0.0087786251595174,0,0,0.0,0,8,8,8,8.0,rejected,rejected,rejected,rejected,provisional,rejected,rejected,rejected,5,136,115,False,False,crypto-1d-02,XRP/USD|1d|state_ext=neutral + state_slope=uptrend|rolling,False,research_only,False,False,0.046689853251703814,-0.05069940737422528,unsupported
LTC/USD,1d,state_ext=stretched_up + state_slope=flat,bear,BTC/USD,ok,481,44,-0.004259759284786655,0.5909090909090909,-0.23192015053751788,0.8166000333143535,False,-0.0015229865555246454,-0.00273677272926201,state_ext=stretched_up,0.002609029466530294,-0.006868788751316949,33,rolling,4,short,rejected,late_emerging_recent_only,150,False,75,True,0.0180444080822238,0.0158553278536818,state_ext=stretched_up,0.007190738030893,0.0471774884861539,1,1,0.25,0,8,7,6,7.75,rejected,rejected,rejected,rejected,rejected,rejected,rejected,rejected,5,136,121,False,False,crypto-1d-02,LTC/USD|1d|state_ext=stretched_up + state_slope=flat|rolling,False,research_only,False,False,0.0041368462760955505,-0.008396605560882207,unsupported
ETH/USD,1h,cross_USO_state_slope=flat + cross_TLT_state_slope=flat + state_ext=stretched_up,bear,BTC/USD,ok,2792,15,-0.005183891857044946,0.5333333333333333,-1.0747771127006673,0.2824745297294262,False,0.0002166123294830649,-0.0054005041865280105,cross_TLT_state_slope=flat,0.0024459516026970425,-0.007629843459741988,6,rolling,4,short,rejected,late_emerging_recent_only,60,False,15,True,0.00448218337211,0.0083821996859006,cross_USO_state_slope=flat + state_ext=stretched_up,0.0015867274600923,0.0329935029620838,1,1,0.25,0,8,8,6,8.0,rejected,rejected,rejected,rejected,rejected,rejected,rejected,rejected,5,136,68,False,False,crypto-1h-01,,False,,,False,0.0016341190387331444,-0.00681801089577809,unsupported
BCH/USD,1d,state_volume=vol_normal + state_ext=neutral,bear,BTC/USD,ok,481,20,-0.005649332587241994,0.45,-0.2814938489231903,0.7783316452821714,False,-0.0016414836365081275,-0.004007848950733866,state_volume=vol_normal,0.00323143403523348,-0.008880766622475474,28,rolling,4,long,rejected,late_emerging_valid_supported,58,False,26,True,0.0333661977809021,0.0401468114993531,state_ext=neutral,0.016615298111548,0.0045479176215923,0,0,0.0,0,8,8,7,7.75,rejected,rejected,rejected,rejected,rejected,rejected,rejected,rejected,5,136,119,False,False,crypto-1d-00,,False,,,False,0.007654963774896465,-0.013304296362138458,unsupported
ETH/USD,1d,cross_USO_state_slope=flat + cross_TLT_state_slope=flat + state_ext=stretched_down,bear,BTC/USD,ok,481,13,-0.006022680679929674,0.46153846153846156,-0.3933591484861996,0.6940542375690772,False,-0.00011899836190276011,-0.005903682318026914,cross_USO_state_slope=flat,0.002602558207278898,-0.008625238887208573,28,rolling,4,long,rejected,late_emerging_valid_supported,34,False,20,True,0.0318288666169855,0.0367203188595619,cross_USO_state_slope=flat + cross_TLT_state_slope=flat,0.0284010822020563,0.0334282928869438,0,0,0.0,0,8,8,7,7.75,rejected,rejected,rejected,rejected,rejected,rejected,rejected,rejected,5,136,112,False,False,crypto-1d-01,,False,,,False,0.018782312376859973,-0.024804993056789647,unsupported
DOT/USD,1h,state_utc_session=utc_us + state_ext=stretched_up + state_slope=uptrend,bear,BTC/USD,ok,2785,32,-0.0064662597915523335,0.40625,-1.3911718263029889,0.16417332843015164,False,0.0003225903269501033,-0.006788850118502437,state_utc_session=utc_us + state_slope=uptrend,0.0015579534553094732,-0.008024213246861808,5,rolling,4,short,rejected,late_emerging_recent_only,318,False,90,True,0.0055148511999578,0.0088786075952494,state_utc_session=utc_us + state_ext=stretched_up,0.0025295107263459,0.0037060300472144,1,1,0.25,0,8,8,7,8.25,rejected,rejected,rejected,rejected,rejected,rejected,rejected,rejected,5,136,53,False,False,crypto-1h-01,,False,,,False,0.0017524417491329893,-0.008218701540685323,unsupported
LTC/USD,1d,state_ext=stretched_up + state_vol=high_vol,bear,BTC/USD,ok,481,31,-0.007588217090048672,0.5806451612903226,-0.29794791179785846,0.7657429193097627,False,-0.0015229865555246454,-0.006065230534524027,state_ext=stretched_up,0.002609029466530294,-0.010197246556578967,36,rolling,4,short,rejected,late_emerging_valid_supported,104,False,43,True,0.0365245938683518,0.0343355136398099,state_ext=stretched_up,0.025670923817021,0.0156298351192378,0,0,0.0,0,8,8,7,7.75,rejected,rejected,rejected,rejected,rejected,rejected,rejected,rejected,5,136,118,False,False,crypto-1d-02,LTC/USD|1d|state_ext=stretched_up + state_vol=high_vol|rolling,False,research_only,False,False,0.013444430662420103,-0.021032647752468776,unsupported
BTC/USD,1d,state_ext=neutral + state_slope=flat,bear,BTC/USD,ok,481,71,-0.008901213528626804,0.4084507042253521,-1.0445617511158136,0.29622556516587384,False,0.0006290702691403881,-0.009530283797767191,state_slope=flat,-3.303738898165473e-05,-0.008868176139645148,33,rolling,4,short,rejected,late_emerging_valid_supported,148,False,66,True,0.0173159686768569,0.0183896469267783,state_ext=neutral,0.0146719862045565,0.0319606196185346,0,0,0.0,0,8,8,6,7.5,rejected,rejected,rejected,rejected,rejected,rejected,rejected,rejected,3,136,71,False,False,crypto-1d-00,BTC/USD|1d|state_ext=neutral + state_slope=flat|rolling,False,research_only,False,False,-0.0001800940790840671,-0.008721119449542736,unsupported
LINK/USD,1d,cross_USO_state_vol=low_vol + state_ext=neutral,bear,BTC/USD,ok,481,6,-0.009167120363139963,0.5,-0.32903583002211273,0.7421286060580747,False,-0.0007248121954760898,-0.008442308167663873,state_ext=neutral,-0.0075094243125808525,-0.0016576960505591109,7,rolling,4,short,rejected,late_emerging_recent_only,59,False,22,True,0.0451972354785769,0.0435990057845764,cross_USO_state_vol=low_vol,0.034921165261845,0.0054598259852425,1,1,0.25,0,8,8,8,8.5,rejected,rejected,rejected,rejected,rejected,rejected,rejected,rejected,5,136,116,False,False,crypto-1d-01,,False,,,False,0.026616930379950627,-0.03578405074309059,unsupported
AVAX/USD,1d,cross_USO_state_slope=uptrend + cross_TLT_state_ext=neutral + state_ext=stretched_up,bear,BTC/USD,ok,481,5,-0.011446605921019669,0.4,-0.6346540694544738,0.5256540557141429,False,0.004908754160857508,-0.016355360081877178,cross_TLT_state_ext=neutral + state_ext=stretched_up,0.04853896593602167,-0.05998557185704134,17,rolling,4,short,rejected,late_emerging_recent_only,47,False,27,True,0.028010800701989,0.023813008297946,cross_USO_state_slope=uptrend + cross_TLT_state_ext=neutral,0.0037875340804889,0.0326832830325121,1,1,0.25,0,8,6,8,8.0,rejected,rejected,rejected,rejected,rejected,rejected,rejected,rejected,5,136,102,False,False,crypto-1d-00,,False,,,False,0.01740846011355264,-0.02885506603457231,unsupported
LTC/USD,1d,cross_USO_state_vol=low_vol + state_ext=stretched_up,bear,BTC/USD,ok,481,11,-0.012802065069966905,0.5454545454545454,-1.0581699965877132,0.28997794727445503,False,-0.0015229865555246454,-0.01127907851444226,state_ext=stretched_up,0.002609029466530294,-0.0154110945364972,10,rolling,4,short,rejected,late_emerging_recent_only,140,False,78,True,0.0324373838226529,0.0302483035941109,cross_USO_state_vol=low_vol,0.0188285032940135,0.0102673004047688,1,1,0.25,0,8,8,8,8.5,rejected,rejected,rejected,rejected,rejected,rejected,rejected,rejected,5,136,70,False,False,crypto-1d-02,,False,,,False,0.022793995503210394,-0.035596060573177296,unsupported
AAVE/USD,1d,cross_TLT_state_slope=flat + state_slope=flat,bear,BTC/USD,ok,481,36,-0.014179213934368261,0.4166666666666667,-0.511820392133617,0.6087767171667506,False,-0.009803211926236514,-0.004376002008131747,cross_TLT_state_slope=flat,0.015933384350326457,-0.030112598284694717,19,rolling,4,short,rejected,late_emerging_recent_only,141,False,91,True,0.0338290458345063,0.031326134179376,state_slope=flat,0.0007380663134917,0.0120601460895901,1,1,0.25,0,8,7,7,8.0,rejected,rejected,rejected,rejected,rejected,rejected,rejected,rejected,5,136,108,False,False,crypto-1d-00,,False,,,False,0.016020579574930714,-0.030199793509298974,unsupported
BTC/USD,1d,cross_TLT_state_vol=high_vol + state_ext=stretched_up,bear,BTC/USD,ok,481,30,-0.014434259047590181,0.43333333333333335,-0.9715366418569855,0.3312811156977249,False,-0.0010290702691403912,-0.013405188778449791,cross_TLT_state_vol=high_vol,0.002468404165470666,-0.01690266321306085,4,rolling,4,long,rejected,late_emerging_valid_supported,112,False,22,True,0.0385398424787299,0.0444661642288084,cross_TLT_state_vol=high_vol,0.0031285379245224,0.0052868411203785,2,110,0.5,0,7,7,7,8.5,rejected,rejected,rejected,rejected,rejected,rejected,rejected,rejected,5,136,79,False,False,crypto-1d-00,,False,,,False,0.021728563752101845,-0.036162822799692025,unsupported
UNI/USD,1d,cross_TLT_state_slope=downtrend + state_slope=flat,bear,BTC/USD,ok,481,55,-0.015320079677551779,0.4,-1.0113026062906527,0.3118716190361088,False,-0.005108010175154697,-0.010212069502397083,cross_TLT_state_slope=downtrend,-0.008403082633993107,-0.006916997043558672,24,rolling,4,short,rejected,late_emerging_recent_only,148,False,26,True,0.0409792232840439,0.0389166508852567,cross_TLT_state_slope=downtrend,0.0155921817871601,0.0006086554784467,1,1,0.25,0,7,7,7,8.0,rejected,rejected,rejected,rejected,rejected,rejected,rejected,rejected,5,136,73,False,False,crypto-1d-02,,False,,,False,0.0059101162703261755,-0.021230195947877954,unsupported
SUSHI/USD,1d,state_ret_day=ret_day_down + state_ext=stretched_up,bear,BTC/USD,ok,481,9,-0.015708327139141363,0.6666666666666666,-0.5620251405079633,0.5740988903313542,False,0.0029078217429439196,-0.018616148882085282,state_ext=stretched_up,0.01584677048356844,-0.031555097622709805,50,rolling,4,short,rejected,late_emerging_valid_supported,87,False,24,True,0.0366064571616536,0.0268444435989567,state_ext=stretched_up,0.0101486410665402,0.0149019737130782,0,0,0.0,0,8,7,6,7.25,rejected,rejected,rejected,rejected,rejected,rejected,rejected,rejected,5,136,104,False,False,crypto-1d-02,SUSHI/USD|1d|state_ret_day=ret_day_down + state_ext=stretched_up|rolling,False,research_only,False,False,0.003443348507770001,-0.019151675646911365,unsupported
BTC/USD,1d,cross_USO_state_slope=downtrend + cross_TLT_state_slope=uptrend + state_ext=neutral,bear,BTC/USD,ok,481,23,-0.01785878847637051,0.4782608695652174,-1.0127653790340674,0.31117224108317476,False,0.0006290702691403881,-0.0184878587455109,cross_USO_state_slope=downtrend,-0.005953727088583858,-0.011905061387786652,22,rolling,4,short,rejected,late_emerging_valid_supported,39,False,22,True,0.0429658352416132,0.0440395134915347,cross_USO_state_slope=downtrend + state_ext=neutral,0.0225834723449781,0.000600415522634,0,0,0.0,0,8,8,8,8.0,rejected,rejected,rejected,rejected,rejected,rejected,rejected,rejected,5,136,72,False,False,crypto-1d-00,,False,,,False,0.007616929860138049,-0.02547571833650856,unsupported
SOL/USD,1d,cross_USO_state_slope=uptrend + state_ext=stretched_up,bear,BTC/USD,ok,452,10,-0.01911623932622249,0.4,-0.7367424058191028,0.4612790135350955,False,0.00548090682985157,-0.02459714615607406,cross_USO_state_slope=uptrend,0.023044835480267836,-0.042161074806490326,39,rolling,4,short,rejected,late_emerging_valid_supported,41,False,47,True,0.0305875173607494,0.0277983106011303,cross_USO_state_slope=uptrend,0.013238089890288,0.0198778603504632,0,0,0.0,0,8,8,7,7.75,rejected,rejected,rejected,rejected,rejected,rejected,rejected,rejected,5,136,96,False,False,crypto-1d-02,,False,,,False,0.02499159635353029,-0.04410783567975278,unsupported
AAVE/USD,1d,cross_USO_state_vol=low_vol + state_ext=stretched_up,bear,BTC/USD,ok,481,23,-0.019519807774124483,0.43478260869565216,-0.9065728036454469,0.36463274900926645,False,-0.009803211926236514,-0.00971659584788797,cross_USO_state_vol=low_vol,-0.009331485860866866,-0.010188321913257617,24,rolling,4,short,rejected,late_emerging_valid_supported,182,False,49,True,0.0421455746932161,0.0396426630380858,cross_USO_state_vol=low_vol,0.0227757741054184,0.0075369171978514,1,1000,0.25,0,8,7,6,7.75,rejected,rejected,rejected,rejected,rejected,rejected,rejected,rejected,5,136,82,False,False,crypto-1d-00,,False,,,False,0.011740700263522945,-0.031260508037647426,unsupported
AAVE/USD,1d,cross_USO_state_slope=uptrend + cross_TLT_state_slope=flat + state_ext=stretched_up,bear,BTC/USD,ok,481,5,-0.02183170105203039,0.4,-0.8507912787002861,0.39488530716389336,False,-0.009803211926236514,-0.012028489125793875,cross_USO_state_slope=uptrend + cross_TLT_state_slope=flat,0.051956186859666076,-0.07378788791169646,7,rolling,4,short,rejected,late_emerging_recent_only,30,False,28,True,0.0714054046216952,0.0689024929665649,cross_USO_state_slope=uptrend + state_ext=stretched_up,0.0065757639644695,1.3477885474344475e-11,1,1,0.25,0,8,8,8,8.5,rejected,rejected,rejected,rejected,rejected,rejected,rejected,rejected,5,136,87,False,False,crypto-1d-00,,False,,,False,0.0550554718744708,-0.07688717292650118,unsupported
AVAX/USD,1d,cross_USO_state_ext=stretched_up + state_ext=stretched_up,bear,BTC/USD,ok,481,21,-0.022567146059687432,0.42857142857142855,-0.8466535384465136,0.397188262877618,False,0.004908754160857508,-0.02747590022054494,cross_USO_state_ext=stretched_up,0.02246067727456258,-0.04502782333425001,12,rolling,4,short,rejected,late_emerging_valid_supported,167,False,46,True,0.0392059040222666,0.0350081116182236,cross_USO_state_ext=stretched_up,0.0198914306776742,0.0121562893701316,1,10,0.25,0,8,8,7,8.25,rejected,rejected,rejected,rejected,rejected,rejected,rejected,rejected,5,136,88,False,False,crypto-1d-00,,False,,,False,0.018900467796303447,-0.041467613855990876,unsupported
SOL/USD,1d,cross_USO_state_slope=uptrend + cross_TLT_state_slope=downtrend + state_ext=stretched_up,bear,BTC/USD,ok,452,3,-0.037472340370505834,0.0,-2.1854262052334867,0.028857611207695033,False,0.00548090682985157,-0.042953247200357404,cross_TLT_state_slope=downtrend + state_ext=stretched_up,0.04216882388017392,-0.07964116425067976,46,rolling,4,short,rejected,late_emerging_valid_supported,14,False,16,True,0.049208524280791,0.0464193175211719,cross_TLT_state_slope=downtrend + state_ext=stretched_up,0.0035702344242613,0.0003577437604507,0,0,0.0,0,8,7,7,7.5,rejected,rejected,rejected,rejected,rejected,rejected,rejected,rejected,5,136,22,False,False,crypto-1d-02,,False,,,False,0.016735771954960628,-0.05420811232546646,unsupported
AAVE/USD,1d,state_ext=stretched_up + state_slope=flat,bear,BTC/USD,ok,481,41,-0.03839295913040975,0.3902439024390244,-1.3168310464050836,0.1878952636591369,False,-0.009803211926236514,-0.028589747204173236,state_ext=stretched_up,-0.022268455313169032,-0.016124503817240718,13,rolling,4,short,rejected,late_emerging_recent_only,135,False,51,True,0.0481776274856481,0.0456747158305178,state_slope=flat,0.0150866479646335,0.0044796421853972,1,1,0.25,0,8,8,7,8.25,rejected,rejected,rejected,rejected,rejected,rejected,rejected,rejected,5,136,56,False,False,crypto-1d-00,AAVE/USD|1d|state_ext=stretched_up + state_slope=flat|rolling,False,research_only,False,False,0.004809089424935444,-0.04320204855534519,unsupported
SUSHI/USD,1d,cross_USO_state_slope=downtrend + state_ext=neutral,bear,BTC/USD,ok,481,22,-0.041914757994193426,0.36363636363636365,-1.256300267168857,0.2090071251005028,False,0.0029078217429439196,-0.044822579737137346,cross_USO_state_slope=downtrend,-0.0004474178374368454,-0.04146734015675658,7,rolling,4,short,rejected,late_emerging_recent_only,33,False,19,True,0.0386208225754325,0.0288588090127355,cross_USO_state_slope=downtrend,0.0406147534117674,0.034895312891833,1,1,0.25,0,8,8,8,8.5,rejected,rejected,rejected,rejected,rejected,rejected,rejected,rejected,3,136,60,False,False,crypto-1d-02,,False,,,False,0.0012349497541451417,-0.04314970774833857,unsupported
CRV/USD,1d,cross_USO_state_vol=low_vol + state_ext=stretched_up,bear,BTC/USD,ok,223,14,-0.04350933300381271,0.35714285714285715,-1.5727062228760305,0.1157868582691517,False,-0.0061788542615246475,-0.037330478742288065,state_ext=stretched_up,-2.885642543339289e-05,-0.04348047657837932,25,rolling,4,short,rejected,late_emerging_valid_supported,131,False,23,True,0.0775358117284368,0.0658212228308145,state_ext=stretched_up,0.041367491709227,0.0203395736347409,1,10,0.25,0,7,7,7,8.0,rejected,rejected,rejected,rejected,rejected,rejected,rejected,rejected,5,136,47,False,False,crypto-1d-01,,False,,,False,0.0026731266683271263,-0.04618245967213984,unsupported
BTC/USD,1d,cross_USO_state_slope=downtrend + cross_TLT_state_slope=downtrend + state_ext=stretched_up,bear,BTC/USD,ok,481,7,-0.047276509241142795,0.2857142857142857,-2.673591687448442,0.0075043759161508294,False,-0.0010290702691403912,-0.046247438972002404,cross_USO_state_slope=downtrend,0.005553727088583856,-0.05283023632972665,35,rolling,4,long,rejected,late_emerging_valid_supported,22,False,15,True,0.036174941204493,0.0421012629545715,cross_USO_state_slope=downtrend + cross_TLT_state_slope=downtrend,0.0104636426809815,0.044092849450718,0,0,0.0,0,8,7,7,7.5,rejected,rejected,rejected,rejected,rejected,rejected,rejected,rejected,5,136,15,False,False,crypto-1d-00,,False,,,False,0.008867666776177398,-0.05614417601732019,unsupported
DOGE/USD,1d,cross_USO_state_vol=low_vol + state_ext=stretched_up,bear,BTC/USD,ok,481,0,,,,,False,0.00568994070669353,,state_ext=stretched_up,0.03288017437896476,,17,rolling,4,short,rejected,late_emerging_valid_supported,152,False,47,True,0.0472663547965139,0.0402202280282266,cross_USO_state_vol=low_vol,0.0270570749330557,0.0239069868281447,1,10,0.25,0,8,8,7,8.25,rejected,rejected,rejected,rejected,rejected,rejected,rejected,rejected,5,136,,False,False,crypto-1d-01,,False,,,False,0.007303015549745049,,unsupported
