symbol,timeframe,slice_combination,window,diagnostic_status,window_start_utc,window_end_utc,window_rows,slice_n,slice_mean_ret_costadj,slice_win_rate,slice_t_stat_nw,slice_p_value_nw,slice_pass,baseline_n,baseline_mean_ret_costadj,excess_vs_baseline,best_parent_filter,best_parent_n,best_parent_mean_ret_costadj,excess_vs_best_parent,best_parent_p_value_nw
SOL/USD,1d,cross_BTC/USD_state_vol=mid_vol + state_ext=stretched_up,all,ok,2021-07-13 00:00:00+00:00,2026-07-06 00:00:00+00:00,1402,108,0.022171131976371036,0.6666666666666666,2.002045259494144,0.0452798640586336,True,1402,-0.02703703332797362,0.04920816530434466,cross_BTC/USD_state_vol=mid_vol,309,0.018598476053879504,0.003572655922491532,0.03596015673874642
SOL/USD,1d,cross_BTC/USD_state_vol=mid_vol + state_ext=stretched_up,calendar_2024,ok,2024-08-26 00:00:00+00:00,2024-12-31 00:00:00+00:00,128,23,-0.018323939112047376,0.391304347826087,-1.0146208638015322,0.31028659001022896,False,128,-0.01817604305672444,-0.00014789605532293526,state_ext=stretched_up,73,-0.0101294916724317,-0.008194447439615676,0.4649001618872677
SOL/USD,1d,cross_BTC/USD_state_vol=mid_vol + state_ext=stretched_up,calendar_2025,ok,2025-01-01 00:00:00+00:00,2025-12-31 00:00:00+00:00,365,27,0.05009455479111265,0.8148148148148148,3.0678938172815724,0.002155732022466994,True,365,0.001966645914358717,0.04812790887675393,cross_BTC/USD_state_vol=mid_vol,100,0.016220242651425253,0.03387431213968739,0.2107786581981168
SOL/USD,1d,cross_BTC/USD_state_vol=mid_vol + state_ext=stretched_up,calendar_2026_ytd,ok,2026-01-01 00:00:00+00:00,2026-07-06 00:00:00+00:00,187,26,0.03435630680107326,0.7692307692307693,4.158036920165491,3.2099415362640826e-05,True,187,0.010861070017520508,0.023495236783552753,cross_BTC/USD_state_vol=mid_vol,70,0.01777783445684001,0.01657847234423325,0.1964807536563704
SOL/USD,1d,cross_BTC/USD_state_vol=mid_vol + state_ext=stretched_up,latest_12m,ok,2025-07-06 00:00:00+00:00,2026-07-06 00:00:00+00:00,366,33,0.0360225139117658,0.7878787878787878,5.701932723356535,1.1845658232090273e-08,True,366,0.005975290509126825,0.030047223402638976,cross_BTC/USD_state_vol=mid_vol,133,0.01886972897405427,0.01715278493771153,0.04347460202393938
SOL/USD,1d,cross_BTC/USD_state_vol=mid_vol + state_ext=stretched_up,latest_6m,ok,2026-01-06 00:00:00+00:00,2026-07-06 00:00:00+00:00,182,26,0.03435630680107326,0.7692307692307693,4.158036920165491,3.2099415362640826e-05,True,182,0.012134252207119445,0.022222054593953815,cross_BTC/USD_state_vol=mid_vol,70,0.01777783445684001,0.01657847234423325,0.1964807536563704
ETH/USD,1d,cross_BTC/USD_state_slope=uptrend + state_slope=flat,all,ok,2021-07-13 00:00:00+00:00,2026-07-06 00:00:00+00:00,1820,137,0.014379806358446816,0.5985401459854015,1.3634532675555016,0.17273970307772957,False,1820,-0.0033142747187363923,0.017694081077183208,state_slope=flat,621,-0.0004127242000569828,0.014792530558503799,0.9416054998839782
ETH/USD,1d,cross_BTC/USD_state_slope=uptrend + state_slope=flat,calendar_2024,ok,2024-01-01 00:00:00+00:00,2024-12-31 00:00:00+00:00,366,34,-0.012878771062449005,0.4117647058823529,-0.42674007732760166,0.6695686562317991,False,366,-0.009215561770698898,-0.0036632092917501073,state_slope=flat,94,-0.001837774642571114,-0.01104099641987789,0.9042084869180644
ETH/USD,1d,cross_BTC/USD_state_slope=uptrend + state_slope=flat,calendar_2025,ok,2025-01-01 00:00:00+00:00,2025-12-31 00:00:00+00:00,365,24,0.039398632837978946,0.75,2.2636456822056332,0.023595915780855847,True,365,-0.002051161338220393,0.04144979417619934,state_slope=flat,127,0.01545821513228111,0.023940417705697836,0.23038297578855294
ETH/USD,1d,cross_BTC/USD_state_slope=uptrend + state_slope=flat,calendar_2026_ytd,ok,2026-01-01 00:00:00+00:00,2026-07-06 00:00:00+00:00,187,16,0.019867140433679792,0.6875,1.303590318493076,0.19237330340241043,False,187,0.012256648945334554,0.007610491488345238,cross_BTC/USD_state_slope=uptrend,53,0.012914462040510248,0.006952678393169544,0.24820472660212722
ETH/USD,1d,cross_BTC/USD_state_slope=uptrend + state_slope=flat,latest_12m,ok,2025-07-06 00:00:00+00:00,2026-07-06 00:00:00+00:00,366,25,0.026708711442712852,0.72,1.6965651776047717,0.08977889797792082,False,366,0.002557407962997154,0.024151303479715697,cross_BTC/USD_state_slope=uptrend,92,0.0006723681606574575,0.026036343282055393,0.9627389804613287
ETH/USD,1d,cross_BTC/USD_state_slope=uptrend + state_slope=flat,latest_6m,ok,2026-01-06 00:00:00+00:00,2026-07-06 00:00:00+00:00,182,16,0.019867140433679792,0.6875,1.3035903184930762,0.19237330340241043,False,182,0.012822545120611074,0.0070445953130687175,cross_BTC/USD_state_slope=uptrend,53,0.012914462040510248,0.006952678393169544,0.24820472660212722
ETH/USD,1d,cross_BTC/USD_state_slope=downtrend + state_slope=flat,all,ok,2021-07-13 00:00:00+00:00,2026-07-06 00:00:00+00:00,1820,90,0.01653567775424387,0.5777777777777777,1.5841657716109574,0.11315600023284045,False,1820,0.0029142747187363947,0.013621403035507476,state_slope=flat,621,1.272420005697967e-05,0.01652295355418689,0.9981981012419365
ETH/USD,1d,cross_BTC/USD_state_slope=downtrend + state_slope=flat,calendar_2024,ok,2024-01-01 00:00:00+00:00,2024-12-31 00:00:00+00:00,366,16,-0.028694978116440683,0.375,-1.3922489356034167,0.16384702883645041,False,366,0.0088155617706989,-0.03751053988713958,cross_BTC/USD_state_slope=downtrend,111,0.006743560430145729,-0.035438538546586414,0.43226730295666105
ETH/USD,1d,cross_BTC/USD_state_slope=downtrend + state_slope=flat,calendar_2025,ok,2025-01-01 00:00:00+00:00,2025-12-31 00:00:00+00:00,365,30,0.03409876947742014,0.6,1.6319502645260864,0.10268996395760066,False,365,0.0016511613382203985,0.03244760813919974,cross_BTC/USD_state_slope=downtrend,136,0.005177382623607109,0.02892138685381303,0.6174009332353809
ETH/USD,1d,cross_BTC/USD_state_slope=downtrend + state_slope=flat,calendar_2026_ytd,ok,2026-01-01 00:00:00+00:00,2026-07-06 00:00:00+00:00,187,11,0.0483360629214848,0.8181818181818182,4.315965830105851,1.589065610607676e-05,False,187,-0.012656648945334555,0.06099271186681935,state_slope=flat,63,0.00846481807018824,0.03987124485129656,0.408638616449708
ETH/USD,1d,cross_BTC/USD_state_slope=downtrend + state_slope=flat,latest_12m,ok,2025-07-06 00:00:00+00:00,2026-07-06 00:00:00+00:00,366,34,0.04674343804916836,0.6764705882352942,2.564156608558447,0.010342686556990888,True,366,-0.002957407962997151,0.04970084601216551,state_slope=flat,122,0.006120443777658936,0.04062299427150943,0.5785291437898945
ETH/USD,1d,cross_BTC/USD_state_slope=downtrend + state_slope=flat,latest_6m,ok,2026-01-06 00:00:00+00:00,2026-07-06 00:00:00+00:00,182,11,0.0483360629214848,0.8181818181818182,4.315965830105851,1.589065610607676e-05,False,182,-0.013222545120611074,0.06155860804209587,state_slope=flat,60,0.0071570060378725415,0.04117905688361226,0.5024861673223455
BTC/USD,1d,cross_ETH/USD_state_slope=flat + state_slope=downtrend,all,ok,2021-07-13 00:00:00+00:00,2026-07-06 00:00:00+00:00,1820,90,0.015704721848434265,0.6111111111111112,2.2871030710434557,0.022189807682887253,True,1820,0.003576943157309506,0.012127778691124759,state_slope=downtrend,477,0.005243623178860305,0.01046109866957396,0.28515466305596515
BTC/USD,1d,cross_ETH/USD_state_slope=flat + state_slope=downtrend,calendar_2024,ok,2024-01-01 00:00:00+00:00,2024-12-31 00:00:00+00:00,366,16,0.00128754697793829,0.5,0.06061547914225916,0.9516654456199951,False,366,0.01251793429046719,-0.0112303873125289,state_slope=downtrend,111,0.017596501616026786,-0.016308954638088496,0.041388594383612975
BTC/USD,1d,cross_ETH/USD_state_slope=flat + state_slope=downtrend,calendar_2025,ok,2025-01-01 00:00:00+00:00,2025-12-31 00:00:00+00:00,365,30,0.013669484843738323,0.7333333333333333,3.066065005622942,0.002168961534998237,True,365,-0.00011000233949370749,0.01377948718323203,state_slope=downtrend,136,0.004925689892488289,0.008743794951250035,0.44950650664875025
BTC/USD,1d,cross_ETH/USD_state_slope=flat + state_slope=downtrend,calendar_2026_ytd,ok,2026-01-01 00:00:00+00:00,2026-07-06 00:00:00+00:00,187,11,0.034677310115936916,1.0,4.547543900936169,5.42756010779577e-06,False,187,-0.008446825899888393,0.04312413601582531,cross_ETH/USD_state_slope=flat,63,0.008475965477435336,0.02620134463850158,0.23839348231942803
BTC/USD,1d,cross_ETH/USD_state_slope=flat + state_slope=downtrend,latest_12m,ok,2025-07-06 00:00:00+00:00,2026-07-06 00:00:00+00:00,366,34,0.021823474614955474,0.8235294117647058,4.571676441769957,4.8383763715520445e-06,True,366,-0.006657560194057129,0.028481034809012602,cross_ETH/USD_state_slope=flat,122,0.0028152921001311157,0.01900818251482436,0.6399256684642869
BTC/USD,1d,cross_ETH/USD_state_slope=flat + state_slope=downtrend,latest_6m,ok,2026-01-06 00:00:00+00:00,2026-07-06 00:00:00+00:00,182,11,0.034677310115936916,1.0,4.547543900936169,5.42756010779577e-06,False,182,-0.008824548367114722,0.04350185848305164,cross_ETH/USD_state_slope=flat,60,0.007651131484163065,0.02702617863177385,0.3085061610228266
BTC/USD,1d,cross_ETH/USD_state_slope=uptrend + state_slope=flat,all,ok,2021-07-13 00:00:00+00:00,2026-07-06 00:00:00+00:00,1820,70,0.0131538527877495,0.6714285714285714,1.8416456371795553,0.06552700088021557,False,1820,-0.003976943157309506,0.017130795945059007,cross_ETH/USD_state_slope=uptrend,461,-0.0022039220373292583,0.015357774825078758,0.6328103070015549
BTC/USD,1d,cross_ETH/USD_state_slope=uptrend + state_slope=flat,calendar_2024,ok,2024-01-01 00:00:00+00:00,2024-12-31 00:00:00+00:00,366,16,-0.0017756529349433007,0.4375,-0.12354895887914728,0.9016724076453153,False,366,-0.012917934290467198,0.011142281355523897,state_slope=flat,102,-0.004843537743731973,0.003067884808788672,0.5489312868132068
BTC/USD,1d,cross_ETH/USD_state_slope=uptrend + state_slope=flat,calendar_2025,ok,2025-01-01 00:00:00+00:00,2025-12-31 00:00:00+00:00,365,26,0.02456782242439168,0.9230769230769231,5.582999114710422,2.364059481507752e-08,True,365,-0.0002899976605062953,0.024857820084897977,state_slope=flat,134,0.003754558525832723,0.02081326389855896,0.5857884046481281
BTC/USD,1d,cross_ETH/USD_state_slope=uptrend + state_slope=flat,calendar_2026_ytd,ok,2026-01-01 00:00:00+00:00,2026-07-06 00:00:00+00:00,187,12,0.023397394362444947,0.8333333333333334,2.2181092354625718,0.026547385268038237,False,187,0.008046825899888392,0.015350568462556556,cross_ETH/USD_state_slope=uptrend,49,0.0064699292057144465,0.0169274651567305,0.47968389117190124
BTC/USD,1d,cross_ETH/USD_state_slope=uptrend + state_slope=flat,latest_12m,ok,2025-07-06 00:00:00+00:00,2026-07-06 00:00:00+00:00,366,38,0.02419821356272429,0.8947368421052632,5.731497479924427,9.954782775878357e-09,True,366,0.0062575601940571286,0.01794065336866716,cross_ETH/USD_state_slope=uptrend,109,0.010914780577701724,0.013283432985022567,0.05965220075371236
BTC/USD,1d,cross_ETH/USD_state_slope=uptrend + state_slope=flat,latest_6m,ok,2026-01-06 00:00:00+00:00,2026-07-06 00:00:00+00:00,182,10,0.0233162155856447,0.8,1.835995275874116,0.06635835533948997,False,182,0.008424548367114723,0.014891667218529978,cross_ETH/USD_state_slope=uptrend,47,0.005732339459300334,0.017583876126344367,0.5465457304744339
BTC/USD,1d,state_ext=neutral + state_slope=downtrend,all,ok,2021-07-13 00:00:00+00:00,2026-07-06 00:00:00+00:00,1820,69,0.013850037928547736,0.6376811594202898,1.9978681313652389,0.045730958478992,True,1820,0.003576943157309506,0.01027309477123823,state_slope=downtrend,477,0.005243623178860305,0.00860641474968743,0.28515466305596515
BTC/USD,1d,state_ext=neutral + state_slope=downtrend,calendar_2024,ok,2024-01-01 00:00:00+00:00,2024-12-31 00:00:00+00:00,366,17,0.01671064495723109,0.5882352941176471,0.9715823957740132,0.3312583439164922,False,366,0.01251793429046719,0.0041927106667639,state_slope=downtrend,111,0.017596501616026786,-0.0008858566587956959,0.041388594383612975
BTC/USD,1d,state_ext=neutral + state_slope=downtrend,calendar_2025,ok,2025-01-01 00:00:00+00:00,2025-12-31 00:00:00+00:00,365,34,0.008983232701157461,0.6764705882352942,1.0160223911528752,0.30961872402503055,False,365,-0.00011000233949370749,0.009093235040651168,state_slope=downtrend,136,0.004925689892488289,0.004057542808669172,0.44950650664875025
BTC/USD,1d,state_ext=neutral + state_slope=downtrend,calendar_2026_ytd,ok,2026-01-01 00:00:00+00:00,2026-07-06 00:00:00+00:00,187,9,0.017778704806493403,0.6666666666666666,1.3926047897184681,0.163739333829102,False,187,-0.008446825899888393,0.026225530706381797,state_ext=neutral,32,0.0038984138721624793,0.013880290934330923,0.7400193940243229
BTC/USD,1d,state_ext=neutral + state_slope=downtrend,latest_12m,ok,2025-07-06 00:00:00+00:00,2026-07-06 00:00:00+00:00,366,27,0.020824349605572397,0.7037037037037037,2.8273100326323366,0.0046940857172343975,True,366,-0.006657560194057129,0.027481909799629525,state_ext=neutral,81,-0.0019033054806356744,0.02272765508620807,0.7793475227360289
BTC/USD,1d,state_ext=neutral + state_slope=downtrend,latest_6m,ok,2026-01-06 00:00:00+00:00,2026-07-06 00:00:00+00:00,182,9,0.017778704806493403,0.6666666666666666,1.3926047897184681,0.163739333829102,False,182,-0.008824548367114722,0.026603253173608125,state_ext=neutral,31,0.0022219847813726296,0.015556720025120773,0.8476520426353589
ETH/USD,1d,cross_BTC/USD_state_vol=mid_vol + state_ext=neutral,all,ok,2021-07-13 00:00:00+00:00,2026-07-06 00:00:00+00:00,1820,67,0.014716759570027476,0.6567164179104478,1.3998806467236122,0.1615490623808591,False,1820,-0.0033142747187363923,0.01803103428876387,state_ext=neutral,250,0.010409114817530537,0.004307644752496939,0.09061307262526608
ETH/USD,1d,cross_BTC/USD_state_vol=mid_vol + state_ext=neutral,calendar_2024,ok,2024-01-01 00:00:00+00:00,2024-12-31 00:00:00+00:00,366,16,0.003764593116013114,0.625,0.14636852934579703,0.8836304696632871,False,366,-0.009215561770698898,0.012980154886712012,state_ext=neutral,35,0.013448738608960498,-0.009684145492947384,0.35523613137437726
ETH/USD,1d,cross_BTC/USD_state_vol=mid_vol + state_ext=neutral,calendar_2025,ok,2025-01-01 00:00:00+00:00,2025-12-31 00:00:00+00:00,365,13,0.04598768226242215,0.8461538461538461,4.674286429774498,2.949774137395167e-06,False,365,-0.002051161338220393,0.04803884360064254,state_ext=neutral,41,0.027064370354869954,0.018923311907552195,0.050898461770021663
ETH/USD,1d,cross_BTC/USD_state_vol=mid_vol + state_ext=neutral,calendar_2026_ytd,ok,2026-01-01 00:00:00+00:00,2026-07-06 00:00:00+00:00,187,15,0.02075339960786855,0.7333333333333333,1.3165359834132178,0.1879942092167819,False,187,0.012256648945334554,0.008496750662533996,cross_BTC/USD_state_vol=mid_vol,70,0.015597203531246502,0.005156196076622047,0.22675098188272758
ETH/USD,1d,cross_BTC/USD_state_vol=mid_vol + state_ext=neutral,latest_12m,ok,2025-07-06 00:00:00+00:00,2026-07-06 00:00:00+00:00,366,22,0.026518866689910926,0.7272727272727273,2.251598102746052,0.024347681072311778,True,366,0.002557407962997154,0.02396145872691377,cross_BTC/USD_state_vol=mid_vol,133,0.013959994691543928,0.012558871998366998,0.1327073896756632
ETH/USD,1d,cross_BTC/USD_state_vol=mid_vol + state_ext=neutral,latest_6m,ok,2026-01-06 00:00:00+00:00,2026-07-06 00:00:00+00:00,182,15,0.02075339960786855,0.7333333333333333,1.3165359834132178,0.1879942092167819,False,182,0.012822545120611074,0.007930854487257475,cross_BTC/USD_state_vol=mid_vol,70,0.015597203531246502,0.005156196076622047,0.22675098188272758
BTC/USD,1d,cross_ETH/USD_state_slope=uptrend + state_ext=neutral,all,ok,2021-07-13 00:00:00+00:00,2026-07-06 00:00:00+00:00,1820,55,0.0012414901753107226,0.5272727272727272,0.13678382751676277,0.8912016672536252,False,1820,-0.003976943157309506,0.005218433332620228,state_ext=neutral,370,-0.001751297045666231,0.0029927872209769535,0.6982195653460344
BTC/USD,1d,cross_ETH/USD_state_slope=uptrend + state_ext=neutral,calendar_2024,ok,2024-01-01 00:00:00+00:00,2024-12-31 00:00:00+00:00,366,8,-0.025172125003026468,0.125,-2.057789435908733,0.03961035059370466,False,366,-0.012917934290467198,-0.01225419071255927,cross_ETH/USD_state_slope=uptrend,138,-0.012511207811912634,-0.012660917191113834,0.17644891795153406
BTC/USD,1d,cross_ETH/USD_state_slope=uptrend + state_ext=neutral,calendar_2025,ok,2025-01-01 00:00:00+00:00,2025-12-31 00:00:00+00:00,365,17,0.026028990547942187,0.9411764705882353,6.578414831069066,4.7549075787856054e-11,True,365,-0.0002899976605062953,0.026318988208448482,state_ext=neutral,102,0.008578202676405383,0.017450787871536803,0.17837197623940115
BTC/USD,1d,cross_ETH/USD_state_slope=uptrend + state_ext=neutral,calendar_2026_ytd,ok,2026-01-01 00:00:00+00:00,2026-07-06 00:00:00+00:00,187,10,0.007956457372792745,0.5,0.3518547271689816,0.7249472132070933,False,187,0.008046825899888392,-9.036852709564704e-05,cross_ETH/USD_state_slope=uptrend,49,0.0064699292057144465,0.0014865281670782982,0.47968389117190124
BTC/USD,1d,cross_ETH/USD_state_slope=uptrend + state_ext=neutral,latest_12m,ok,2025-07-06 00:00:00+00:00,2026-07-06 00:00:00+00:00,366,26,0.019253776749491858,0.7692307692307693,2.1777395613474178,0.029425431797229784,True,366,0.0062575601940571286,0.012996216555434729,cross_ETH/USD_state_slope=uptrend,109,0.010914780577701724,0.008338996171790134,0.05965220075371236
BTC/USD,1d,cross_ETH/USD_state_slope=uptrend + state_ext=neutral,latest_6m,ok,2026-01-06 00:00:00+00:00,2026-07-06 00:00:00+00:00,182,10,0.007956457372792745,0.5,0.3518547271689816,0.7249472132070933,False,182,0.008424548367114723,-0.00046809099432197805,cross_ETH/USD_state_slope=uptrend,47,0.005732339459300334,0.0022241179134924105,0.5465457304744339
SOL/USD,1d,cross_ETH/USD_state_slope=uptrend + state_slope=flat,all,ok,2021-07-13 00:00:00+00:00,2026-07-06 00:00:00+00:00,1402,116,0.005688989268128389,0.5344827586206896,0.44155416833988614,0.6588118554228739,False,1402,-0.02703703332797362,0.03272602259610201,state_slope=flat,498,0.0019721894881920368,0.003716799779936352,0.7963420740334526
SOL/USD,1d,cross_ETH/USD_state_slope=uptrend + state_slope=flat,calendar_2024,ok,2024-08-26 00:00:00+00:00,2024-12-31 00:00:00+00:00,128,14,0.06497246186273012,0.7857142857142857,2.6106372919841307,0.00903736882318662,False,128,-0.01817604305672444,0.08314850491945455,cross_ETH/USD_state_slope=uptrend,60,0.006141432672795594,0.058831029189934526,0.7014674554639728
SOL/USD,1d,cross_ETH/USD_state_slope=uptrend + state_slope=flat,calendar_2025,ok,2025-01-01 00:00:00+00:00,2025-12-31 00:00:00+00:00,365,28,0.009389462223383271,0.5714285714285714,0.43187921478286334,0.6658292022045347,False,365,0.001966645914358717,0.007422816309024555,state_slope=flat,132,0.0024310569162444215,0.00695840530713885,0.8708032365407041
SOL/USD,1d,cross_ETH/USD_state_slope=uptrend + state_slope=flat,calendar_2026_ytd,ok,2026-01-01 00:00:00+00:00,2026-07-06 00:00:00+00:00,187,25,0.012396013319323376,0.64,1.0298331189243093,0.30308835088021757,False,187,0.010861070017520508,0.0015349433018028678,cross_ETH/USD_state_slope=uptrend,49,0.012536244610544707,-0.00014023129122133111,0.2834393285714423
SOL/USD,1d,cross_ETH/USD_state_slope=uptrend + state_slope=flat,latest_12m,ok,2025-07-06 00:00:00+00:00,2026-07-06 00:00:00+00:00,366,46,0.016352788389162966,0.6304347826086957,1.545800127129127,0.12215284633752699,False,366,0.005975290509126825,0.01037749788003614,cross_ETH/USD_state_slope=uptrend,109,0.007876651029940743,0.008476137359222223,0.49705015036611266
SOL/USD,1d,cross_ETH/USD_state_slope=uptrend + state_slope=flat,latest_6m,ok,2026-01-06 00:00:00+00:00,2026-07-06 00:00:00+00:00,182,23,0.01331613746864756,0.6521739130434783,1.0281284494055676,0.3038894097723799,False,182,0.012134252207119445,0.0011818852615281157,cross_ETH/USD_state_slope=uptrend,47,0.012992485419414902,0.00032365204923265854,0.28557333721145817
BTC/USD,1d,state_ext=neutral + state_vol=mid_vol,all,ok,2021-07-13 00:00:00+00:00,2026-07-06 00:00:00+00:00,1820,87,0.008505263454046072,0.5517241379310345,0.9248199478996448,0.35505957254815845,False,1820,-0.003976943157309506,0.012482206611355578,state_vol=mid_vol,468,-0.0008777988968306144,0.009383062350876686,0.8696157906672448
BTC/USD,1d,state_ext=neutral + state_vol=mid_vol,calendar_2024,ok,2024-01-01 00:00:00+00:00,2024-12-31 00:00:00+00:00,366,22,-0.0022626813173405387,0.5,-0.15469312183046904,0.8770632527038962,False,366,-0.012917934290467198,0.01065525297312666,state_ext=neutral,53,-0.013525641402374779,0.01126296008503424,0.29253940995118377
BTC/USD,1d,state_ext=neutral + state_vol=mid_vol,calendar_2025,ok,2025-01-01 00:00:00+00:00,2025-12-31 00:00:00+00:00,365,23,0.01923345967059562,0.782608695652174,2.0580727449267457,0.039583150872863015,True,365,-0.0002899976605062953,0.019523457331101914,state_ext=neutral,102,0.008578202676405383,0.010655256994190235,0.17837197623940115
BTC/USD,1d,state_ext=neutral + state_vol=mid_vol,calendar_2026_ytd,ok,2026-01-01 00:00:00+00:00,2026-07-06 00:00:00+00:00,187,15,0.020373187182420042,0.6,1.3268396597570504,0.1845617280895675,False,187,0.008046825899888392,0.01232636128253165,state_vol=mid_vol,70,0.01024447550501851,0.010128711677401531,0.3124593996995433
BTC/USD,1d,state_ext=neutral + state_vol=mid_vol,latest_12m,ok,2025-07-06 00:00:00+00:00,2026-07-06 00:00:00+00:00,366,29,0.02087068478427139,0.7241379310344828,2.022721221012164,0.04310189773859663,True,366,0.0062575601940571286,0.014613124590214263,state_vol=mid_vol,133,0.011354872542726043,0.009515812241545348,0.11232972479561143
BTC/USD,1d,state_ext=neutral + state_vol=mid_vol,latest_6m,ok,2026-01-06 00:00:00+00:00,2026-07-06 00:00:00+00:00,182,15,0.020373187182420042,0.6,1.3268396597570504,0.1845617280895675,False,182,0.008424548367114723,0.011948638815305319,state_vol=mid_vol,70,0.01024447550501851,0.010128711677401531,0.3124593996995433
SOL/USD,1d,cross_ETH/USD_state_ext=stretched_down + state_ext=stretched_up,all,ok,2021-07-13 00:00:00+00:00,2026-07-06 00:00:00+00:00,1402,76,0.004261643500531247,0.5,0.26831585318630496,0.7884562044069203,False,1402,0.026637033327973632,-0.022375389827442384,state_ext=stretched_up,552,0.06646332827400442,-0.06220168477347317,0.19285439004601246
SOL/USD,1d,cross_ETH/USD_state_ext=stretched_down + state_ext=stretched_up,calendar_2024,ok,2024-08-26 00:00:00+00:00,2024-12-31 00:00:00+00:00,128,20,-0.009166097798725195,0.4,-0.5469092149675555,0.5844411045561262,False,128,0.01777604305672445,-0.026942140855449645,cross_ETH/USD_state_ext=stretched_down,53,0.039789173738698475,-0.04895527153742367,0.021881203055232
SOL/USD,1d,cross_ETH/USD_state_ext=stretched_down + state_ext=stretched_up,calendar_2025,ok,2025-01-01 00:00:00+00:00,2025-12-31 00:00:00+00:00,365,31,0.03650865729759852,0.7096774193548387,1.708443480526176,0.08755408520464103,False,365,-0.002366645914358717,0.038875303211957236,cross_ETH/USD_state_ext=stretched_down,196,0.008463972103565092,0.028044685194033428,0.45940912777360454
SOL/USD,1d,cross_ETH/USD_state_ext=stretched_down + state_ext=stretched_up,calendar_2026_ytd,ok,2026-01-01 00:00:00+00:00,2026-07-06 00:00:00+00:00,187,7,0.04643788425146328,0.7142857142857143,1.1613809824313583,0.24548699937019092,False,187,-0.011261070017520504,0.05769895426898378,state_ext=stretched_up,70,-0.011764930122479669,0.05820281437394295,0.3010720255296142
SOL/USD,1d,cross_ETH/USD_state_ext=stretched_down + state_ext=stretched_up,latest_12m,ok,2025-07-06 00:00:00+00:00,2026-07-06 00:00:00+00:00,366,17,0.05747381291331443,0.7647058823529411,2.5248118214184503,0.011576025680758661,True,366,-0.006375290509126825,0.06384910342244125,cross_ETH/USD_state_ext=stretched_down,181,-0.006520838563378338,0.06399465147669277,0.5651614921935648
SOL/USD,1d,cross_ETH/USD_state_ext=stretched_down + state_ext=stretched_up,latest_6m,ok,2026-01-06 00:00:00+00:00,2026-07-06 00:00:00+00:00,182,7,0.04643788425146328,0.7142857142857143,1.1613809824313583,0.24548699937019092,False,182,-0.012534252207119442,0.05897213645858272,state_ext=stretched_up,66,-0.013428029733591376,0.059865913985054656,0.26168158727692914
ETH/USD,1d,cross_BTC/USD_state_slope=uptrend + state_ext=neutral,all,ok,2021-07-13 00:00:00+00:00,2026-07-06 00:00:00+00:00,1820,72,0.023005243418917666,0.6805555555555556,2.680078398430463,0.007360491914338629,True,1820,-0.0033142747187363923,0.02631951813765406,state_ext=neutral,250,0.010409114817530537,0.01259612860138713,0.09061307262526608
ETH/USD,1d,cross_BTC/USD_state_slope=uptrend + state_ext=neutral,calendar_2024,ok,2024-01-01 00:00:00+00:00,2024-12-31 00:00:00+00:00,366,10,0.025248396318602612,0.6,1.4140541063993757,0.1573460166945122,False,366,-0.009215561770698898,0.034463958089301513,state_ext=neutral,35,0.013448738608960498,0.011799657709642114,0.35523613137437726
ETH/USD,1d,cross_BTC/USD_state_slope=uptrend + state_ext=neutral,calendar_2025,ok,2025-01-01 00:00:00+00:00,2025-12-31 00:00:00+00:00,365,12,0.08200320461043835,1.0,7.86578132350784,3.552713678800501e-15,False,365,-0.002051161338220393,0.08405436594865874,state_ext=neutral,41,0.027064370354869954,0.05493883425556839,0.050898461770021663
ETH/USD,1d,cross_BTC/USD_state_slope=uptrend + state_ext=neutral,calendar_2026_ytd,ok,2026-01-01 00:00:00+00:00,2026-07-06 00:00:00+00:00,187,15,0.0029790939140941996,0.6,0.18018932221007483,0.857003940875745,False,187,0.012256648945334554,-0.009277555031240354,cross_BTC/USD_state_slope=uptrend,53,0.012914462040510248,-0.009935368126416048,0.24820472660212722
ETH/USD,1d,cross_BTC/USD_state_slope=uptrend + state_ext=neutral,latest_12m,ok,2025-07-06 00:00:00+00:00,2026-07-06 00:00:00+00:00,366,20,0.024122857151378317,0.7,1.4068030862928695,0.15948578716235495,False,366,0.002557407962997154,0.021565449188381162,state_ext=neutral,57,0.005949092477262095,0.018173764674116223,0.6116580251560992
ETH/USD,1d,cross_BTC/USD_state_slope=uptrend + state_ext=neutral,latest_6m,ok,2026-01-06 00:00:00+00:00,2026-07-06 00:00:00+00:00,182,15,0.0029790939140941996,0.6,0.18018932221007483,0.857003940875745,False,182,0.012822545120611074,-0.009843451206516874,cross_BTC/USD_state_slope=uptrend,53,0.012914462040510248,-0.009935368126416048,0.24820472660212722
ETH/USD,1d,cross_BTC/USD_state_ext=stretched_up + state_ext=neutral,all,ok,2021-07-13 00:00:00+00:00,2026-07-06 00:00:00+00:00,1820,92,0.012412111670534855,0.6413043478260869,1.3496733071006486,0.17712079817330406,False,1820,-0.0033142747187363923,0.01572638638927125,state_ext=neutral,250,0.010409114817530537,0.002002996853004318,0.09061307262526608
ETH/USD,1d,cross_BTC/USD_state_ext=stretched_up + state_ext=neutral,calendar_2024,ok,2024-01-01 00:00:00+00:00,2024-12-31 00:00:00+00:00,366,21,-0.0053639259752981975,0.47619047619047616,-0.27459508613155403,0.7836273419677229,False,366,-0.009215561770698898,0.0038516357954007,state_ext=neutral,35,0.013448738608960498,-0.018812664584258697,0.35523613137437726
ETH/USD,1d,cross_BTC/USD_state_ext=stretched_up + state_ext=neutral,calendar_2025,ok,2025-01-01 00:00:00+00:00,2025-12-31 00:00:00+00:00,365,15,0.04657970062322885,0.7333333333333333,5.229696161356309,1.6978885808427435e-07,True,365,-0.002051161338220393,0.048630861961449244,state_ext=neutral,41,0.027064370354869954,0.0195153302683589,0.050898461770021663
ETH/USD,1d,cross_BTC/USD_state_ext=stretched_up + state_ext=neutral,calendar_2026_ytd,ok,2026-01-01 00:00:00+00:00,2026-07-06 00:00:00+00:00,187,14,0.012429340122008978,0.7857142857142857,1.219612200508563,0.22261191915431788,False,187,0.012256648945334554,0.0001726911766744242,cross_BTC/USD_state_ext=stretched_up,63,0.01006527920220425,0.0023640609198047283,0.3312319987274921
ETH/USD,1d,cross_BTC/USD_state_ext=stretched_up + state_ext=neutral,latest_12m,ok,2025-07-06 00:00:00+00:00,2026-07-06 00:00:00+00:00,366,19,0.018369014376416495,0.7368421052631579,1.8650014780612587,0.06218119703007163,False,366,0.002557407962997154,0.01581160641341934,state_ext=neutral,57,0.005949092477262095,0.0124199218991544,0.6116580251560992
ETH/USD,1d,cross_BTC/USD_state_ext=stretched_up + state_ext=neutral,latest_6m,ok,2026-01-06 00:00:00+00:00,2026-07-06 00:00:00+00:00,182,14,0.012429340122008978,0.7857142857142857,1.219612200508563,0.22261191915431788,False,182,0.012822545120611074,-0.0003932049986020963,cross_BTC/USD_state_ext=stretched_up,59,0.009787347313299206,0.002641992808709772,0.374373143343115
BTC/USD,1d,state_ext=stretched_up + state_vol=high_vol,all,ok,2021-07-13 00:00:00+00:00,2026-07-06 00:00:00+00:00,1820,112,0.0066276885970180015,0.5446428571428571,0.7407258217811195,0.45885969952117134,False,1820,0.003576943157309506,0.0030507454397084954,state_vol=high_vol,284,0.007125321919678952,-0.0004976333226609508,0.13594294128187512
BTC/USD,1d,state_ext=stretched_up + state_vol=high_vol,calendar_2024,ok,2024-01-01 00:00:00+00:00,2024-12-31 00:00:00+00:00,366,56,-0.003681255695975583,0.5,-0.33597305394916027,0.7368911863975527,False,366,0.01251793429046719,-0.016199189986442774,state_ext=stretched_up,188,0.014021540824333765,-0.017702796520309347,0.09450038055582755
BTC/USD,1d,state_ext=stretched_up + state_vol=high_vol,calendar_2025,ok,2025-01-01 00:00:00+00:00,2025-12-31 00:00:00+00:00,365,15,0.03306074303261413,0.7333333333333333,1.6079376985014178,0.10784882431287723,False,365,-0.00011000233949370749,0.03317074537210784,state_vol=high_vol,37,0.01304177966674627,0.02001896336586786,0.3477603860221188
BTC/USD,1d,state_ext=stretched_up + state_vol=high_vol,calendar_2026_ytd,ok,2026-01-01 00:00:00+00:00,2026-07-06 00:00:00+00:00,187,5,0.028273377703643816,0.8,1.7908213456699567,0.07332196871865193,False,187,-0.008446825899888393,0.03672020360353221,state_vol=high_vol,28,0.005374481018868981,0.022898896684774836,0.5639137470774744
BTC/USD,1d,state_ext=stretched_up + state_vol=high_vol,latest_12m,ok,2025-07-06 00:00:00+00:00,2026-07-06 00:00:00+00:00,366,5,0.028273377703643816,0.8,1.7908213456699567,0.07332196871865193,False,366,-0.006657560194057129,0.034930937897700944,state_vol=high_vol,28,0.005374481018868981,0.022898896684774836,0.5639137470774744
BTC/USD,1d,state_ext=stretched_up + state_vol=high_vol,latest_6m,ok,2026-01-06 00:00:00+00:00,2026-07-06 00:00:00+00:00,182,5,0.028273377703643816,0.8,1.7908213456699567,0.07332196871865193,False,182,-0.008824548367114722,0.03709792607075854,state_vol=high_vol,28,0.005374481018868981,0.022898896684774836,0.5639137470774744
BTC/USD,1d,cross_ETH/USD_state_slope=flat + state_ext=stretched_down,all,ok,2021-07-13 00:00:00+00:00,2026-07-06 00:00:00+00:00,1820,201,0.009356391561346747,0.5771144278606966,1.9361513727420585,0.052849164140786886,False,1820,0.003576943157309506,0.005779448404037241,cross_ETH/USD_state_slope=flat,621,0.0022529617754168388,0.0071034297859299085,0.5549840493365628
BTC/USD,1d,cross_ETH/USD_state_slope=flat + state_ext=stretched_down,calendar_2024,ok,2024-01-01 00:00:00+00:00,2024-12-31 00:00:00+00:00,366,26,0.0012234323447924951,0.5384615384615384,0.07297245778256832,0.9418280345684622,False,366,0.01251793429046719,-0.011294501945674695,state_ext=stretched_down,125,0.009998842248083053,-0.008775409903290558,0.1982344996903156
BTC/USD,1d,cross_ETH/USD_state_slope=flat + state_ext=stretched_down,calendar_2025,ok,2025-01-01 00:00:00+00:00,2025-12-31 00:00:00+00:00,365,40,0.012610536570199445,0.7,1.9724797653060715,0.048554864004111575,True,365,-0.00011000233949370749,0.012720538909693152,state_ext=stretched_down,136,0.00475557150300421,0.007854965067195236,0.4397648300715231
BTC/USD,1d,cross_ETH/USD_state_slope=flat + state_ext=stretched_down,calendar_2026_ytd,ok,2026-01-01 00:00:00+00:00,2026-07-06 00:00:00+00:00,187,19,0.016054426170088485,0.5263157894736842,1.5373020587919666,0.12421935756086322,False,187,-0.008446825899888393,0.02450125206997688,cross_ETH/USD_state_slope=flat,63,0.008475965477435336,0.007578460692653149,0.23839348231942803
BTC/USD,1d,cross_ETH/USD_state_slope=flat + state_ext=stretched_down,latest_12m,ok,2025-07-06 00:00:00+00:00,2026-07-06 00:00:00+00:00,366,42,0.010524945704030146,0.5952380952380952,1.6005899619584334,0.10946776701205607,False,366,-0.006657560194057129,0.017182505898087275,cross_ETH/USD_state_slope=flat,122,0.0028152921001311157,0.00770965360389903,0.6399256684642869
BTC/USD,1d,cross_ETH/USD_state_slope=flat + state_ext=stretched_down,latest_6m,ok,2026-01-06 00:00:00+00:00,2026-07-06 00:00:00+00:00,182,19,0.016054426170088485,0.5263157894736842,1.5373020587919666,0.12421935756086322,False,182,-0.008824548367114722,0.024878974537203207,cross_ETH/USD_state_slope=flat,60,0.007651131484163065,0.00840329468592542,0.3085061610228266
SOL/USD,1d,cross_BTC/USD_state_slope=downtrend + cross_ETH/USD_state_slope=flat + state_ext=stretched_down,all,ok,2021-07-13 00:00:00+00:00,2026-07-06 00:00:00+00:00,1402,45,0.022971138732275975,0.5555555555555556,1.5731945959156055,0.11567376626245363,False,1402,0.026637033327973632,-0.0036658945956976573,cross_BTC/USD_state_slope=downtrend + cross_ETH/USD_state_slope=flat,71,0.025187408257542673,-0.002216269525266698,0.017678023394969822
SOL/USD,1d,cross_BTC/USD_state_slope=downtrend + cross_ETH/USD_state_slope=flat + state_ext=stretched_down,calendar_2024,ok,2024-08-26 00:00:00+00:00,2024-12-31 00:00:00+00:00,128,0,,,,,False,128,0.01777604305672445,,cross_BTC/USD_state_slope=downtrend + state_ext=stretched_down,8,0.09710296546629898,,4.5382811153515945e-07
SOL/USD,1d,cross_BTC/USD_state_slope=downtrend + cross_ETH/USD_state_slope=flat + state_ext=stretched_down,calendar_2025,ok,2025-01-01 00:00:00+00:00,2025-12-31 00:00:00+00:00,365,13,0.05600610304758731,0.7692307692307693,2.577282079210048,0.00995806500075358,False,365,-0.002366645914358717,0.058372748961946025,cross_BTC/USD_state_slope=downtrend + cross_ETH/USD_state_slope=flat,30,0.037584043432089854,0.018422059615497456,0.010726332308231612
SOL/USD,1d,cross_BTC/USD_state_slope=downtrend + cross_ETH/USD_state_slope=flat + state_ext=stretched_down,calendar_2026_ytd,ok,2026-01-01 00:00:00+00:00,2026-07-06 00:00:00+00:00,187,5,0.040440144941607276,0.6,1.9136410854311865,0.055666031586582454,False,187,-0.011261070017520504,0.05170121495912778,cross_BTC/USD_state_slope=downtrend + cross_ETH/USD_state_slope=flat,11,0.043455047307720256,-0.00301490236611298,0.03532716855783535
SOL/USD,1d,cross_BTC/USD_state_slope=downtrend + cross_ETH/USD_state_slope=flat + state_ext=stretched_down,latest_12m,ok,2025-07-06 00:00:00+00:00,2026-07-06 00:00:00+00:00,366,13,0.043115035463879965,0.6923076923076923,2.8638139381616696,0.004185738012993934,False,366,-0.006375290509126825,0.04949032597300679,cross_BTC/USD_state_slope=downtrend + cross_ETH/USD_state_slope=flat,34,0.04289965432867827,0.00021538113520169766,0.0005835873342805442
SOL/USD,1d,cross_BTC/USD_state_slope=downtrend + cross_ETH/USD_state_slope=flat + state_ext=stretched_down,latest_6m,ok,2026-01-06 00:00:00+00:00,2026-07-06 00:00:00+00:00,182,5,0.040440144941607276,0.6,1.9136410854311865,0.055666031586582454,False,182,-0.012534252207119442,0.05297439714872672,cross_BTC/USD_state_slope=downtrend + cross_ETH/USD_state_slope=flat,11,0.043455047307720256,-0.00301490236611298,0.03532716855783535
SOL/USD,1d,cross_BTC/USD_state_ext=neutral + cross_ETH/USD_state_slope=flat + state_ext=stretched_down,all,ok,2021-07-13 00:00:00+00:00,2026-07-06 00:00:00+00:00,1402,79,0.007957917495574646,0.6329113924050633,0.4282052952466745,0.6685016614229597,False,1402,-0.02703703332797362,0.03499495082354827,cross_BTC/USD_state_ext=neutral + cross_ETH/USD_state_slope=flat,139,0.005038660260202253,0.0029192572353723923,0.7327800203256107
SOL/USD,1d,cross_BTC/USD_state_ext=neutral + cross_ETH/USD_state_slope=flat + state_ext=stretched_down,calendar_2024,ok,2024-08-26 00:00:00+00:00,2024-12-31 00:00:00+00:00,128,3,-0.041684955838942155,0.6666666666666666,-0.8906234406308446,0.3731312195100329,False,128,-0.01817604305672444,-0.023508912782217714,cross_ETH/USD_state_slope=flat,32,-0.018250061174855926,-0.023434894664086228,0.4522559912908011
SOL/USD,1d,cross_BTC/USD_state_ext=neutral + cross_ETH/USD_state_slope=flat + state_ext=stretched_down,calendar_2025,ok,2025-01-01 00:00:00+00:00,2025-12-31 00:00:00+00:00,365,32,0.020930200619873066,0.6875,0.6809092341761869,0.49592892474256045,False,365,0.001966645914358717,0.01896355470551435,cross_BTC/USD_state_ext=neutral + cross_ETH/USD_state_slope=flat,50,0.01713233521533326,0.0037978654045398054,0.5073945884210462
SOL/USD,1d,cross_BTC/USD_state_ext=neutral + cross_ETH/USD_state_slope=flat + state_ext=stretched_down,calendar_2026_ytd,ok,2026-01-01 00:00:00+00:00,2026-07-06 00:00:00+00:00,187,5,-0.03114476033172171,0.2,-4.125485398836459,3.69953654404398e-05,False,187,0.010861070017520508,-0.04200583034924222,state_ext=stretched_down,91,0.01968797847176844,-0.05083273880349015,0.20821199933891044
SOL/USD,1d,cross_BTC/USD_state_ext=neutral + cross_ETH/USD_state_slope=flat + state_ext=stretched_down,latest_12m,ok,2025-07-06 00:00:00+00:00,2026-07-06 00:00:00+00:00,366,15,0.019280785367110767,0.4666666666666667,0.8259239618893897,0.40884722689327946,False,366,0.005975290509126825,0.013305494857983942,state_ext=stretched_down,176,0.010418078288257604,0.008862707078853163,0.3332999391609761
SOL/USD,1d,cross_BTC/USD_state_ext=neutral + cross_ETH/USD_state_slope=flat + state_ext=stretched_down,latest_6m,ok,2026-01-06 00:00:00+00:00,2026-07-06 00:00:00+00:00,182,5,-0.03114476033172171,0.2,-4.125485398836459,3.69953654404398e-05,False,182,0.012134252207119445,-0.04327901253884116,state_ext=stretched_down,91,0.01968797847176844,-0.05083273880349015,0.20821199933891044
BTC/USD,1d,state_ext=neutral + state_vol=high_vol,all,ok,2021-07-13 00:00:00+00:00,2026-07-06 00:00:00+00:00,1820,29,0.02286432873584531,0.7931034482758621,3.085778553197327,0.0020301996193239358,True,1820,0.003576943157309506,0.019287385578535807,state_vol=high_vol,284,0.007125321919678952,0.01573900681616636,0.13594294128187512
BTC/USD,1d,state_ext=neutral + state_vol=high_vol,calendar_2024,ok,2024-01-01 00:00:00+00:00,2024-12-31 00:00:00+00:00,366,9,0.02798458195781016,0.8888888888888888,1.843026551626473,0.06532513391414874,False,366,0.01251793429046719,0.015466647667342969,state_ext=neutral,53,0.013125641402374781,0.014858940555435378,0.3070464395664625
BTC/USD,1d,state_ext=neutral + state_vol=high_vol,calendar_2025,ok,2025-01-01 00:00:00+00:00,2025-12-31 00:00:00+00:00,365,7,0.02049539922620573,0.8571428571428571,3.543854898292902,0.00039432220003376983,False,365,-0.00011000233949370749,0.020605401565699438,state_vol=high_vol,37,0.01304177966674627,0.0074536195594594595,0.3477603860221188
BTC/USD,1d,state_ext=neutral + state_vol=high_vol,calendar_2026_ytd,ok,2026-01-01 00:00:00+00:00,2026-07-06 00:00:00+00:00,187,2,0.026386764169742706,1.0,3.751325634257904,0.00017590206456707946,False,187,-0.008446825899888393,0.0348335900696311,state_vol=high_vol,28,0.005374481018868981,0.021012283150873723,0.5639137470774744
BTC/USD,1d,state_ext=neutral + state_vol=high_vol,latest_12m,ok,2025-07-06 00:00:00+00:00,2026-07-06 00:00:00+00:00,366,2,0.026386764169742706,1.0,3.751325634257904,0.00017590206456707946,False,366,-0.006657560194057129,0.03304432436379984,state_vol=high_vol,28,0.005374481018868981,0.021012283150873723,0.5639137470774744
BTC/USD,1d,state_ext=neutral + state_vol=high_vol,latest_6m,ok,2026-01-06 00:00:00+00:00,2026-07-06 00:00:00+00:00,182,2,0.026386764169742706,1.0,3.751325634257904,0.00017590206456707946,False,182,-0.008824548367114722,0.03521131253685743,state_vol=high_vol,28,0.005374481018868981,0.021012283150873723,0.5639137470774744
ETH/USD,1d,cross_BTC/USD_state_slope=flat + state_slope=downtrend,all,ok,2021-07-13 00:00:00+00:00,2026-07-06 00:00:00+00:00,1820,133,0.010574265777967086,0.5864661654135338,0.8360740421197668,0.4031132504552508,False,1820,0.0029142747187363947,0.007659991059230691,cross_BTC/USD_state_slope=flat,597,0.001979577786715748,0.008594687991251338,0.7299869517645057
ETH/USD,1d,cross_BTC/USD_state_slope=flat + state_slope=downtrend,calendar_2024,ok,2024-01-01 00:00:00+00:00,2024-12-31 00:00:00+00:00,366,42,0.03596434559210874,0.6190476190476191,1.6542901249405222,0.09806857845865125,False,366,0.0088155617706989,0.02714878382140984,state_slope=downtrend,134,0.02318426871286124,0.012780076879247499,0.013353094737621252
ETH/USD,1d,cross_BTC/USD_state_slope=flat + state_slope=downtrend,calendar_2025,ok,2025-01-01 00:00:00+00:00,2025-12-31 00:00:00+00:00,365,35,0.008436579493329604,0.6285714285714286,0.3771998707041422,0.7060250763710956,False,365,0.0016511613382203985,0.0067854181551092055,state_slope=downtrend,143,-0.000132221333244847,0.008568800826574451,0.9889383987857425
ETH/USD,1d,cross_BTC/USD_state_slope=flat + state_slope=downtrend,calendar_2026_ytd,ok,2026-01-01 00:00:00+00:00,2026-07-06 00:00:00+00:00,187,3,-0.019150768255252065,0.0,-2.0731646186620365,0.038156961924488364,False,187,-0.012656648945334555,-0.00649411930991751,cross_BTC/USD_state_slope=flat,51,-0.0004872501800272825,-0.01866351807522478,0.9621232467699752
ETH/USD,1d,cross_BTC/USD_state_slope=flat + state_slope=downtrend,latest_12m,ok,2025-07-06 00:00:00+00:00,2026-07-06 00:00:00+00:00,366,12,0.02833733575394401,0.6666666666666666,2.5112814211024492,0.012029375610417059,False,366,-0.002957407962997151,0.03129474371694116,cross_BTC/USD_state_slope=flat,113,-0.004821987939733208,0.03315932369367722,0.5808053523142493
ETH/USD,1d,cross_BTC/USD_state_slope=flat + state_slope=downtrend,latest_6m,ok,2026-01-06 00:00:00+00:00,2026-07-06 00:00:00+00:00,182,3,-0.019150768255252065,0.0,-2.0731646186620365,0.038156961924488364,False,182,-0.013222545120611074,-0.005928223134640991,cross_BTC/USD_state_slope=flat,46,-0.0014034699642401203,-0.017747298291011945,0.8984703197509707
SOL/USD,1d,cross_BTC/USD_state_slope=flat + cross_ETH/USD_state_slope=uptrend + state_ext=stretched_down,all,ok,2021-07-13 00:00:00+00:00,2026-07-06 00:00:00+00:00,1402,17,0.027401883466263655,0.6470588235294118,2.3403250997979907,0.01926696034726083,True,1402,-0.02703703332797362,0.05443891679423728,cross_ETH/USD_state_slope=uptrend + state_ext=stretched_down,41,0.029953324742383287,-0.002551441276119632,0.3157261505938118
SOL/USD,1d,cross_BTC/USD_state_slope=flat + cross_ETH/USD_state_slope=uptrend + state_ext=stretched_down,calendar_2024,ok,2024-08-26 00:00:00+00:00,2024-12-31 00:00:00+00:00,128,4,0.0011848532344168675,0.5,0.07273303752878217,0.9420185580168012,False,128,-0.01817604305672444,0.019360896291141308,cross_ETH/USD_state_slope=uptrend + state_ext=stretched_down,13,0.047271373762161034,-0.04608652052774417,0.1512048298944637
SOL/USD,1d,cross_BTC/USD_state_slope=flat + cross_ETH/USD_state_slope=uptrend + state_ext=stretched_down,calendar_2025,ok,2025-01-01 00:00:00+00:00,2025-12-31 00:00:00+00:00,365,7,0.029628400935123162,0.5714285714285714,1.6751479455268976,0.09390520785558998,False,365,0.001966645914358717,0.027661755020764445,cross_ETH/USD_state_slope=uptrend + state_ext=stretched_down,9,0.014854534865018556,0.014773866070104606,0.4765149515484377
SOL/USD,1d,cross_BTC/USD_state_slope=flat + cross_ETH/USD_state_slope=uptrend + state_ext=stretched_down,calendar_2026_ytd,ok,2026-01-01 00:00:00+00:00,2026-07-06 00:00:00+00:00,187,2,0.03678312452583191,1.0,43.664587303057985,0.0,False,187,0.010861070017520508,0.025922054508311407,state_ext=stretched_down,91,0.01968797847176844,0.017095146054063474,0.20821199933891044
SOL/USD,1d,cross_BTC/USD_state_slope=flat + cross_ETH/USD_state_slope=uptrend + state_ext=stretched_down,latest_12m,ok,2025-07-06 00:00:00+00:00,2026-07-06 00:00:00+00:00,366,9,0.031218339510836215,0.6666666666666666,2.2467416288755904,0.024656544131912872,False,366,0.005975290509126825,0.02524304900170939,cross_BTC/USD_state_slope=flat + cross_ETH/USD_state_slope=uptrend,38,0.012792073775073725,0.01842626573576249,0.4494502646361571
SOL/USD,1d,cross_BTC/USD_state_slope=flat + cross_ETH/USD_state_slope=uptrend + state_ext=stretched_down,latest_6m,ok,2026-01-06 00:00:00+00:00,2026-07-06 00:00:00+00:00,182,2,0.03678312452583191,1.0,43.664587303057985,0.0,False,182,0.012134252207119445,0.02464887231871247,cross_BTC/USD_state_slope=flat + cross_ETH/USD_state_slope=uptrend,10,0.02120428225203068,0.015578842273801234,0.47340539721000696
SOL/USD,1d,cross_BTC/USD_state_slope=uptrend + cross_ETH/USD_state_slope=flat + state_ext=neutral,all,ok,2021-07-13 00:00:00+00:00,2026-07-06 00:00:00+00:00,1402,19,0.05052612208516428,0.8947368421052632,2.1388827848348044,0.032445162607584566,True,1402,-0.02703703332797362,0.0775631554131379,cross_BTC/USD_state_slope=uptrend + cross_ETH/USD_state_slope=flat,97,0.03786618221014783,0.01265993987501645,0.0022181338057185584
SOL/USD,1d,cross_BTC/USD_state_slope=uptrend + cross_ETH/USD_state_slope=flat + state_ext=neutral,calendar_2024,ok,2024-08-26 00:00:00+00:00,2024-12-31 00:00:00+00:00,128,2,-0.1539852114696583,0.0,-10.772151765049692,0.0,False,128,-0.01817604305672444,-0.13580916841293386,cross_BTC/USD_state_slope=uptrend,69,-0.003762397134590352,-0.15022281433506796,0.8242061702732808
SOL/USD,1d,cross_BTC/USD_state_slope=uptrend + cross_ETH/USD_state_slope=flat + state_ext=neutral,calendar_2025,ok,2025-01-01 00:00:00+00:00,2025-12-31 00:00:00+00:00,365,5,0.0996010721513495,1.0,13.101219925616395,0.0,False,365,0.001966645914358717,0.09763442623699078,cross_BTC/USD_state_slope=uptrend + cross_ETH/USD_state_slope=flat,24,0.06724141390106968,0.032359658250279824,4.463791172915066e-06
SOL/USD,1d,cross_BTC/USD_state_slope=uptrend + cross_ETH/USD_state_slope=flat + state_ext=neutral,calendar_2026_ytd,ok,2026-01-01 00:00:00+00:00,2026-07-06 00:00:00+00:00,187,2,0.02048239410428413,1.0,2.861699735359052,0.004213759027007935,False,187,0.010861070017520508,0.009621324086763623,cross_BTC/USD_state_slope=uptrend + cross_ETH/USD_state_slope=flat,16,0.0158349101465349,0.0046474839577492315,0.4982479243539151
SOL/USD,1d,cross_BTC/USD_state_slope=uptrend + cross_ETH/USD_state_slope=flat + state_ext=neutral,latest_12m,ok,2025-07-06 00:00:00+00:00,2026-07-06 00:00:00+00:00,366,3,0.04798890163442331,1.0,2.5448161964326803,0.01093352726303709,False,366,0.005975290509126825,0.04201361112529649,cross_BTC/USD_state_slope=uptrend + state_ext=neutral,11,0.03680083359137989,0.011188068043043425,0.028298022008811374
SOL/USD,1d,cross_BTC/USD_state_slope=uptrend + cross_ETH/USD_state_slope=flat + state_ext=neutral,latest_6m,ok,2026-01-06 00:00:00+00:00,2026-07-06 00:00:00+00:00,182,2,0.02048239410428413,1.0,2.861699735359052,0.004213759027007935,False,182,0.012134252207119445,0.008348141897164686,cross_BTC/USD_state_slope=uptrend + cross_ETH/USD_state_slope=flat,16,0.0158349101465349,0.0046474839577492315,0.4982479243539151
BTC/USD,1d,cross_ETH/USD_state_slope=downtrend + state_ext=stretched_up,all,ok,2021-07-13 00:00:00+00:00,2026-07-06 00:00:00+00:00,1820,63,0.027351108329491416,0.6666666666666666,2.3658344610609316,0.017989486053373138,True,1820,0.003576943157309506,0.02377416517218191,state_ext=stretched_up,735,0.005499336742257864,0.021851771587233552,0.19610779264781164
BTC/USD,1d,cross_ETH/USD_state_slope=downtrend + state_ext=stretched_up,calendar_2024,ok,2024-01-01 00:00:00+00:00,2024-12-31 00:00:00+00:00,366,26,0.024833148525897634,0.6923076923076923,1.903000034793811,0.05704054069291198,False,366,0.01251793429046719,0.012315214235430444,cross_ETH/USD_state_slope=downtrend,134,0.021587108066453763,0.0032460404594438705,0.006231043837374273
BTC/USD,1d,cross_ETH/USD_state_slope=downtrend + state_ext=stretched_up,calendar_2025,ok,2025-01-01 00:00:00+00:00,2025-12-31 00:00:00+00:00,365,24,0.02103965013044239,0.625,1.4393461871165554,0.1500524628552169,False,365,-0.00011000233949370749,0.0211496524699361,cross_ETH/USD_state_slope=downtrend,143,0.006021024976519756,0.015018625153922632,0.3833187198964709
BTC/USD,1d,cross_ETH/USD_state_slope=downtrend + state_ext=stretched_up,calendar_2026_ytd,ok,2026-01-01 00:00:00+00:00,2026-07-06 00:00:00+00:00,187,0,,,,,False,187,-0.008446825899888393,,state_ext=stretched_up,63,-0.002515781026464766,,0.7194116988358146
BTC/USD,1d,cross_ETH/USD_state_slope=downtrend + state_ext=stretched_up,latest_12m,ok,2025-07-06 00:00:00+00:00,2026-07-06 00:00:00+00:00,366,6,0.007552221329890412,0.8333333333333334,0.645629398025731,0.5185193938258899,False,366,-0.006657560194057129,0.014209781523947541,state_ext=stretched_up,114,-0.006117181654556594,0.013669402984447007,0.29926035422970565
BTC/USD,1d,cross_ETH/USD_state_slope=downtrend + state_ext=stretched_up,latest_6m,ok,2026-01-06 00:00:00+00:00,2026-07-06 00:00:00+00:00,182,0,,,,,False,182,-0.008824548367114722,,state_ext=stretched_up,59,-0.002188777093498005,,0.7684682535649325
BTC/USD,1d,state_ext=neutral + state_slope=flat,all,ok,2021-07-13 00:00:00+00:00,2026-07-06 00:00:00+00:00,1820,213,-0.00017778059743550831,0.539906103286385,-0.03123996162236422,0.9750781706891147,False,1820,-0.003976943157309506,0.0037991625598739974,state_ext=neutral,370,-0.001751297045666231,0.0015735164482307226,0.6982195653460344
BTC/USD,1d,state_ext=neutral + state_slope=flat,calendar_2024,ok,2024-01-01 00:00:00+00:00,2024-12-31 00:00:00+00:00,366,26,-0.023178318243651852,0.46153846153846156,-1.4543470222513046,0.14585011986287655,False,366,-0.012917934290467198,-0.010260383953184654,state_slope=flat,102,-0.004843537743731973,-0.018334780499919878,0.5489312868132068
BTC/USD,1d,state_ext=neutral + state_slope=flat,calendar_2025,ok,2025-01-01 00:00:00+00:00,2025-12-31 00:00:00+00:00,365,59,0.014733915289627725,0.6610169491525424,1.6533290135588175,0.09826392126035088,False,365,-0.0002899976605062953,0.01502391295013402,state_ext=neutral,102,0.008578202676405383,0.006155712613222342,0.17837197623940115
BTC/USD,1d,state_ext=neutral + state_slope=flat,calendar_2026_ytd,ok,2026-01-01 00:00:00+00:00,2026-07-06 00:00:00+00:00,187,12,0.023697495403197242,0.6666666666666666,1.2463871704437444,0.21262228901475777,False,187,0.008046825899888392,0.015650669503308852,state_slope=flat,51,0.002701802153483315,0.020995693249713926,0.7239055915521992
BTC/USD,1d,state_ext=neutral + state_slope=flat,latest_12m,ok,2025-07-06 00:00:00+00:00,2026-07-06 00:00:00+00:00,366,38,0.01957591579829923,0.7368421052631579,2.221520758495022,0.026315710309334328,True,366,0.0062575601940571286,0.013318355604242103,state_slope=flat,113,0.006542333633903828,0.013033582164395404,0.21713927706398906
BTC/USD,1d,state_ext=neutral + state_slope=flat,latest_6m,ok,2026-01-06 00:00:00+00:00,2026-07-06 00:00:00+00:00,182,11,0.030967060047728614,0.7272727272727273,1.6521673435141762,0.09850044164950456,False,182,0.008424548367114723,0.022542511680613893,state_slope=flat,46,0.0036152884644217163,0.027351771583306896,0.6612665459183196
SOL/USD,1d,cross_ETH/USD_state_vol=mid_vol + state_ext=stretched_up,all,ok,2021-07-13 00:00:00+00:00,2026-07-06 00:00:00+00:00,1402,139,0.013116047415151209,0.6258992805755396,1.286756250300802,0.19817926023101107,False,1402,-0.02703703332797362,0.040153080743124826,cross_ETH/USD_state_vol=mid_vol,419,0.006045349695339105,0.007070697719812104,0.44730600204185444
SOL/USD,1d,cross_ETH/USD_state_vol=mid_vol + state_ext=stretched_up,calendar_2024,ok,2024-08-26 00:00:00+00:00,2024-12-31 00:00:00+00:00,128,27,-0.015893726381519507,0.4074074074074074,-1.096843542958835,0.2727097920053836,False,128,-0.01817604305672444,0.002282316675204933,state_ext=stretched_up,73,-0.0101294916724317,-0.005764234709087808,0.4649001618872677
SOL/USD,1d,cross_ETH/USD_state_vol=mid_vol + state_ext=stretched_up,calendar_2025,ok,2025-01-01 00:00:00+00:00,2025-12-31 00:00:00+00:00,365,63,0.018988722968756516,0.6666666666666666,1.1105785405723814,0.26674980395436165,False,365,0.001966645914358717,0.0170220770543978,cross_ETH/USD_state_vol=mid_vol,196,0.010462813058191708,0.008525909910564808,0.3632368791762688
SOL/USD,1d,cross_ETH/USD_state_vol=mid_vol + state_ext=stretched_up,calendar_2026_ytd,ok,2026-01-01 00:00:00+00:00,2026-07-06 00:00:00+00:00,187,23,0.02395460246808113,0.6956521739130435,2.413764667965309,0.01578865628770343,True,187,0.010861070017520508,0.013093532450560623,cross_ETH/USD_state_vol=mid_vol,70,0.01404169527569461,0.009912907192386522,0.3188673920624898
SOL/USD,1d,cross_ETH/USD_state_vol=mid_vol + state_ext=stretched_up,latest_12m,ok,2025-07-06 00:00:00+00:00,2026-07-06 00:00:00+00:00,366,52,0.011542472950873298,0.5961538461538461,0.7837769639500314,0.43317099300501116,False,366,0.005975290509126825,0.005567182441746473,cross_ETH/USD_state_vol=mid_vol,155,0.00944869049980089,0.0020937824510724075,0.3702818652607309
SOL/USD,1d,cross_ETH/USD_state_vol=mid_vol + state_ext=stretched_up,latest_6m,ok,2026-01-06 00:00:00+00:00,2026-07-06 00:00:00+00:00,182,23,0.02395460246808113,0.6956521739130435,2.413764667965309,0.01578865628770343,True,182,0.012134252207119445,0.011820350260961687,cross_ETH/USD_state_vol=mid_vol,70,0.01404169527569461,0.009912907192386522,0.3188673920624898
SOL/USD,1d,cross_BTC/USD_state_slope=flat + cross_ETH/USD_state_slope=uptrend + state_ext=neutral,all,ok,2021-07-13 00:00:00+00:00,2026-07-06 00:00:00+00:00,1402,16,0.04674329660935375,0.6875,2.1551674625495565,0.031148732080293673,True,1402,0.026637033327973632,0.02010626328138012,cross_ETH/USD_state_slope=uptrend,336,0.0896580807091558,-0.04291478409980205,0.27936244391698883
SOL/USD,1d,cross_BTC/USD_state_slope=flat + cross_ETH/USD_state_slope=uptrend + state_ext=neutral,calendar_2024,ok,2024-08-26 00:00:00+00:00,2024-12-31 00:00:00+00:00,128,3,-0.047133408232009566,0.0,-17.623359860507332,0.0,False,128,0.01777604305672445,-0.06490945128873402,state_ext=neutral,19,0.03522693580545819,-0.08236034403746775,0.1812133339294757
SOL/USD,1d,cross_BTC/USD_state_slope=flat + cross_ETH/USD_state_slope=uptrend + state_ext=neutral,calendar_2025,ok,2025-01-01 00:00:00+00:00,2025-12-31 00:00:00+00:00,365,4,0.07381917951411299,0.75,1.8847932829350345,0.05945775219750171,False,365,-0.002366645914358717,0.0761858254284717,cross_ETH/USD_state_slope=uptrend + state_ext=neutral,13,0.06615903568583067,0.007660143828282312,0.07662884776165302
SOL/USD,1d,cross_BTC/USD_state_slope=flat + cross_ETH/USD_state_slope=uptrend + state_ext=neutral,calendar_2026_ytd,ok,2026-01-01 00:00:00+00:00,2026-07-06 00:00:00+00:00,187,5,0.032943942364505444,0.8,1.7176167957889628,0.08586653472461325,False,187,-0.011261070017520504,0.04420501238202595,cross_BTC/USD_state_slope=flat + state_ext=neutral,13,0.036361889403584195,-0.0034179470390787517,0.02304867170258551
SOL/USD,1d,cross_BTC/USD_state_slope=flat + cross_ETH/USD_state_slope=uptrend + state_ext=neutral,latest_12m,ok,2025-07-06 00:00:00+00:00,2026-07-06 00:00:00+00:00,366,9,0.051110714430997684,0.7777777777777778,2.6580195499081634,0.007860133333927433,False,366,-0.006375290509126825,0.057486004940124506,cross_BTC/USD_state_slope=flat + state_ext=neutral,23,0.02949655357358031,0.021614160857417374,0.1338915559634113
SOL/USD,1d,cross_BTC/USD_state_slope=flat + cross_ETH/USD_state_slope=uptrend + state_ext=neutral,latest_6m,ok,2026-01-06 00:00:00+00:00,2026-07-06 00:00:00+00:00,182,5,0.032943942364505444,0.8,1.7176167957889628,0.08586653472461325,False,182,-0.012534252207119442,0.045478194571624886,cross_BTC/USD_state_slope=flat + state_ext=neutral,12,0.029999633972553712,0.002944308391951731,0.06675782797662166
