symbol,timeframe,slice_combination,side,bin_mode,all_regime_status,strict_gate_pass,overall_regime_status,best_regime,best_regime_mean_ret_costadj,best_regime_p_value_nw,bull_status,bear_status,neutral_status,valid_mean_ret_costadj,valid_p_value_nw,walk_forward_pass_pattern,search_wide_bh_pass,search_wide_bonferroni_pass
FUT/NQ,1h,state_ext=stretched_up + state_slope=uptrend,long,rolling,research_only,False,neutral_regime_candidate,neutral,0.0028749548657066104,0.0006996067477000878,regime_switching_research_only,unsupported,neutral_regime_candidate,0.0027849261412292,0.0099730240301123,1,False,False
FUT/NQ,1h,state_ext=stretched_up + state_vol=high_vol,long,rolling,research_only,False,neutral_regime_candidate,neutral,0.002751374511836703,0.0015224884559295049,regime_switching_research_only,unsupported,neutral_regime_candidate,0.0027849261412292,0.0099730240301123,1,False,False
FUT/CL,1h,state_session=lunch + state_ext=stretched_up,long,rolling,research_only,False,regime_switching_research_only,bull,0.012805106765917423,0.10499031540094839,regime_switching_research_only,unsupported,regime_switching_research_only,0.008518343447335,0.0186704521002947,1,False,False
FUT/CL,1h,state_session=lunch + state_slope=flat,long,rolling,research_only,False,regime_switching_research_only,neutral,0.00721992504731004,0.05187159845389688,regime_switching_research_only,regime_switching_research_only,regime_switching_research_only,0.0103003918374443,0.1104846133103449,0,False,False
FUT/CL,1h,state_session=lunch + state_ext=stretched_down,long,rolling,research_only,False,regime_switching_research_only,bear,0.0062103952240816695,0.07638637705603779,unsupported,regime_switching_research_only,regime_switching_research_only,0.0072670608762246,0.0561461140625278,0,False,False
FUT/CL,1h,state_ext=stretched_up + state_vol=mid_vol,long,rolling,research_only,False,regime_switching_research_only,bull,0.005515616475047985,0.018123168392667255,regime_switching_research_only,unsupported,regime_switching_research_only,0.0037352585836444,0.1742380300706638,0,False,False
FUT/CL,1h,state_session=afternoon + state_ext=stretched_up,long,rolling,research_only,False,regime_switching_research_only,bull,0.004993428153791619,0.3037381996541175,regime_switching_research_only,unsupported,unsupported,-0.0009082793915811,0.580922264414196,0,False,False
FUT/CL,1h,state_session=lunch + state_slope=uptrend,long,rolling,research_only,False,regime_switching_research_only,bull,0.004162101724941964,0.38466714767103616,regime_switching_research_only,unsupported,regime_switching_research_only,-0.0003439681314393,0.9477967848483267,0,False,False
FUT/GC,1h,state_session=lunch + state_slope=flat,long,rolling,research_only,False,regime_switching_research_only,bear,0.004147995888088107,0.07295365481460903,unsupported,regime_switching_research_only,regime_switching_research_only,-0.0004952341304879,0.8586585687663588,100,False,False
FUT/CL,1h,state_ext=stretched_up + state_slope=uptrend,long,rolling,research_only,False,regime_switching_research_only,bull,0.003902587350974595,0.2137159983356729,regime_switching_research_only,unsupported,regime_switching_research_only,0.0006531791540697,0.6916654500995443,0,False,False
FUT/CL,1h,state_ext=stretched_down + state_vol=mid_vol,long,rolling,research_only,False,regime_switching_research_only,neutral,0.003767411399568557,0.3284725407508504,unsupported,regime_switching_research_only,regime_switching_research_only,0.0040627075262665,0.1645602107274197,0,False,False
FUT/NQ,1h,state_ext=stretched_down + state_vol=high_vol,long,rolling,research_only,False,regime_switching_research_only,bear,0.003303078083716989,0.003726245181705279,unsupported,regime_switching_research_only,unsupported,0.0003929670596278,0.8940096731733531,100,False,False
FUT/CL,1h,state_session=lunch + state_slope=downtrend,long,rolling,research_only,False,regime_switching_research_only,neutral,0.0031449686576803223,0.15484079108783066,unsupported,regime_switching_research_only,regime_switching_research_only,0.0038006214543782,0.251486961781836,0,False,False
FUT/CL,1h,state_ext=stretched_up + state_vol=high_vol,long,rolling,research_only,False,regime_switching_research_only,bull,0.003081955107796242,0.3799738358002258,regime_switching_research_only,unsupported,regime_switching_research_only,0.0002156500077582,0.8985409991657833,0,False,False
FUT/NQ,1h,state_session=morning + state_ext=stretched_down,long,rolling,research_only,False,regime_switching_research_only,bear,0.0030352648649926996,0.058220250564094744,unsupported,regime_switching_research_only,unsupported,-0.0021584539901382,0.4817281534331625,0,False,False
FUT/ES,1h,state_session=lunch + state_slope=uptrend,long,rolling,research_only,False,regime_switching_research_only,bear,0.002922654360987115,0.03748265891736624,unsupported,regime_switching_research_only,regime_switching_research_only,6.0910886576766914e-05,0.9030086662715892,0,False,False
FUT/NQ,1h,state_session=afternoon + state_ext=stretched_down,long,rolling,research_only,False,regime_switching_research_only,bear,0.0029064708575297278,0.006567771714742321,unsupported,regime_switching_research_only,unsupported,0.0027535017866534,0.0889742071696888,0,False,False
FUT/CL,1h,state_ext=stretched_down + state_slope=downtrend,long,rolling,research_only,False,regime_switching_research_only,bear,0.0028971094260948444,0.09547418264905083,unsupported,regime_switching_research_only,regime_switching_research_only,0.0013121297946941,0.5066220641527439,0,False,False
FUT/NQ,1h,state_ext=stretched_down + state_slope=downtrend,long,rolling,research_only,False,regime_switching_research_only,bear,0.0028648189482146993,0.001945396596496396,unsupported,regime_switching_research_only,unsupported,1.7425934352233672e-05,0.9933201054722832,100,False,False
FUT/CL,1h,state_ext=stretched_down + state_vol=high_vol,long,rolling,research_only,False,regime_switching_research_only,bear,0.002831786559800859,0.16073733978921667,unsupported,regime_switching_research_only,regime_switching_research_only,0.0007722887651118,0.726903673585126,0,False,False
FUT/ES,1h,state_ext=stretched_down + state_slope=downtrend,long,rolling,research_only,False,regime_switching_research_only,bear,0.002673701979326378,0.03346720472504283,unsupported,regime_switching_research_only,unsupported,0.0046230258059831,0.0008685042650042,0,False,False
FUT/GC,1h,state_session=afternoon + state_ext=stretched_down,short,rolling,research_only,False,regime_switching_research_only,bear,0.0025898237259661355,0.49642079372901926,unsupported,regime_switching_research_only,regime_switching_research_only,-0.0036375086854839,0.0782403887349314,0,False,False
FUT/ES,1h,state_ext=stretched_down + state_vol=high_vol,long,rolling,research_only,False,regime_switching_research_only,bear,0.0025831324470399824,0.06603455885048959,unsupported,regime_switching_research_only,unsupported,0.0050495685818971,0.0062047786064522,0,False,False
FUT/GC,1h,state_session=afternoon + state_slope=uptrend,long,rolling,research_only,False,regime_switching_research_only,bear,0.0025130396209237247,0.2774230883289943,regime_switching_research_only,regime_switching_research_only,regime_switching_research_only,-0.0004150281361821,0.6376794085262918,1100,False,False
FUT/CL,1h,state_session=afternoon + state_ext=stretched_down,long,rolling,research_only,False,regime_switching_research_only,bear,0.002462996384451983,0.3289660209151861,unsupported,regime_switching_research_only,unsupported,-0.0009562151681504,0.8059723586089216,0,False,False
FUT/ES,1h,state_session=afternoon + state_ext=stretched_down,long,rolling,research_only,False,regime_switching_research_only,bear,0.0024187619466985166,0.03215929293172093,unsupported,regime_switching_research_only,unsupported,0.0036898780590799,0.0006513787490636,0,False,False
FUT/CL,1h,state_session=morning + state_slope=uptrend,long,rolling,research_only,False,regime_switching_research_only,neutral,0.0024058983041781523,0.04159236060013072,unsupported,unsupported,regime_switching_research_only,0.0010230961129034,0.5902467264524978,0,False,False
FUT/GC,1h,state_session=afternoon + state_ext=stretched_up,long,rolling,research_only,False,regime_switching_research_only,bull,0.002270532392480159,0.09167496373218009,regime_switching_research_only,unsupported,unsupported,-0.0017663752685904,0.1617961271782761,100,False,False
FUT/GC,1h,state_ext=stretched_down + state_slope=downtrend,short,rolling,research_only,False,regime_switching_research_only,neutral,0.0020572550321942755,0.4640547845949661,unsupported,regime_switching_research_only,regime_switching_research_only,-0.0021421656685516,0.0637737086112859,0,False,False
FUT/NQ,1h,state_session=afternoon + state_ext=stretched_up,long,rolling,research_only,False,regime_switching_research_only,neutral,0.002032604378565835,0.06201713156061506,unsupported,unsupported,regime_switching_research_only,0.0029532646752607,0.0167719624894082,10,False,False
FUT/NQ,1h,state_session=morning + state_ext=stretched_up,long,rolling,research_only,False,regime_switching_research_only,neutral,0.0020323557976706643,0.2589844497941307,unsupported,unsupported,regime_switching_research_only,0.0015373554543743,0.3796359151081758,0,False,False
FUT/GC,1h,state_ext=neutral + state_slope=uptrend,long,rolling,research_only,False,regime_switching_research_only,bear,0.0019858044402463007,0.25915164182772443,regime_switching_research_only,regime_switching_research_only,regime_switching_research_only,-0.0001838468049399,0.785501977938448,0,False,False
FUT/GC,1h,state_ext=stretched_down + state_vol=high_vol,short,rolling,research_only,False,regime_switching_research_only,neutral,0.0019823395143850424,0.5077460901458213,unsupported,regime_switching_research_only,regime_switching_research_only,-0.0024199331986745,0.0934594417298928,0,False,False
FUT/GC,1h,state_ext=stretched_up + state_vol=high_vol,long,rolling,research_only,False,regime_switching_research_only,bull,0.0019528668574864203,0.04335475248579179,regime_switching_research_only,regime_switching_research_only,unsupported,-0.0019471743176113,0.1134395015180707,100,False,False
FUT/GC,1h,state_session=morning + state_ext=stretched_down,short,rolling,research_only,False,regime_switching_research_only,neutral,0.0019504057241619451,0.5947138797309695,unsupported,unsupported,regime_switching_research_only,-0.0008305194479904,0.5813236166895297,0,False,False
FUT/GC,1h,state_ext=stretched_up + state_slope=uptrend,long,rolling,research_only,False,regime_switching_research_only,bull,0.0018083767304777612,0.03807913131870233,regime_switching_research_only,unsupported,unsupported,-0.001609991235534,0.118662425367237,100,False,False
FUT/CL,1h,state_session=lunch + state_ext=neutral,long,rolling,research_only,False,regime_switching_research_only,neutral,0.00179301350556202,0.28718533075586095,unsupported,regime_switching_research_only,regime_switching_research_only,-0.0010971368537189,0.8104895667794698,0,False,False
FUT/CL,1h,state_session=morning + state_ext=stretched_down,long,rolling,research_only,False,regime_switching_research_only,bear,0.0017784210948586792,0.3721984657466644,unsupported,regime_switching_research_only,regime_switching_research_only,0.000668458999473,0.7559922460435795,0,False,False
FUT/CL,1h,state_ext=neutral + state_slope=uptrend,short,rolling,research_only,False,regime_switching_research_only,bear,0.0017574107023320326,0.27376832779252447,regime_switching_research_only,regime_switching_research_only,unsupported,0.0008124674477066,0.6177795740119194,0,False,False
FUT/ES,1h,state_session=afternoon + state_slope=flat,long,rolling,research_only,False,regime_switching_research_only,bear,0.0017059853106472643,0.016353450284625426,regime_switching_research_only,regime_switching_research_only,unsupported,0.0003969017175501,0.4173020429080334,0,False,False
FUT/GC,1h,state_session=morning + state_slope=downtrend,short,rolling,research_only,False,regime_switching_research_only,neutral,0.0015592515563080324,0.03609804776222614,regime_switching_research_only,unsupported,regime_switching_research_only,8.526800796735003e-05,0.9090812071086152,0,False,False
FUT/CL,1h,state_session=afternoon + state_slope=uptrend,long,rolling,research_only,False,regime_switching_research_only,bull,0.0015561427332620812,0.42955417695156495,regime_switching_research_only,unsupported,unsupported,-0.0017088072981243,0.1286577617386444,0,False,False
FUT/CL,1h,state_session=morning + state_slope=flat,short,rolling,research_only,False,regime_switching_research_only,bear,0.0015502735300204353,0.2760194417351496,unsupported,regime_switching_research_only,regime_switching_research_only,0.0019619887193359,0.3700350995227461,0,False,False
FUT/CL,1h,state_ext=neutral + state_vol=high_vol,short,rolling,research_only,False,regime_switching_research_only,bear,0.0014562401959365501,0.13950319605708916,unsupported,regime_switching_research_only,unsupported,0.0008457349776625,0.5336713577376431,0,False,False
FUT/GC,1h,state_ext=neutral + state_vol=low_vol,short,rolling,research_only,False,regime_switching_research_only,bear,0.0014313130453051893,0.29153032915623833,regime_switching_research_only,regime_switching_research_only,unsupported,0.0015432709890071,0.0837189117793686,10,False,False
FUT/NQ,1h,state_ext=neutral + state_slope=uptrend,long,rolling,research_only,False,regime_switching_research_only,bear,0.001420562824361089,0.12750451523247852,regime_switching_research_only,regime_switching_research_only,unsupported,0.000670959108871,0.0798172446004552,0,False,False
FUT/NQ,1h,state_session=morning + state_slope=uptrend,long,rolling,research_only,False,regime_switching_research_only,bear,0.0014092096805967036,0.33419686798215054,regime_switching_research_only,regime_switching_research_only,unsupported,0.0014804406441704,0.0060309606161057,11,False,False
FUT/NQ,1h,state_session=morning + state_slope=downtrend,long,rolling,research_only,False,regime_switching_research_only,bear,0.0013860796956504367,0.034404580799297424,regime_switching_research_only,regime_switching_research_only,unsupported,-0.0010105527632814,0.1878160029466415,0,False,False
FUT/ES,1h,state_session=lunch + state_slope=downtrend,short,rolling,research_only,False,regime_switching_research_only,bear,0.001273535504923374,0.17097596183517805,unsupported,regime_switching_research_only,unsupported,0.0001611211631195,0.9237983196525964,0,False,False
FUT/GC,1h,state_session=lunch + state_slope=uptrend,long,rolling,research_only,False,regime_switching_research_only,bull,0.0012578895123730605,0.27878504524883985,regime_switching_research_only,unsupported,regime_switching_research_only,-0.0018533329404673,0.0540070831810277,0,False,False
FUT/GC,1h,state_session=morning + state_slope=flat,long,rolling,research_only,False,regime_switching_research_only,neutral,0.0011804264551915297,0.04166802505949185,regime_switching_research_only,regime_switching_research_only,regime_switching_research_only,0.0001983336059784,0.7799710573016747,100,False,False
FUT/NQ,1h,state_session=afternoon + state_slope=uptrend,long,rolling,research_only,False,regime_switching_research_only,bear,0.001069820121900049,0.2724689533883402,regime_switching_research_only,regime_switching_research_only,unsupported,-7.696064154323754e-05,0.8528352574464042,0,False,False
FUT/CL,1h,state_ext=neutral + state_vol=low_vol,short,rolling,research_only,False,regime_switching_research_only,bull,0.0010592201888894302,0.24781722405346862,regime_switching_research_only,regime_switching_research_only,unsupported,0.0026848528176448,0.5463307487695719,10,False,False
FUT/GC,1h,state_session=morning + state_ext=stretched_up,short,rolling,research_only,False,regime_switching_research_only,neutral,0.001050199739243933,0.3172509165904118,unsupported,unsupported,regime_switching_research_only,0.0026098376363481,0.0593764554882476,10,False,False
FUT/GC,1h,state_session=lunch + state_slope=downtrend,long,rolling,research_only,False,regime_switching_research_only,neutral,0.001004451960660107,0.25133751522802106,regime_switching_research_only,unsupported,regime_switching_research_only,-0.0007800369915806,0.4313671238543646,0,False,False
FUT/NQ,1h,state_session=afternoon + state_slope=flat,long,rolling,research_only,False,regime_switching_research_only,bear,0.0009730788516271712,0.0968732813355706,unsupported,regime_switching_research_only,unsupported,0.0003237750341366,0.6166348774540305,0,False,False
FUT/CL,1h,state_session=afternoon + state_slope=downtrend,long,rolling,research_only,False,regime_switching_research_only,neutral,0.0009571075149256339,0.4473227635113015,unsupported,regime_switching_research_only,regime_switching_research_only,0.0005257314265747,0.7752041581842211,0,False,False
FUT/NQ,1h,state_session=morning + state_ext=neutral,long,rolling,research_only,False,regime_switching_research_only,bear,0.0009172640618917425,0.12179457948163619,unsupported,regime_switching_research_only,unsupported,0.0004770569674765,0.2697961697767441,0,False,False
FUT/CL,1h,state_session=morning + state_ext=neutral,short,rolling,research_only,False,regime_switching_research_only,bear,0.000901787755750332,0.34566821057092145,regime_switching_research_only,regime_switching_research_only,unsupported,0.0016274749952453,0.2461404688130397,0,False,False
FUT/GC,1h,state_session=afternoon + state_slope=downtrend,short,rolling,research_only,False,regime_switching_research_only,bull,0.0008905904466341861,0.4523509233743843,regime_switching_research_only,regime_switching_research_only,regime_switching_research_only,0.0004311028490199,0.5206518307133603,0,False,False
FUT/NQ,1h,state_ext=neutral + state_vol=high_vol,long,rolling,research_only,False,regime_switching_research_only,bear,0.0008854035375069107,0.05125973615092194,unsupported,regime_switching_research_only,unsupported,0.0010141599795836,0.0449570877915617,0,False,False
FUT/CL,1h,state_ext=neutral + state_vol=mid_vol,short,rolling,research_only,False,regime_switching_research_only,bull,0.0008486287887256681,0.3006131012605002,regime_switching_research_only,unsupported,unsupported,0.0012571141698624,0.3181359622094919,0,False,False
FUT/NQ,1h,state_session=lunch + state_slope=uptrend,long,rolling,research_only,False,regime_switching_research_only,bull,0.0008468092644971964,0.09361529268222113,regime_switching_research_only,unsupported,unsupported,0.0013639817996323,0.0574064660024427,0,False,False
FUT/ES,1h,state_session=morning + state_slope=downtrend,long,rolling,research_only,False,regime_switching_research_only,bear,0.0008045537060073685,0.17033828934675088,unsupported,regime_switching_research_only,regime_switching_research_only,-0.0001553303413966,0.7580899018130614,0,False,False
FUT/GC,1h,state_session=afternoon + state_slope=flat,long,rolling,research_only,False,regime_switching_research_only,bull,0.0007486732810108164,0.27422312075387056,regime_switching_research_only,unsupported,regime_switching_research_only,-0.0007002323058151,0.366085307629671,0,False,False
FUT/GC,1h,state_ext=neutral + state_slope=flat,long,rolling,research_only,False,regime_switching_research_only,neutral,0.0007172068459699915,0.10442392929878697,regime_switching_research_only,regime_switching_research_only,regime_switching_research_only,-0.0001202149506872,0.8574746912493918,100,False,False
FUT/CL,1h,state_ext=neutral + state_slope=flat,short,rolling,research_only,False,regime_switching_research_only,bear,0.0006889594188357687,0.48704912590214366,unsupported,regime_switching_research_only,unsupported,0.0007774108658828,0.6463844560442045,0,False,False
FUT/ES,1h,state_ext=neutral + state_slope=uptrend,long,rolling,research_only,False,regime_switching_research_only,bear,0.0006673671878283615,0.4315952528494711,unsupported,regime_switching_research_only,regime_switching_research_only,0.0001810189247642,0.5008550730239121,0,False,False
FUT/GC,1h,state_ext=neutral + state_vol=high_vol,long,rolling,research_only,False,regime_switching_research_only,bull,0.0006518901001133681,0.28038787176902913,regime_switching_research_only,regime_switching_research_only,unsupported,0.0008216659861585,0.2515039841140438,0,False,False
FUT/NQ,1h,state_session=lunch + state_slope=flat,long,rolling,research_only,False,regime_switching_research_only,neutral,0.0006477485733780737,0.5583529573528343,unsupported,unsupported,regime_switching_research_only,0.0013974443393698,0.1736134637570496,0,False,False
FUT/NQ,1h,state_session=morning + state_slope=flat,short,rolling,research_only,False,regime_switching_research_only,bear,0.0006380385667213686,0.5504035106708374,regime_switching_research_only,regime_switching_research_only,unsupported,-0.0010702988867595,0.0671182209000449,0,False,False
FUT/ES,1h,state_session=morning + state_ext=neutral,long,rolling,research_only,False,regime_switching_research_only,bear,0.0006302176400533392,0.17585579947501273,unsupported,regime_switching_research_only,unsupported,0.0003506411833868,0.1987421670622071,0,False,False
FUT/GC,1h,state_session=lunch + state_ext=neutral,long,rolling,research_only,False,regime_switching_research_only,neutral,0.0006272739697018386,0.38975809244523507,regime_switching_research_only,unsupported,regime_switching_research_only,-0.0014145023562012,0.1137703510909262,0,False,False
FUT/ZN,1h,state_session=morning + state_slope=uptrend,long,rolling,research_only,False,regime_switching_research_only,bear,0.0005578317167374468,0.045155176077099624,unsupported,regime_switching_research_only,unsupported,-0.000326542902411,0.0383539932499084,0,False,False
FUT/CL,1h,state_session=morning + state_ext=stretched_up,long,rolling,research_only,False,regime_switching_research_only,neutral,0.0005363468093773386,0.8069892130210379,regime_switching_research_only,unsupported,regime_switching_research_only,0.0008958254772952,0.7016656217609225,0,False,False
FUT/ES,1h,state_session=lunch + state_slope=flat,long,rolling,research_only,False,regime_switching_research_only,neutral,0.0005299498483591555,0.3046092498981601,unsupported,unsupported,regime_switching_research_only,0.0007054330138842,0.2297175204381087,0,False,False
FUT/GC,1h,state_ext=neutral + state_slope=downtrend,short,rolling,research_only,False,regime_switching_research_only,bull,0.0005287171476089525,0.4549026943890033,regime_switching_research_only,regime_switching_research_only,regime_switching_research_only,0.0004823871590949,0.362433543837565,0,False,False
FUT/ES,1h,state_ext=neutral + state_slope=flat,long,rolling,research_only,False,regime_switching_research_only,bear,0.0004802962317095646,0.3466413735340568,unsupported,regime_switching_research_only,unsupported,0.0003709796234507,0.1606607532947817,0,False,False
FUT/NQ,1h,state_ext=neutral + state_vol=mid_vol,short,rolling,research_only,False,regime_switching_research_only,bear,0.0004615455938383232,0.5023560077361555,unsupported,regime_switching_research_only,regime_switching_research_only,-0.0002014870931207,0.599288043759838,0,False,False
FUT/GC,1h,state_session=afternoon + state_ext=neutral,long,rolling,research_only,False,regime_switching_research_only,bull,0.00045416658945057417,0.3194961502095368,regime_switching_research_only,regime_switching_research_only,regime_switching_research_only,-0.0008024864567829,0.1248517553874304,0,False,False
FUT/CL,1h,state_session=morning + state_slope=downtrend,short,rolling,research_only,False,regime_switching_research_only,neutral,0.00041658234052562325,0.7513874212082059,regime_switching_research_only,unsupported,regime_switching_research_only,0.0015210743663531,0.3660893942464298,0,False,False
FUT/ES,1h,state_ext=neutral + state_vol=high_vol,long,rolling,research_only,False,regime_switching_research_only,bear,0.00040611316245655693,0.2873580800702742,regime_switching_research_only,regime_switching_research_only,unsupported,0.0006746409292045,0.0936823692893562,0,False,False
FUT/CL,1h,state_ext=neutral + state_slope=downtrend,short,rolling,research_only,False,regime_switching_research_only,bear,0.0003228153349240336,0.7157234949651321,unsupported,regime_switching_research_only,unsupported,0.0013684020703821,0.415274801585733,0,False,False
FUT/GC,1h,state_ext=neutral + state_vol=mid_vol,long,rolling,research_only,False,regime_switching_research_only,bear,0.0003128286798574123,0.5442361799274678,unsupported,regime_switching_research_only,unsupported,-0.0008933887392502,0.025318909329159,1000,False,False
FUT/CL,1h,state_ext=stretched_up + state_slope=flat,short,rolling,research_only,False,regime_switching_research_only,bull,0.00029970625400300554,0.9311623815812575,regime_switching_research_only,unsupported,unsupported,-0.0038331224421328,0.1568666846923352,0,False,False
FUT/GC,1h,state_session=lunch + state_ext=stretched_down,long,rolling,research_only,False,regime_switching_research_only,neutral,0.0002881308626266335,0.9131657499904235,unsupported,unsupported,regime_switching_research_only,0.0014213199518834,0.3423182988649953,0,False,False
FUT/NQ,1h,state_session=lunch + state_slope=downtrend,long,rolling,research_only,False,regime_switching_research_only,neutral,0.00026674438515751094,0.8332215207561027,unsupported,unsupported,regime_switching_research_only,-0.0002067397738169,0.9054896298335452,0,False,False
FUT/ES,1h,state_session=lunch + state_ext=neutral,long,rolling,research_only,False,regime_switching_research_only,neutral,0.00024597004625819414,0.4651939197236763,unsupported,unsupported,regime_switching_research_only,4.007328494656932e-05,0.9443152588200744,0,False,False
FUT/NQ,1h,state_session=lunch + state_ext=neutral,long,rolling,research_only,False,regime_switching_research_only,bull,0.0002450130961524795,0.507898950415488,regime_switching_research_only,unsupported,unsupported,0.0006376205677571,0.4137572068919397,0,False,False
FUT/NQ,1h,state_session=afternoon + state_slope=downtrend,long,rolling,research_only,False,regime_switching_research_only,bull,0.00019867012682579988,0.7519802642113831,regime_switching_research_only,unsupported,unsupported,0.0009486507006205,0.1359983122834616,0,False,False
FUT/CL,1h,state_session=afternoon + state_slope=flat,short,rolling,research_only,False,regime_switching_research_only,bear,0.00018177064473123128,0.8620661181189948,unsupported,regime_switching_research_only,regime_switching_research_only,0.0011135505349018,0.6867278796787701,0,False,False
FUT/GC,1h,state_session=morning + state_ext=neutral,long,rolling,research_only,False,regime_switching_research_only,bear,0.00018019854779687954,0.7783949880424468,unsupported,regime_switching_research_only,unsupported,-9.00625531987537e-05,0.8610537754827117,0,False,False
FUT/ZN,1h,state_session=lunch + state_slope=flat,short,rolling,research_only,False,regime_switching_research_only,neutral,0.00012834362495357378,0.5626469264887999,unsupported,unsupported,regime_switching_research_only,-0.0002228360640797,0.4787822603167952,0,False,False
FUT/NQ,1h,state_ext=neutral + state_slope=downtrend,long,rolling,research_only,False,regime_switching_research_only,bull,8.62398498783954e-05,0.8079420417116929,regime_switching_research_only,unsupported,unsupported,-0.0001368506888937,0.807843870721618,0,False,False
FUT/ZN,1h,state_session=lunch + state_slope=downtrend,short,rolling,research_only,False,regime_switching_research_only,neutral,5.6204229934308924e-05,0.7018178330700684,unsupported,unsupported,regime_switching_research_only,0.0001171093643238,0.5846667087118465,0,False,False
FUT/ZN,1h,state_session=lunch + state_ext=neutral,short,rolling,research_only,False,regime_switching_research_only,neutral,4.638211148508941e-05,0.6296782753635319,unsupported,unsupported,regime_switching_research_only,-4.9102743020066025e-05,0.77145997368341,0,False,False
FUT/ES,1h,state_session=morning + state_slope=uptrend,long,rolling,research_only,False,regime_switching_research_only,bull,3.421945043805779e-05,0.9026540053532821,regime_switching_research_only,unsupported,unsupported,0.0008611743910315,0.0427265849209699,0,False,False
FUT/ES,1h,state_session=afternoon + state_slope=uptrend,long,rolling,research_only,False,regime_switching_research_only,neutral,3.301845293879457e-05,0.8894656885411423,unsupported,unsupported,regime_switching_research_only,-0.0003870826534738,0.1459387913006837,0,False,False
FUT/GC,1h,state_session=morning + state_slope=uptrend,short,rolling,research_only,False,regime_switching_research_only,neutral,2.7951791127037294e-05,0.9668865235814919,unsupported,unsupported,regime_switching_research_only,-0.0004715360024697,0.5739753710599842,0,False,False
FUT/ZN,1h,state_session=lunch + state_slope=uptrend,short,rolling,research_only,False,regime_switching_research_only,bull,1.5523801233053223e-05,0.916176758044092,regime_switching_research_only,unsupported,unsupported,-3.915500027097445e-05,0.8308192203428482,0,False,False
FUT/ZN,1h,state_session=afternoon + state_slope=flat,short,rolling,research_only,False,regime_switching_research_only,bull,8.315004162036232e-06,0.9404723725486803,regime_switching_research_only,unsupported,unsupported,-0.0002370689771941,0.0632795471549982,0,False,False
FUT/ZN,1h,state_session=morning + state_slope=flat,short,rolling,research_only,False,unsupported,,,,unsupported,unsupported,unsupported,1.7672249221361904e-05,0.9110132717885906,0,False,False
FUT/ZN,1h,state_session=afternoon + state_slope=downtrend,short,rolling,research_only,False,unsupported,,,,unsupported,unsupported,unsupported,-0.0001564822910151,0.1506651353011803,0,False,False
FUT/ZN,1h,state_session=morning + state_slope=downtrend,long,rolling,research_only,False,unsupported,,,,unsupported,unsupported,unsupported,7.283320594296366e-06,0.9607618051148388,0,False,False
FUT/ES,1h,state_session=afternoon + state_slope=downtrend,long,rolling,research_only,False,unsupported,,,,unsupported,unsupported,unsupported,0.0005501692239886,0.1781943702787245,0,False,False
FUT/CL,1h,state_session=afternoon + state_ext=neutral,long,rolling,research_only,False,unsupported,,,,unsupported,unsupported,unsupported,-0.0006831337908987,0.5516255255636762,0,False,False
FUT/GC,1h,state_session=lunch + state_ext=stretched_up,long,rolling,research_only,False,unsupported,,,,unsupported,unsupported,unsupported,0.0014040431133025,0.3321567724412932,0,False,False
FUT/CL,1h,state_ext=stretched_up + state_slope=downtrend,short,rolling,research_only,False,unsupported,,,,unsupported,unsupported,unsupported,0.0018040095741588,0.6723227379152952,0,False,False
FUT/CL,1h,state_ext=stretched_down + state_slope=flat,short,rolling,research_only,False,unsupported,,,,unsupported,unsupported,unsupported,0.0077030291782484,0.4436688108879105,0,False,False
FUT/NQ,1h,state_session=lunch + state_ext=stretched_down,long,rolling,research_only,False,unsupported,,,,unsupported,unsupported,unsupported,0.0013030178851779,0.7366322920167563,0,False,False
FUT/ZN,1h,state_session=morning + state_ext=neutral,long,rolling,research_only,False,unsupported,,,,unsupported,unsupported,unsupported,-0.0002450329066496,0.0105164870947844,0,False,False
FUT/ZN,1h,state_ext=neutral + state_vol=high_vol,short,rolling,research_only,False,unsupported,,,,unsupported,unsupported,unsupported,-0.0002932338793747,0.0013325324155049,0,False,False
FUT/ZN,1h,state_ext=neutral + state_vol=low_vol,long,rolling,research_only,False,unsupported,,,,unsupported,unsupported,unsupported,-0.0003875844213497,0.0075715466779162,0,False,False
FUT/ZN,1h,state_session=afternoon + state_ext=neutral,short,rolling,research_only,False,unsupported,,,,unsupported,unsupported,unsupported,-0.0002137767820921,0.0034485448680277,0,False,False
FUT/ZN,1h,state_session=afternoon + state_slope=uptrend,short,rolling,research_only,False,unsupported,,,,unsupported,unsupported,unsupported,-0.0002579358405719,0.0087814471101315,0,False,False
FUT/ZN,1h,state_ext=neutral + state_slope=flat,short,rolling,research_only,False,unsupported,,,,unsupported,unsupported,unsupported,-8.289767856912091e-05,0.5066129199010212,0,False,False
FUT/ZN,1h,state_ext=neutral + state_vol=mid_vol,short,rolling,research_only,False,unsupported,,,,unsupported,unsupported,unsupported,-8.790095378849782e-05,0.3494520013028563,0,False,False
FUT/ZN,1h,state_ext=neutral + state_slope=uptrend,short,rolling,research_only,False,unsupported,,,,unsupported,unsupported,unsupported,-0.0001517868185625,0.1112639881024797,0,False,False
FUT/ES,1h,state_ext=neutral + state_vol=low_vol,short,rolling,research_only,False,unsupported,,,,unsupported,unsupported,unsupported,-0.0001052450038448,0.7105978063181944,0,False,False
FUT/ZN,1h,state_ext=neutral + state_slope=downtrend,long,rolling,research_only,False,unsupported,,,,unsupported,unsupported,unsupported,-0.0001412368841688,0.1563730407741657,0,False,False
FUT/ES,1h,state_ext=stretched_up + state_slope=uptrend,long,rolling,research_only,False,unsupported,,,,unsupported,unsupported,unsupported,0.0015754923484768,0.0148994074199673,0,False,False
FUT/GC,1h,state_ext=stretched_down + state_vol=mid_vol,long,rolling,research_only,False,unsupported,,,,unsupported,unsupported,unsupported,0.0012310734131253,0.5106606773331308,0,False,False
FUT/ES,1h,state_ext=stretched_up + state_vol=high_vol,long,rolling,research_only,False,unsupported,,,,unsupported,unsupported,unsupported,0.0015754923484768,0.0148994074199673,0,False,False
FUT/NQ,1h,state_ext=neutral + state_slope=flat,long,rolling,research_only,False,unsupported,,,,unsupported,unsupported,unsupported,0.0005911254964299,0.216498009441703,0,False,False
FUT/ES,1h,state_session=morning + state_slope=flat,long,rolling,research_only,False,unsupported,,,,unsupported,unsupported,unsupported,0.0003365099983428,0.2980471875189106,0,False,False
FUT/ES,1h,state_ext=neutral + state_vol=mid_vol,long,rolling,research_only,False,unsupported,,,,unsupported,unsupported,unsupported,3.8501405271496215e-05,0.8750254988589083,0,False,False
FUT/ES,1h,state_session=afternoon + state_ext=neutral,long,rolling,research_only,False,unsupported,,,,unsupported,unsupported,unsupported,1.5769916736307855e-05,0.9476105208757876,0,False,False
FUT/ES,1h,state_ext=neutral + state_slope=downtrend,long,rolling,research_only,False,unsupported,,,,unsupported,unsupported,unsupported,2.8925284332413545e-05,0.9419179644163864,0,False,False
FUT/NQ,1h,state_session=afternoon + state_ext=neutral,long,rolling,research_only,False,unsupported,,,,unsupported,unsupported,unsupported,0.0001956908962438,0.6065283676500286,0,False,False
FUT/NQ,1h,state_ext=neutral + state_vol=low_vol,long,rolling,research_only,False,unsupported,,,,unsupported,unsupported,unsupported,0.000143290479004,0.8100158342036221,0,False,False
FUT/GC,1h,state_ext=stretched_up + state_vol=mid_vol,short,rolling,research_only,False,unsupported,,,,unsupported,unsupported,unsupported,0.001190722409938,0.5476711241338239,0,False,False
