symbol,timeframe,slice_combination,regime,regime_symbol,diagnostic_status,regime_window_rows,slice_n,slice_mean_ret_costadj,slice_win_rate,slice_t_stat_nw,slice_p_value_nw,slice_pass,baseline_mean_ret_costadj,excess_vs_baseline,best_parent_filter,best_parent_mean_ret_costadj,excess_vs_best_parent,rank,bin_mode,validation_n_folds,side,verdict,triage_bucket,train_n,train_pass,valid_n,valid_pass,valid_mean_ret_costadj,valid_excess_vs_baseline,valid_best_parent_filter,valid_excess_vs_best_parent,valid_p_value_nw,walk_forward_pass_count,walk_forward_pass_pattern,walk_forward_survival_rate,scenario_survived_count,scenario_positive_baseline_excess_count,scenario_positive_parent_excess_count,scenario_significant_count,robustness_score,default_verdict,cost2_verdict,cost5_verdict,split06_verdict,split08_verdict,short_borrow2_verdict,short_borrow5_verdict,short_borrow10_verdict,search_wide_family_size_regime,search_wide_rank_regime,search_wide_bh_pass_regime,search_wide_bonferroni_pass_regime,candidate_key,strict_gate_pass,status,live_decay_flag,all_regime_mean_ret_costadj,regime_excess_vs_all,regime_candidate_status
FUT/GC,1h,state_session=morning + state_ext=stretched_up,bear,FUT/GC,ok,1237,4,0.009370810961359116,1.0,5.667830524390726,1.4461690067690824e-08,False,-0.00037651586400393747,0.009747326825363053,state_ext=stretched_up,0.013149493291815771,-0.0037786823304566553,7,rolling,4,short,rejected,rejected_unsupported,73,False,24,False,0.0026098376363481,0.0025704905876504,state_ext=stretched_up,0.0011239284903681,0.0593764554882476,1,10,0.25,0,8,8,1,5.75,rejected,rejected,rejected,rejected,rejected,rejected,rejected,rejected,123,2,True,True,FUT/GC|1h|state_session=morning + state_ext=stretched_up|rolling,False,research_only,False,0.0004573051315625279,0.008913505829796588,unsupported
FUT/ZN,1h,state_ext=neutral + state_slope=uptrend,bear,FUT/ZN,ok,1607,134,-0.0005945927066919419,0.2835820895522388,-3.630420904490568,0.00028295940862199664,False,-0.0002254615218137336,-0.00036913118487820826,state_ext=neutral,-0.0002254615218137336,-0.00036913118487820826,64,rolling,4,short,rejected,rejected_unsupported,1159,False,575,False,-0.0001517868185625,1.725236150490559e-05,state_slope=uptrend,0.0,0.1112639881024797,0,0,0.0,0,6,0,5,1.25,rejected,rejected,rejected,rejected,rejected,rejected,rejected,rejected,123,6,True,True,FUT/ZN|1h|state_ext=neutral + state_slope=uptrend|rolling,False,research_only,False,-0.00016816372886350762,-0.00042642897782843423,unsupported
FUT/ZN,1h,state_session=lunch + state_slope=flat,bear,FUT/ZN,ok,1607,41,-0.000692387489961748,0.2682926829268293,-3.741664927434724,0.0001828051466512548,False,-0.0002254615218137336,-0.0004669259681480144,state_slope=flat,-0.0001616439242754556,-0.0005307435656862924,80,rolling,4,short,rejected,rejected_unsupported,102,False,48,False,-0.0002228360640797,-5.379688401225847e-05,state_session=lunch,-0.0001737333210596,0.4787822603167952,0,0,0.0,0,2,1,4,0.25,rejected,rejected,rejected,rejected,rejected,rejected,rejected,rejected,123,5,True,True,FUT/ZN|1h|state_session=lunch + state_slope=flat|rolling,False,research_only,False,-0.00021181418535238885,-0.0004805733046093591,unsupported
FUT/GC,1h,state_ext=stretched_up + state_vol=high_vol,bear,FUT/GC,ok,1237,8,-0.013549493291815769,0.0,-4.534832894350091,5.7649109781454655e-06,False,-2.3484135996062055e-05,-0.013526009155819706,state_vol=high_vol,1.636267251041221e-05,-0.013565855964326181,99,rolling,4,long,rejected,rejected_unsupported,148,False,53,False,-0.0019471743176113,-0.0015078272689137,state_vol=high_vol,-0.0026210528129246,0.1134395015180707,1,100,0.25,0,0,0,1,-0.25,rejected,rejected,rejected,rejected,rejected,rejected,rejected,rejected,123,4,True,True,FUT/GC|1h|state_ext=stretched_up + state_vol=high_vol|rolling,False,research_only,False,0.0002878972257641936,-0.013837390517579963,unsupported
FUT/GC,1h,state_session=afternoon + state_ext=stretched_up,bear,FUT/GC,ok,1237,4,-0.017328175622272422,0.0,-5.29154146647659,1.2128968163160891e-07,False,-2.3484135996062055e-05,-0.01730469148627636,state_session=afternoon,-0.00031266229292676684,-0.017015513329345654,83,rolling,4,long,rejected,rejected_unsupported,79,False,33,False,-0.0017663752685904,-0.0013270282198927,state_session=afternoon,-0.001096320698442,0.1617961271782761,1,100,0.25,0,1,1,1,0.0,rejected,rejected,rejected,rejected,rejected,rejected,rejected,rejected,123,3,True,True,FUT/GC|1h|state_session=afternoon + state_ext=stretched_up|rolling,False,research_only,False,0.0007218051036954921,-0.018049980725967914,unsupported
FUT/GC,1h,state_ext=stretched_up + state_slope=uptrend,bear,FUT/GC,ok,1237,4,-0.018573431108920728,0.0,-8.009836721271656,1.1102230246251565e-15,False,-2.3484135996062055e-05,-0.018549946972924666,state_slope=uptrend,0.0018618255395501154,-0.020435256648470842,98,rolling,4,long,rejected,rejected_unsupported,157,True,61,False,-0.001609991235534,-0.0011706441868363,state_slope=uptrend,-0.001242611075602,0.118662425367237,1,100,0.25,0,0,0,1,-0.25,rejected,rejected,rejected,rejected,rejected,rejected,rejected,rejected,123,1,True,True,FUT/GC|1h|state_ext=stretched_up + state_slope=uptrend|rolling,False,research_only,False,0.0005590539448226228,-0.01913248505374335,unsupported
FUT/NQ,1h,state_ext=stretched_down + state_vol=high_vol,bear,FUT/NQ,ok,1201,65,0.0032364422780146564,0.6923076923076923,2.7206248407394336,0.0065158663113322746,True,0.0005700444473872549,0.0026663978306274015,state_ext=stretched_down,0.002826050535627755,0.0004103917423869015,104,rolling,4,long,rejected,rejected_unsupported,65,False,29,False,0.0003929670596278,-6.723925310226351e-05,state_vol=high_vol,-0.0007077835336105,0.8940096731733531,1,100,0.25,0,2,0,0,-0.5,rejected,rejected,rejected,rejected,rejected,rejected,rejected,rejected,123,10,False,False,FUT/NQ|1h|state_ext=stretched_down + state_vol=high_vol|rolling,False,research_only,False,0.0019928810150240356,0.0012435612629906208,regime_switching_research_only
FUT/ES,1h,state_session=lunch + state_slope=uptrend,bear,FUT/ES,ok,1056,20,0.002922654360987115,0.6,2.080467660305913,0.03748265891736624,True,0.0002938244609433033,0.0026288299000438117,state_slope=uptrend,0.0007332112154924241,0.002189443145494691,108,rolling,4,long,rejected,rejected_unsupported,100,False,59,False,6.0910886576766914e-05,-0.0001689691832445,state_slope=uptrend,-0.0001473684209066,0.9030086662715892,0,0,0.0,0,1,1,0,-0.75,rejected,rejected,rejected,rejected,rejected,rejected,rejected,rejected,123,17,False,False,FUT/ES|1h|state_session=lunch + state_slope=uptrend|rolling,False,research_only,False,0.0003541533724796137,0.002568500988507501,regime_switching_research_only
FUT/NQ,1h,state_session=afternoon + state_ext=stretched_down,bear,FUT/NQ,ok,1201,39,0.0028600267780550174,0.6923076923076923,2.620386403533285,0.008783018611850935,True,0.0005700444473872549,0.0022899823306677626,state_ext=stretched_down,0.002826050535627755,3.3976242427262524e-05,12,rolling,4,long,rejected,rejected_unsupported,31,True,17,False,0.0027535017866534,0.0022932954739233,state_ext=stretched_down,0.0019066848792785,0.0889742071696888,0,0,0.0,0,8,8,2,5.5,rejected,rejected,rejected,rejected,provisional,rejected,rejected,rejected,123,11,False,False,FUT/NQ|1h|state_session=afternoon + state_ext=stretched_down|rolling,False,research_only,False,0.0032190244423045307,-0.00035899766424951325,regime_switching_research_only
FUT/NQ,1h,state_ext=stretched_down + state_slope=downtrend,bear,FUT/NQ,ok,1201,71,0.0027914690095998222,0.676056338028169,2.8924065064554547,0.0038230294638101903,True,0.0005700444473872549,0.0022214245622125674,state_ext=stretched_down,0.002826050535627755,-3.458152602793269e-05,105,rolling,4,long,rejected,rejected_unsupported,64,True,35,False,1.7425934352233672e-05,-0.0004427803783778,state_ext=stretched_down,-0.0008293909730227,0.9933201054722832,1,100,0.25,0,1,0,0,-0.5,rejected,rejected,rejected,rejected,rejected,rejected,rejected,rejected,123,7,False,False,FUT/NQ|1h|state_ext=stretched_down + state_slope=downtrend|rolling,False,research_only,False,0.001849637508226223,0.0009418315013735993,regime_switching_research_only
FUT/ES,1h,state_ext=stretched_down + state_vol=high_vol,bear,FUT/ES,ok,1056,22,0.0027689245482913913,0.6818181818181818,1.9712543757077094,0.04869478711559916,True,0.0002938244609433033,0.002475100087348088,state_ext=stretched_down,0.0029969994863731785,-0.00022807493808178715,55,rolling,4,long,provisional,sample_starved_unsupported,20,True,8,False,0.0050495685818971,0.0048196885120759,state_ext=stretched_down,-0.0002189923732488,0.0062047786064522,0,0,0.0,0,8,0,8,2.0,provisional,rejected,rejected,rejected,provisional,provisional,provisional,provisional,123,22,False,False,FUT/ES|1h|state_ext=stretched_down + state_vol=high_vol|rolling,False,research_only,False,0.0034471191431105714,-0.00067819459481918,regime_switching_research_only
FUT/ES,1h,state_ext=stretched_down + state_slope=downtrend,bear,FUT/ES,ok,1056,23,0.002673701979326378,0.6956521739130435,2.126433213259342,0.03346720472504283,True,0.0002938244609433033,0.0023798775183830746,state_ext=stretched_down,0.0029969994863731785,-0.00032329750704680055,58,rolling,4,long,provisional,sample_starved_unsupported,20,True,8,False,0.0046230258059831,0.0043931457361618,state_ext=stretched_down,-0.0006455351491629,0.0008685042650042,0,0,0.0,0,8,0,7,1.75,provisional,rejected,rejected,rejected,rejected,provisional,provisional,provisional,123,15,False,False,FUT/ES|1h|state_ext=stretched_down + state_slope=downtrend|rolling,False,research_only,False,0.0033446793687886248,-0.0006709773894622469,regime_switching_research_only
FUT/ES,1h,state_session=afternoon + state_ext=stretched_down,bear,FUT/ES,ok,1056,18,0.0024187619466985166,0.7222222222222222,2.142425062182959,0.03215929293172093,True,0.0002938244609433033,0.0021249374857552133,state_ext=stretched_down,0.0029969994863731785,-0.0005782375396746618,59,rolling,4,long,provisional,sample_starved_unsupported,14,False,7,False,0.0036898780590799,0.0034599979892586,state_ext=stretched_down,-0.0015786828960661,0.0006513787490636,0,0,0.0,0,8,0,7,1.75,provisional,rejected,rejected,provisional,rejected,provisional,provisional,provisional,123,14,False,False,FUT/ES|1h|state_session=afternoon + state_ext=stretched_down|rolling,False,research_only,False,0.0035680943695826648,-0.0011493324228841481,regime_switching_research_only
FUT/ES,1h,state_session=afternoon + state_slope=flat,bear,FUT/ES,ok,1056,44,0.0014586456954624116,0.7045454545454546,2.0463274902556474,0.040724160772099616,True,0.0002938244609433033,0.0011648212345191083,state_slope=flat,0.0004959024583392323,0.0009627432371231792,31,rolling,4,long,rejected,rejected_unsupported,310,False,153,False,0.0003969017175501,0.0001670216477288,state_slope=flat,6.646495392471799e-06,0.4173020429080334,0,0,0.0,0,8,8,0,5.0,rejected,rejected,rejected,rejected,rejected,rejected,rejected,rejected,123,18,False,False,FUT/ES|1h|state_session=afternoon + state_slope=flat|rolling,False,research_only,False,0.00013828752290600968,0.0013203581725564019,regime_switching_research_only
FUT/ZN,1h,state_session=morning + state_slope=uptrend,bear,FUT/ZN,ok,1607,60,0.0005578317167374468,0.65,2.0032060545167667,0.045155176077099624,True,-0.00017453847818626642,0.0007323701949237132,state_slope=uptrend,0.0001945927066919417,0.00036323901004550513,61,rolling,4,long,rejected,rejected_unsupported,534,False,268,False,-0.000326542902411,-9.558208247852991e-05,state_session=morning,-8.150999576136226e-05,0.0383539932499084,0,0,0.0,0,2,0,6,1.5,rejected,rejected,rejected,rejected,rejected,rejected,rejected,rejected,123,20,False,False,FUT/ZN|1h|state_session=morning + state_slope=uptrend|rolling,False,research_only,False,-0.00024062955999970317,0.00079846127673715,regime_switching_research_only
FUT/CL,1h,state_session=lunch + state_ext=stretched_down,bear,FUT/CL,ok,1451,36,0.0059878638281581275,0.5833333333333334,1.693760047042564,0.0903108889309645,False,-0.00043570633281385396,0.006423570160971981,state_ext=stretched_down,0.0022759874390639945,0.003711876389094133,17,rolling,4,long,rejected,rejected_unsupported,29,False,44,False,0.0072670608762246,0.0077599623733424,state_session=lunch,0.0039284605059629,0.0561461140625278,0,0,0.0,0,8,8,0,5.0,rejected,rejected,rejected,rejected,rejected,rejected,rejected,rejected,123,31,False,False,FUT/CL|1h|state_session=lunch + state_ext=stretched_down|rolling,False,research_only,False,0.003917408515988783,0.0020704553121693448,regime_switching_research_only
FUT/CL,1h,state_ext=stretched_down + state_slope=flat,bear,FUT/CL,ok,1451,13,0.005624956218573605,0.5384615384615384,1.9358796761909733,0.052882439475486986,False,3.5706332813854546e-05,0.00558924988575975,state_slope=flat,0.0007914754238293274,0.004833480794744278,48,rolling,4,short,rejected,sample_starved_unsupported,15,False,14,False,0.0077030291782484,0.0076101276811306,state_slope=flat,0.0069552066176139,0.4436688108879105,0,0,0.0,0,7,7,0,2.75,rejected,rejected,rejected,rejected,rejected,rejected,rejected,rejected,123,23,False,False,FUT/CL|1h|state_ext=stretched_down + state_slope=flat|rolling,False,research_only,False,0.0028011109000735564,0.0028238453185000486,unsupported
FUT/GC,1h,state_session=lunch + state_slope=flat,bear,FUT/GC,ok,1237,21,0.00417639517561164,0.47619047619047616,1.8714954440611646,0.06127644076762184,False,-2.3484135996062055e-05,0.004199879311607702,state_slope=flat,0.00037635521024846267,0.0038000399653631773,97,rolling,4,long,rejected,rejected_unsupported,108,True,32,False,-0.0004952341304879,-5.588708179032171e-05,state_slope=flat,-0.0003269146686636,0.8586585687663588,1,100,0.25,0,1,1,0,-0.25,rejected,rejected,rejected,rejected,rejected,rejected,rejected,rejected,123,26,False,False,FUT/GC|1h|state_session=lunch + state_slope=flat|rolling,False,research_only,False,0.0008560688733800738,0.0033203263022315663,regime_switching_research_only
FUT/NQ,1h,state_session=lunch + state_slope=uptrend,bear,FUT/NQ,ok,1201,13,0.0040875891904896865,0.46153846153846156,1.3417897280140902,0.17966418372628046,False,0.0005700444473872549,0.0035175447431024316,state_slope=uptrend,0.001689758218613278,0.0023978309718764084,25,rolling,4,long,rejected,rejected_unsupported,113,False,58,False,0.0013639817996323,0.0009037754869022,state_session=lunch,0.0005142043466899,0.0574064660024427,0,0,0.0,0,8,8,0,5.0,rejected,rejected,rejected,rejected,rejected,rejected,rejected,rejected,123,43,False,False,FUT/NQ|1h|state_session=lunch + state_slope=uptrend|rolling,False,research_only,False,0.0005796824660690871,0.0035079067244205993,unsupported
FUT/NQ,1h,state_session=morning + state_ext=stretched_down,bear,FUT/NQ,ok,1201,25,0.003052258401300061,0.68,1.9073990537284864,0.05646893183553736,False,0.0005700444473872549,0.002482213953912806,state_ext=stretched_down,0.002826050535627755,0.00022620786567230594,131,rolling,4,long,rejected,sample_starved_unsupported,23,False,12,False,-0.0021584539901382,-0.0026186603028683,state_ext=stretched_down,-0.0030052708975132,0.4817281534331625,0,0,0.0,0,0,0,0,-3.0,rejected,rejected,rejected,rejected,rejected,rejected,rejected,rejected,123,24,False,False,FUT/NQ|1h|state_session=morning + state_ext=stretched_down|rolling,False,research_only,False,0.00058867231185997,0.002463586089440091,regime_switching_research_only
FUT/CL,1h,state_ext=stretched_down + state_slope=downtrend,bear,FUT/CL,ok,1451,312,0.002634958931880015,0.5,1.5290165166046457,0.12626034943113584,False,-0.00043570633281385396,0.003070665264693869,state_ext=stretched_down,0.0022759874390639945,0.00035897149281602066,35,rolling,4,long,rejected,rejected_unsupported,231,False,317,False,0.0013121297946941,0.0018050312918119,state_ext=stretched_down,0.0002727728265321,0.5066220641527439,0,0,0.0,0,8,7,0,4.75,rejected,rejected,rejected,rejected,rejected,rejected,rejected,rejected,123,33,False,False,FUT/CL|1h|state_ext=stretched_down + state_slope=downtrend|rolling,False,research_only,False,0.0017581141007778985,0.0008768448311021167,regime_switching_research_only
FUT/GC,1h,state_session=afternoon + state_ext=stretched_down,bear,FUT/GC,ok,1237,42,0.0026119353142427765,0.47619047619047616,0.6837854239963868,0.49411067208157267,False,-0.00037651586400393747,0.002988451178246714,state_ext=stretched_down,1.0590461146123306e-06,0.002610876268128164,96,rolling,4,short,rejected,rejected_unsupported,63,False,30,False,-0.0036375086854839,-0.0036768557341815,state_session=afternoon,-0.0039075632556323,0.0782403887349314,0,0,0.0,0,1,1,3,0.0,rejected,rejected,rejected,rejected,rejected,rejected,rejected,rejected,123,77,False,False,FUT/GC|1h|state_session=afternoon + state_ext=stretched_down|rolling,False,research_only,False,-0.0025484119801569335,0.00516034729439971,regime_switching_research_only
FUT/CL,1h,state_ext=stretched_down + state_vol=high_vol,bear,FUT/CL,ok,1451,272,0.002605373825348182,0.5036764705882353,1.340309294167743,0.18014481110424252,False,-0.00043570633281385396,0.003041080158162036,state_ext=stretched_down,0.0022759874390639945,0.00032938638628418745,93,rolling,4,long,rejected,rejected_unsupported,201,False,292,False,0.0007722887651118,0.0012651902622295,state_ext=stretched_down,-0.0002670682030501,0.726903673585126,0,0,0.0,0,8,0,0,0.0,rejected,rejected,rejected,rejected,rejected,rejected,rejected,rejected,123,44,False,False,FUT/CL|1h|state_ext=stretched_down + state_vol=high_vol|rolling,False,research_only,False,0.0011850547220525072,0.0014203191032956747,regime_switching_research_only
FUT/GC,1h,state_ext=neutral + state_slope=uptrend,bear,FUT/GC,ok,1237,111,0.002583089156896169,0.5225225225225225,1.3969177215828097,0.16243831480808435,False,-2.3484135996062055e-05,0.002606573292892231,state_slope=uptrend,0.0018618255395501154,0.0007212636173460536,29,rolling,4,long,rejected,rejected_unsupported,1290,False,413,False,-0.0001838468049399,0.0002555002437576,state_slope=uptrend,0.000183533354992,0.785501977938448,0,0,0.0,0,8,8,0,5.0,rejected,rejected,rejected,rejected,rejected,rejected,rejected,rejected,123,40,False,False,FUT/GC|1h|state_ext=neutral + state_slope=uptrend|rolling,False,research_only,False,0.0005858987633492858,0.0019971903935468833,regime_switching_research_only
FUT/CL,1h,state_session=lunch + state_slope=downtrend,bear,FUT/CL,ok,1451,80,0.002443292223672869,0.55,0.953914798252199,0.34012677214005693,False,-0.00043570633281385396,0.002878998556486723,state_session=lunch,0.0012461532224182878,0.0011971390012545811,40,rolling,4,long,rejected,rejected_unsupported,110,False,75,False,0.0038006214543782,0.004293522951496,state_session=lunch,0.0004620210841164,0.251486961781836,0,0,0.0,0,8,6,0,4.5,rejected,rejected,rejected,rejected,rejected,rejected,rejected,rejected,123,61,False,False,FUT/CL|1h|state_session=lunch + state_slope=downtrend|rolling,False,research_only,False,0.001715583135501943,0.0007277090881709261,regime_switching_research_only
FUT/CL,1h,state_ext=stretched_down + state_vol=mid_vol,bear,FUT/CL,ok,1451,49,0.0023889887180389095,0.5306122448979592,1.048079268698093,0.294602086941012,False,-0.00043570633281385396,0.0028246950508527633,state_ext=stretched_down,0.0022759874390639945,0.00011300127897491494,18,rolling,4,long,rejected,rejected_unsupported,44,False,40,False,0.0040627075262665,0.0045556090233842,state_ext=stretched_down,0.0030233505581045,0.1645602107274197,0,0,0.0,0,8,8,0,5.0,rejected,rejected,rejected,rejected,rejected,rejected,rejected,rejected,123,57,False,False,FUT/CL|1h|state_ext=stretched_down + state_vol=mid_vol|rolling,False,research_only,False,0.0030468796841658687,-0.0006578909661269592,regime_switching_research_only
FUT/CL,1h,state_session=afternoon + state_ext=stretched_down,bear,FUT/CL,ok,1451,120,0.0022794439622991617,0.4166666666666667,0.9281658669106928,0.35332153709558045,False,-0.00043570633281385396,0.0027151502951130156,state_ext=stretched_down,0.0022759874390639945,3.4565232351672047e-06,127,rolling,4,long,rejected,rejected_unsupported,106,False,102,False,-0.0009562151681504,-0.0004633136710326,state_ext=stretched_down,-0.0019955721363124,0.8059723586089216,0,0,0.0,0,1,0,0,-1.0,rejected,rejected,rejected,rejected,rejected,rejected,rejected,rejected,123,64,False,False,FUT/CL|1h|state_session=afternoon + state_ext=stretched_down|rolling,False,research_only,False,0.0006793481519106831,0.0016000958103884787,regime_switching_research_only
FUT/GC,1h,state_session=afternoon + state_slope=uptrend,bear,FUT/GC,ok,1237,51,0.0021628976711354437,0.5098039215686274,0.8814053533846222,0.37809846117661583,False,-2.3484135996062055e-05,0.0021863818071315056,state_slope=uptrend,0.0018618255395501154,0.00030107213158532824,60,rolling,4,long,rejected,rejected_unsupported,563,True,210,False,-0.0004150281361821,2.431891251546592e-05,state_slope=uptrend,-4.764797625016068e-05,0.6376794085262918,2,1100,0.5,0,8,2,0,1.5,rejected,rejected,rejected,rejected,rejected,rejected,rejected,rejected,123,68,False,False,FUT/GC|1h|state_session=afternoon + state_slope=uptrend|rolling,False,research_only,False,0.0011395364151041548,0.0010233612560312888,regime_switching_research_only
FUT/CL,1h,state_ext=stretched_up + state_slope=flat,bear,FUT/CL,ok,1451,2,0.0021594304534491085,0.5,0.2204776848384144,0.8254991497219535,False,3.5706332813854546e-05,0.002123724120635254,state_ext=stretched_up,0.0035948736014902068,-0.0014354431480410983,116,rolling,4,short,rejected,rejected_unsupported,15,False,23,False,-0.0038331224421328,-0.0039260239392505,state_slope=flat,-0.0045809450027672,0.1568666846923352,0,0,0.0,0,0,0,1,-0.75,rejected,rejected,rejected,rejected,rejected,rejected,rejected,rejected,123,105,False,False,FUT/CL|1h|state_ext=stretched_up + state_slope=flat|rolling,False,research_only,False,-6.656748319811868e-05,0.002225997936647227,unsupported
FUT/NQ,1h,state_session=lunch + state_ext=stretched_down,bear,FUT/NQ,ok,1201,10,0.0021280235259806607,0.6,0.9249281473320775,0.3550032841317601,False,0.0005700444473872549,0.0015579790785934058,state_ext=stretched_down,0.002826050535627755,-0.0006980270096470943,49,rolling,4,long,rejected,sample_starved_unsupported,11,False,8,False,0.0013030178851779,0.0008428115724478,state_session=lunch,0.0004532404322355,0.7366322920167563,0,0,0.0,0,8,7,0,2.75,rejected,rejected,rejected,rejected,rejected,rejected,rejected,rejected,123,65,False,False,FUT/NQ|1h|state_session=lunch + state_ext=stretched_down|rolling,False,research_only,False,0.0012577628442427258,0.0008702606817379349,unsupported
FUT/NQ,1h,state_session=morning + state_slope=uptrend,bear,FUT/NQ,ok,1201,55,0.0020591912660936585,0.5636363636363636,1.3623548754211143,0.17308591726776656,False,0.0005700444473872549,0.0014891468187064037,state_slope=uptrend,0.001689758218613278,0.0003694330474803805,1,rolling,4,long,rejected,late_emerging_regime_switching,607,False,370,True,0.0014804406441704,0.0010202343314403,state_slope=uptrend,0.0006460571734177,0.0060309606161057,2,11,0.5,0,8,8,7,8.75,rejected,rejected,rejected,rejected,rejected,rejected,rejected,rejected,123,42,False,False,FUT/NQ|1h|state_session=morning + state_slope=uptrend|rolling,False,research_only,False,0.00017972311222439407,0.0018794681538692646,regime_switching_research_only
FUT/CL,1h,state_ext=neutral + state_slope=uptrend,bear,FUT/CL,ok,1451,168,0.001869584969522824,0.48214285714285715,1.1567518885630095,0.24737374337227092,False,3.5706332813854546e-05,0.0018338786367089696,state_slope=uptrend,0.002296005268184828,-0.0004264202986620038,91,rolling,4,short,rejected,rejected_unsupported,1087,False,348,False,0.0008124674477066,0.0007195659505888,state_ext=neutral,-0.0002081189833593,0.6177795740119194,0,0,0.0,0,8,0,0,0.0,rejected,rejected,rejected,rejected,rejected,rejected,rejected,rejected,123,53,False,False,FUT/CL|1h|state_ext=neutral + state_slope=uptrend|rolling,False,research_only,False,-0.00015319485088290474,0.0020227798204057288,regime_switching_research_only
FUT/GC,1h,state_session=lunch + state_ext=stretched_down,bear,FUT/GC,ok,1237,15,0.0018100819432780833,0.7333333333333333,0.5040318315959145,0.6142390085215397,False,-2.3484135996062055e-05,0.0018335660792741454,state_session=lunch,-9.37873068158267e-05,0.00190386925009391,129,rolling,4,long,rejected,sample_starved_unsupported,23,False,9,False,0.0014213199518834,0.0018606670005811,state_ext=stretched_down,-0.0003208457166681,0.3423182988649953,0,0,0.0,0,8,1,0,-1.75,rejected,rejected,rejected,rejected,rejected,rejected,rejected,rejected,123,86,False,False,FUT/GC|1h|state_session=lunch + state_ext=stretched_down|rolling,False,research_only,False,0.003834595836838556,-0.0020245138935604725,regime_switching_research_only
FUT/NQ,1h,state_ext=neutral + state_slope=uptrend,bear,FUT/NQ,ok,1201,137,0.0016584687270100593,0.5985401459854015,1.70204958401147,0.08874607367380571,False,0.0005700444473872549,0.0010884242796228045,state_slope=uptrend,0.001689758218613278,-3.1289491603218736e-05,89,rolling,4,long,rejected,rejected_unsupported,1260,False,674,False,0.000670959108871,0.000210752796141,state_slope=uptrend,-0.0001634243618815,0.0798172446004552,0,0,0.0,0,8,0,0,0.0,rejected,rejected,rejected,rejected,rejected,rejected,rejected,rejected,123,30,False,False,FUT/NQ|1h|state_ext=neutral + state_slope=uptrend|rolling,False,research_only,False,5.5361385561344415e-05,0.0016031073414487149,regime_switching_research_only
FUT/CL,1h,state_session=morning + state_ext=stretched_down,bear,FUT/CL,ok,1451,173,0.0015011762668350422,0.5375722543352601,0.751988639613458,0.45205789062336876,False,-0.00043570633281385396,0.001936882599648896,state_ext=stretched_down,0.0022759874390639945,-0.0007748111722289523,81,rolling,4,long,rejected,rejected_unsupported,125,False,190,False,0.000668458999473,0.0011613604965908,state_ext=stretched_down,-0.0003708979686889,0.7559922460435795,0,0,0.0,0,8,1,0,0.25,rejected,rejected,rejected,rejected,rejected,rejected,rejected,rejected,123,73,False,False,FUT/CL|1h|state_session=morning + state_ext=stretched_down|rolling,False,research_only,False,0.001090631193308364,0.00041054507352667824,regime_switching_research_only
FUT/ES,1h,state_session=lunch + state_slope=downtrend,bear,FUT/ES,ok,1056,63,0.0013483886337962733,0.5238095238095238,1.441124675117278,0.1495494636525576,False,-0.000693824460943303,0.002042213094739576,state_session=lunch,0.00017462734102474035,0.0011737612927715329,21,rolling,4,short,rejected,rejected_unsupported,135,False,40,False,0.0001611211631195,0.0007910012329408,state_slope=downtrend,0.0006596540311133,0.9237983196525964,0,0,0.0,0,8,8,0,5.0,rejected,rejected,rejected,rejected,rejected,rejected,rejected,rejected,123,37,False,False,FUT/ES|1h|state_session=lunch + state_slope=downtrend|rolling,False,research_only,False,2.7014015431270508e-05,0.0013213746183650028,regime_switching_research_only
FUT/CL,1h,state_ext=neutral + state_vol=high_vol,bear,FUT/CL,ok,1451,558,0.0013331150927593644,0.46953405017921146,1.4127932110740307,0.15771653498745786,False,3.5706332813854546e-05,0.0012974087599455098,state_ext=neutral,0.0007575099926090955,0.0005756051001502689,90,rolling,4,short,rejected,rejected_unsupported,1174,False,712,False,0.0008457349776625,0.0007528334805447,state_ext=neutral,-0.0001748514534034,0.5336713577376431,0,0,0.0,0,8,0,0,0.0,rejected,rejected,rejected,rejected,rejected,rejected,rejected,rejected,123,39,False,False,FUT/CL|1h|state_ext=neutral + state_vol=high_vol|rolling,False,research_only,False,-6.656292438720472e-06,0.0013397713851980848,regime_switching_research_only
FUT/NQ,1h,state_session=morning + state_slope=downtrend,bear,FUT/NQ,ok,1201,431,0.0011929093424739967,0.5707656612529002,1.8393758814190078,0.06585991905636313,False,0.0005700444473872549,0.0006228648950867418,state_session=morning,0.0009079295163476363,0.00028497982612636034,114,rolling,4,long,rejected,rejected_unsupported,723,False,288,False,-0.0010105527632814,-0.0014707590760114,state_session=morning,-0.0014735031405136,0.1878160029466415,0,0,0.0,0,0,0,1,-0.75,rejected,rejected,rejected,rejected,rejected,rejected,rejected,rejected,123,28,False,False,FUT/NQ|1h|state_session=morning + state_slope=downtrend|rolling,False,research_only,False,0.00011548814022176412,0.0010774212022522326,regime_switching_research_only
FUT/CL,1h,state_session=morning + state_slope=flat,bear,FUT/CL,ok,1451,219,0.0011909444005372585,0.5525114155251142,0.8525583799387317,0.39390425133432494,False,3.5706332813854546e-05,0.001155238067723404,state_slope=flat,0.0007914754238293274,0.00039946897670793116,20,rolling,4,short,rejected,rejected_unsupported,753,False,174,False,0.0019619887193359,0.0018690872222181,state_slope=flat,0.0012141661587014,0.3700350995227461,0,0,0.0,0,8,8,0,5.0,rejected,rejected,rejected,rejected,rejected,rejected,rejected,rejected,123,70,False,False,FUT/CL|1h|state_session=morning + state_slope=flat|rolling,False,research_only,False,0.0005862511377520233,0.0006046932627852352,regime_switching_research_only
FUT/NQ,1h,state_session=lunch + state_slope=flat,bear,FUT/NQ,ok,1201,12,0.001185344165807702,0.4166666666666667,0.6870855417846095,0.49202882469238673,False,0.0005700444473872549,0.0006152997184204472,state_session=lunch,6.451101420309388e-05,0.001120833151604608,24,rolling,4,long,rejected,rejected_unsupported,83,False,42,False,0.0013974443393698,0.0009372380266397,state_session=lunch,0.0005476668864274,0.1736134637570496,0,0,0.0,0,8,8,0,5.0,rejected,rejected,rejected,rejected,rejected,rejected,rejected,rejected,123,76,False,False,FUT/NQ|1h|state_session=lunch + state_slope=flat|rolling,False,research_only,False,0.000412352146589807,0.000772992019217895,unsupported
FUT/ES,1h,state_ext=neutral + state_vol=low_vol,bear,FUT/ES,ok,1056,11,0.0010931671205946139,0.2727272727272727,0.4193136255777004,0.6749869398489967,False,-0.000693824460943303,0.0017869915815379167,state_vol=low_vol,0.0010931671205946139,0.0,67,rolling,4,short,rejected,rejected_unsupported,872,False,438,False,-0.0001052450038448,0.0005246350659763,state_vol=low_vol,0.0,0.7105978063181944,0,0,0.0,0,8,0,3,0.75,rejected,rejected,rejected,rejected,rejected,rejected,rejected,rejected,123,90,False,False,FUT/ES|1h|state_ext=neutral + state_vol=low_vol|rolling,False,research_only,False,-0.0002980984448907672,0.001391265565485381,unsupported
FUT/CL,1h,state_session=morning + state_ext=neutral,bear,FUT/CL,ok,1451,552,0.0010692006072530768,0.519927536231884,1.1391324057973633,0.2546479331501912,False,3.5706332813854546e-05,0.0010334942744392223,state_ext=neutral,0.0007575099926090955,0.0003116906146439813,22,rolling,4,short,rejected,rejected_unsupported,1785,False,534,False,0.0016274749952453,0.0015345734981275,state_ext=neutral,0.0006068885641793,0.2461404688130397,0,0,0.0,0,8,8,0,5.0,rejected,rejected,rejected,rejected,rejected,rejected,rejected,rejected,123,54,False,False,FUT/CL|1h|state_session=morning + state_ext=neutral|rolling,False,research_only,False,0.00027039212883643696,0.0007988084784166399,regime_switching_research_only
FUT/NQ,1h,state_session=afternoon + state_slope=flat,bear,FUT/NQ,ok,1201,81,0.0009977063815797857,0.654320987654321,1.8436633224232402,0.06523222141475093,False,0.0005700444473872549,0.0004276619341925308,state_session=afternoon,0.00024475763134947077,0.000752948750230315,122,rolling,4,long,rejected,rejected_unsupported,289,False,140,False,0.0003237750341366,-0.0001364312785934,state_slope=flat,-0.00030300513505,0.6166348774540305,0,0,0.0,0,0,0,0,-1.0,rejected,rejected,rejected,rejected,rejected,rejected,rejected,rejected,123,27,False,False,FUT/NQ|1h|state_session=afternoon + state_slope=flat|rolling,False,research_only,False,-5.656020110435005e-06,0.0010033624016902206,regime_switching_research_only
FUT/NQ,1h,state_session=afternoon + state_slope=uptrend,bear,FUT/NQ,ok,1201,71,0.0009645382151511046,0.647887323943662,0.9641552836239665,0.33496807936160855,False,0.0005700444473872549,0.0003944937677638498,state_slope=uptrend,0.001689758218613278,-0.0007252200034621734,112,rolling,4,long,rejected,rejected_unsupported,568,False,296,False,-7.696064154323754e-05,-0.0005371669542733,state_slope=uptrend,-0.0009113441122959,0.8528352574464042,0,0,0.0,0,1,0,1,-0.75,rejected,rejected,rejected,rejected,rejected,rejected,rejected,rejected,123,60,False,False,FUT/NQ|1h|state_session=afternoon + state_slope=uptrend|rolling,False,research_only,False,7.915373221310505e-05,0.0008853844829379996,regime_switching_research_only
FUT/NQ,1h,state_ext=neutral + state_vol=high_vol,bear,FUT/NQ,ok,1201,840,0.0008432440738646128,0.5702380952380952,1.8788345745703008,0.060267084504120216,False,0.0005700444473872549,0.00027319962647735796,state_vol=high_vol,0.0010054681394906307,-0.00016222406562601784,52,rolling,4,long,rejected,parent_underperformed,1823,False,716,True,0.0010141599795836,0.0005539536668535,state_vol=high_vol,-8.659061365480893e-05,0.0449570877915617,0,0,0.0,0,8,0,4,2.0,rejected,rejected,rejected,rejected,rejected,rejected,rejected,rejected,123,25,False,False,FUT/NQ|1h|state_ext=neutral + state_vol=high_vol|rolling,False,research_only,False,0.00022073238559323498,0.0006225116882713779,regime_switching_research_only
FUT/NQ,1h,state_session=morning + state_ext=neutral,bear,FUT/NQ,ok,1201,590,0.0008317250131802685,0.5525423728813559,1.4268136147861186,0.15363362576758033,False,0.0005700444473872549,0.0002616805657930136,state_session=morning,0.0009079295163476363,-7.620450316736787e-05,38,rolling,4,long,rejected,rejected_unsupported,2059,False,859,False,0.0004770569674765,1.685065474650414e-05,state_session=morning,1.4106590244341144e-05,0.2697961697767441,0,0,0.0,0,7,7,0,4.75,rejected,rejected,rejected,rejected,rejected,rejected,rejected,rejected,123,38,False,False,FUT/NQ|1h|state_session=morning + state_ext=neutral|rolling,False,research_only,False,-4.150305617970164e-05,0.0008732280693599701,regime_switching_research_only
FUT/GC,1h,state_ext=neutral + state_vol=low_vol,bear,FUT/GC,ok,1237,118,0.0008046630811907328,0.5508474576271186,0.5624854841618493,0.5737852909212526,False,-0.00037651586400393747,0.0011811789451946703,state_vol=low_vol,0.0008046630811907328,0.0,66,rolling,4,short,rejected,rejected_unsupported,537,False,228,False,0.0015432709890071,0.0015039239403094,state_vol=low_vol,0.0,0.0837189117793686,1,10,0.25,0,8,0,1,0.75,rejected,rejected,rejected,rejected,rejected,rejected,rejected,rejected,123,84,False,False,FUT/GC|1h|state_ext=neutral + state_vol=low_vol|rolling,False,research_only,False,-0.00019885438965068156,0.0010035174708414142,regime_switching_research_only
FUT/ES,1h,state_session=morning + state_slope=downtrend,bear,FUT/ES,ok,1056,360,0.0007541093409478901,0.5722222222222222,1.2913078011900105,0.19659696658921777,False,0.0002938244609433033,0.0004602848800045868,state_session=morning,0.0006107882926093774,0.00014332104833851274,123,rolling,4,long,rejected,rejected_unsupported,722,False,275,False,-0.0001553303413966,-0.0003852104112179,state_session=morning,-0.000514387658983,0.7580899018130614,0,0,0.0,0,0,0,0,-1.0,rejected,rejected,rejected,rejected,rejected,rejected,rejected,rejected,123,47,False,False,FUT/ES|1h|state_session=morning + state_slope=downtrend|rolling,False,research_only,False,0.00026651346784393657,0.00048759587310395357,regime_switching_research_only
FUT/ES,1h,state_ext=neutral + state_slope=uptrend,bear,FUT/ES,ok,1056,135,0.0007332112154924241,0.5333333333333333,0.8880847939740829,0.37449514147176055,False,0.0002938244609433033,0.00043938675454912083,state_slope=uptrend,0.0007332112154924241,0.0,107,rolling,4,long,rejected,rejected_unsupported,1219,False,652,False,0.0001810189247642,-4.8861145057052855e-05,state_slope=uptrend,-2.726038271919472e-05,0.5008550730239121,0,0,0.0,0,2,0,1,-0.75,rejected,rejected,rejected,rejected,rejected,rejected,rejected,rejected,123,67,False,False,FUT/ES|1h|state_ext=neutral + state_slope=uptrend|rolling,False,research_only,False,1.6023589994392597e-05,0.0007171876254980315,regime_switching_research_only
FUT/GC,1h,state_session=morning + state_slope=flat,bear,FUT/GC,ok,1237,166,0.0006495481905657403,0.4578313253012048,0.6809640347849376,0.4958942478827695,False,-2.3484135996062055e-05,0.0006730323265618023,state_slope=flat,0.00037635521024846267,0.0002731929803172776,10,rolling,4,long,rejected,rejected_unsupported,537,True,265,False,0.0001983336059784,0.000637680654676,state_session=morning,0.0003485492875077,0.7799710573016747,1,100,0.25,0,8,8,0,5.5,rejected,rejected,rejected,rejected,rejected,rejected,rejected,rejected,123,78,False,False,FUT/GC|1h|state_session=morning + state_slope=flat|rolling,False,research_only,False,0.0008001662748961065,-0.0001506180843303662,regime_switching_research_only
FUT/CL,1h,state_ext=neutral + state_slope=flat,bear,FUT/CL,ok,1451,383,0.0006202713497016118,0.5195822454308094,0.6489514770984082,0.5163697401707279,False,3.5706332813854546e-05,0.0005845650168877572,state_slope=flat,0.0007914754238293274,-0.00017120407412771557,72,rolling,4,short,rejected,rejected_unsupported,1157,False,270,False,0.0007774108658828,0.000684509368765,state_ext=neutral,-0.0002431755651831,0.6463844560442045,0,0,0.0,0,8,2,0,0.5,rejected,rejected,rejected,rejected,rejected,rejected,rejected,rejected,123,79,False,False,FUT/CL|1h|state_ext=neutral + state_slope=flat|rolling,False,research_only,False,6.430253595467111e-05,0.0005559688137469407,regime_switching_research_only
FUT/ES,1h,state_session=morning + state_ext=neutral,bear,FUT/ES,ok,1056,560,0.0005697912432805572,0.5482142857142858,1.2398325701463044,0.21503732862165248,False,0.0002938244609433033,0.0002759667823372539,state_session=morning,0.0006107882926093774,-4.099704932882019e-05,84,rolling,4,long,rejected,rejected_unsupported,2084,False,884,False,0.0003506411833868,0.0001207611135655,state_session=morning,-8.416134199518003e-06,0.1987421670622071,0,0,0.0,0,8,0,0,0.0,rejected,rejected,rejected,rejected,rejected,rejected,rejected,rejected,123,51,False,False,FUT/ES|1h|state_session=morning + state_ext=neutral|rolling,False,research_only,False,4.2677951314972244e-05,0.000527113291965585,regime_switching_research_only
FUT/NQ,1h,state_ext=neutral + state_vol=mid_vol,bear,FUT/NQ,ok,1201,240,0.0005582746237975793,0.5208333333333334,0.7869090062419977,0.43133513496342424,False,-0.0009700444473872545,0.0015283190711848338,state_vol=mid_vol,0.0005450745224860129,1.3200101311566445e-05,9,rolling,4,short,rejected,rejected_unsupported,1095,False,689,False,-0.0002014870931207,0.0006587192196093,state_vol=mid_vol,3.0881325823098744e-05,0.599288043759838,0,0,0.0,0,8,8,3,5.75,rejected,rejected,rejected,rejected,rejected,rejected,rejected,rejected,123,72,False,False,FUT/NQ|1h|state_ext=neutral + state_vol=mid_vol|rolling,False,research_only,False,-6.649304692544168e-05,0.000624767670723021,regime_switching_research_only
FUT/CL,1h,state_ext=neutral + state_slope=downtrend,bear,FUT/CL,ok,1451,542,0.0005097863839597596,0.47601476014760147,0.5877252578226279,0.5567167192362574,False,3.5706332813854546e-05,0.0004740800511459051,state_ext=neutral,0.0007575099926090955,-0.00024772360864933583,27,rolling,4,short,rejected,rejected_unsupported,908,False,397,False,0.0013684020703821,0.0012755005732643,state_ext=neutral,0.0003478156393161,0.415274801585733,0,0,0.0,0,8,8,0,5.0,rejected,rejected,rejected,rejected,rejected,rejected,rejected,rejected,123,83,False,False,FUT/CL|1h|state_ext=neutral + state_slope=downtrend|rolling,False,research_only,False,0.00013823686815961985,0.0003715495158001398,regime_switching_research_only
FUT/ES,1h,state_session=morning + state_slope=uptrend,bear,FUT/ES,ok,1056,64,0.0004872924364261844,0.4375,0.4327152891967485,0.6652216210295991,False,0.0002938244609433033,0.0001934679754828811,state_slope=uptrend,0.0007332112154924241,-0.0002459187790662397,4,rolling,4,long,rejected,late_emerging_valid_supported,586,False,296,True,0.0008611743910315,0.0006312943212102,state_session=morning,0.0005021170734451,0.0427265849209699,0,0,0.0,0,8,8,4,7.0,rejected,rejected,rejected,rejected,rejected,rejected,rejected,rejected,123,89,False,False,FUT/ES|1h|state_session=morning + state_slope=uptrend|rolling,False,research_only,False,0.0001165522517389793,0.00037074018468720514,regime_switching_research_only
FUT/ES,1h,state_ext=neutral + state_slope=flat,bear,FUT/ES,ok,1056,184,0.00044189735132776274,0.5652173913043478,0.8889775779977487,0.3740151302400829,False,0.0002938244609433033,0.00014807289038445943,state_slope=flat,0.0004959024583392323,-5.40051070114696e-05,85,rolling,4,long,rejected,rejected_unsupported,1079,False,521,False,0.0003709796234507,0.0001410995536294,state_slope=flat,-1.927559870689436e-05,0.1606607532947817,0,0,0.0,0,7,0,0,0.0,rejected,rejected,rejected,rejected,rejected,rejected,rejected,rejected,123,66,False,False,FUT/ES|1h|state_ext=neutral + state_slope=flat|rolling,False,research_only,False,-0.00010826943426560637,0.0005501667855933692,regime_switching_research_only
FUT/GC,1h,state_ext=neutral + state_slope=flat,bear,FUT/GC,ok,1237,274,0.0004106887467297256,0.4416058394160584,0.51770498723818,0.6046641180770287,False,-2.3484135996062055e-05,0.0004341728827257877,state_slope=flat,0.00037635521024846267,3.433353648126295e-05,11,rolling,4,long,rejected,rejected_unsupported,1009,True,457,False,-0.0001202149506872,0.0003191320980104,state_slope=flat,4.81045111371375e-05,0.8574746912493918,1,100,0.25,0,8,8,0,5.5,rejected,rejected,rejected,rejected,rejected,rejected,rejected,rejected,123,85,False,False,FUT/GC|1h|state_ext=neutral + state_slope=flat|rolling,False,research_only,False,0.000573059162352097,-0.00016237041562237143,regime_switching_research_only
FUT/CL,1h,state_ext=neutral + state_vol=low_vol,bear,FUT/CL,ok,1451,212,0.00037549553644816957,0.5330188679245284,0.28073355000980427,0.778914773932895,False,3.5706332813854546e-05,0.00033978920363431504,state_ext=neutral,0.0007575099926090955,-0.0003820144561609259,69,rolling,4,short,rejected,rejected_unsupported,883,False,37,False,0.0026848528176448,0.002591951320527,state_vol=low_vol,-0.0006452016558611,0.5463307487695719,1,10,0.25,0,8,0,0,0.5,rejected,rejected,rejected,rejected,rejected,rejected,rejected,rejected,123,102,False,False,FUT/CL|1h|state_ext=neutral + state_vol=low_vol|rolling,False,research_only,False,-9.781866214445352e-05,0.0004733141985926231,regime_switching_research_only
FUT/NQ,1h,state_session=morning + state_slope=flat,bear,FUT/NQ,ok,1201,121,0.0003696573555125536,0.5041322314049587,0.3610713853347175,0.7180460835310147,False,-0.0009700444473872545,0.001339701802899808,state_slope=flat,-0.00040892433121792566,0.0007785816867304793,71,rolling,4,short,rejected,rejected_unsupported,651,False,231,False,-0.0010702988867595,-0.0002100925740294,state_session=morning,-0.0002073485095272,0.0671182209000449,0,0,0.0,0,1,1,5,0.5,rejected,rejected,rejected,rejected,rejected,rejected,rejected,rejected,123,97,False,False,FUT/NQ|1h|state_session=morning + state_slope=flat|rolling,False,research_only,False,-8.276749411686406e-05,0.00045242484962941765,regime_switching_research_only
FUT/ES,1h,state_ext=neutral + state_vol=high_vol,bear,FUT/ES,ok,1056,816,0.0003323255634006245,0.5477941176470589,0.8744477592734791,0.38187445799884756,False,0.0002938244609433033,3.8501102457321195e-05,state_vol=high_vol,0.0003962935558440575,-6.3967992443433e-05,88,rolling,4,long,rejected,rejected_unsupported,1851,False,640,False,0.0006746409292045,0.0004447608593833,state_vol=high_vol,-7.06663988987601e-05,0.0936823692893562,0,0,0.0,0,8,0,0,0.0,rejected,rejected,rejected,rejected,rejected,rejected,rejected,rejected,123,69,False,False,FUT/ES|1h|state_ext=neutral + state_vol=high_vol|rolling,False,research_only,False,0.00015975195896427696,0.00017257360443634755,regime_switching_research_only
FUT/CL,1h,state_session=afternoon + state_slope=flat,bear,FUT/CL,ok,1451,148,0.00032633006788473435,0.5,0.33922378997784597,0.7344411488473703,False,3.5706332813854546e-05,0.0002906237350708798,state_slope=flat,0.0007914754238293274,-0.000465145355944593,41,rolling,4,short,rejected,rejected_unsupported,361,False,111,False,0.0011135505349018,0.001020649037784,state_slope=flat,0.0003657279742673,0.6867278796787701,0,0,0.0,0,7,6,0,4.5,rejected,rejected,rejected,rejected,rejected,rejected,rejected,rejected,123,99,False,False,FUT/CL|1h|state_session=afternoon + state_slope=flat|rolling,False,research_only,False,-2.857783204533476e-05,0.0003549078999300691,regime_switching_research_only
FUT/CL,1h,state_session=afternoon + state_slope=downtrend,bear,FUT/CL,ok,1451,367,0.0003192146488473185,0.4822888283378747,0.29024419053429423,0.7716294313437753,False,-0.00043570633281385396,0.0007549209816611725,state_slope=downtrend,0.0004068776915024329,-8.766304265511439e-05,39,rolling,4,long,rejected,rejected_unsupported,492,False,267,False,0.0005257314265747,0.0010186329236925,state_slope=downtrend,0.0009538067125601,0.7752041581842211,0,0,0.0,0,7,6,0,4.5,rejected,rejected,rejected,rejected,rejected,rejected,rejected,rejected,123,100,False,False,FUT/CL|1h|state_session=afternoon + state_slope=downtrend|rolling,False,research_only,False,0.0004186914151702948,-9.94767663229763e-05,regime_switching_research_only
FUT/NQ,1h,state_ext=neutral + state_slope=downtrend,bear,FUT/NQ,ok,1201,757,0.0003025956780353503,0.5284015852047557,0.6435682128621217,0.5198554683744872,False,0.0005700444473872549,-0.00026744876935190455,state_slope=downtrend,0.0005160135603313378,-0.0002134178822959875,124,rolling,4,long,rejected,rejected_unsupported,1409,False,543,False,-0.0001368506888937,-0.0005970570016237,state_ext=neutral,-0.0005183486752896,0.807843870721618,0,0,0.0,0,0,0,0,-1.0,rejected,rejected,rejected,rejected,rejected,rejected,rejected,rejected,123,80,False,False,FUT/NQ|1h|state_ext=neutral + state_slope=downtrend|rolling,False,research_only,False,-5.046070086271853e-05,0.0003530563788980689,unsupported
FUT/GC,1h,state_ext=neutral + state_vol=high_vol,bear,FUT/GC,ok,1237,520,0.00027307998821489643,0.4826923076923077,0.3739283067287296,0.7084576558844025,False,-2.3484135996062055e-05,0.0002965641242109585,state_ext=neutral,0.00011308977489370369,0.00015999021332119273,30,rolling,4,long,rejected,rejected_unsupported,1738,False,521,False,0.0008216659861585,0.0012610130348561,state_vol=high_vol,0.0001477874908452,0.2515039841140438,0,0,0.0,0,8,8,0,5.0,rejected,rejected,rejected,rejected,rejected,rejected,rejected,rejected,123,94,False,False,FUT/GC|1h|state_ext=neutral + state_vol=high_vol|rolling,False,research_only,False,0.0002875243171963178,-1.4444328981421382e-05,regime_switching_research_only
FUT/GC,1h,state_ext=neutral + state_vol=mid_vol,bear,FUT/GC,ok,1237,466,0.00025499007108418083,0.5171673819742489,0.4888016175370029,0.6249821527378838,False,-2.3484135996062055e-05,0.0002784742070802429,state_vol=mid_vol,0.00019690918449929225,5.808088658488858e-05,50,rolling,4,long,rejected,rejected_unsupported,1167,False,829,False,-0.0008933887392502,-0.0004540416905526,state_ext=neutral,-0.0004145566280059,0.025318909329159,1,1000,0.25,0,0,0,7,2.25,rejected,rejected,rejected,rejected,rejected,rejected,rejected,rejected,123,88,False,False,FUT/GC|1h|state_ext=neutral + state_vol=mid_vol|rolling,False,research_only,False,2.455909803217462e-06,0.00025253416128096336,regime_switching_research_only
FUT/ES,1h,state_session=morning + state_slope=flat,bear,FUT/ES,ok,1056,132,0.0002500414607667057,0.5303030303030303,0.3984798843155837,0.6902764832420554,False,0.0002938244609433033,-4.37830001765976e-05,state_session=morning,0.0006107882926093774,-0.0003607468318426717,87,rolling,4,long,rejected,rejected_unsupported,673,False,318,False,0.0003365099983428,0.0001066299285215,state_slope=flat,-5.3745223814794776e-05,0.2980471875189106,0,0,0.0,0,7,0,0,0.0,rejected,rejected,rejected,rejected,rejected,rejected,rejected,rejected,123,93,False,False,FUT/ES|1h|state_session=morning + state_slope=flat|rolling,False,research_only,False,-0.00022452493320108285,0.00047456639396778856,unsupported
FUT/GC,1h,state_session=morning + state_ext=neutral,bear,FUT/GC,ok,1237,610,0.0001834083155808043,0.49836065573770494,0.2853447429357002,0.7753800371161832,False,-2.3484135996062055e-05,0.00020689245157686637,state_session=morning,0.00018666126799195317,-3.252952411148864e-06,37,rolling,4,long,rejected,rejected_unsupported,1925,False,832,False,-9.00625531987537e-05,0.0003492844954989,state_session=morning,6.015312833055077e-05,0.8610537754827117,0,0,0.0,0,7,7,0,4.75,rejected,rejected,rejected,rejected,rejected,rejected,rejected,rejected,123,101,False,False,FUT/GC|1h|state_session=morning + state_ext=neutral|rolling,False,research_only,False,-0.0001090634905522329,0.0002924718061330372,regime_switching_research_only
FUT/ES,1h,state_session=afternoon + state_slope=uptrend,bear,FUT/ES,ok,1056,51,0.00018321001844037531,0.6274509803921569,0.17195912126132804,0.8634696667130595,False,0.0002938244609433033,-0.000110614442502928,state_slope=uptrend,0.0007332112154924241,-0.0005500011970520488,101,rolling,4,long,rejected,rejected_unsupported,537,False,310,False,-0.0003870826534738,-0.000616962723295,state_slope=uptrend,-0.0005953619609572,0.1459387913006837,0,0,0.0,0,0,0,3,-0.25,rejected,rejected,rejected,rejected,rejected,rejected,rejected,rejected,123,110,False,False,FUT/ES|1h|state_session=afternoon + state_slope=uptrend|rolling,False,research_only,False,-0.00014519924669949277,0.00032840926513986806,unsupported
FUT/GC,1h,state_session=afternoon + state_ext=neutral,bear,FUT/GC,ok,1237,419,0.0001203484951702619,0.4892601431980907,0.19145793484866236,0.848166833996236,False,-2.3484135996062055e-05,0.00014383263116632395,state_ext=neutral,0.00011308977489370369,7.258720276558209e-06,100,rolling,4,long,rejected,rejected_unsupported,1400,True,612,False,-0.0008024864567829,-0.0003631394080853,state_ext=neutral,-0.0003236543455386,0.1248517553874304,0,0,0.0,0,1,1,2,-0.25,rejected,rejected,rejected,rejected,rejected,rejected,rejected,rejected,123,108,False,False,FUT/GC|1h|state_session=afternoon + state_ext=neutral|rolling,False,research_only,False,0.00028786418900528276,-0.00016751569383502088,regime_switching_research_only
FUT/GC,1h,state_session=afternoon + state_slope=downtrend,bear,FUT/GC,ok,1237,321,9.418748170406344e-05,0.46105919003115264,0.10602951603856169,0.915558933767517,False,-0.00037651586400393747,0.0004707033457080009,state_slope=downtrend,9.888792535675937e-06,8.42986891683875e-05,15,rolling,4,short,rejected,rejected_unsupported,536,False,302,False,0.0004311028490199,0.0003917558003222,state_session=afternoon,0.0001610482788715,0.5206518307133603,0,0,0.0,0,8,8,1,5.25,rejected,rejected,rejected,rejected,rejected,rejected,rejected,rejected,123,115,False,False,FUT/GC|1h|state_session=afternoon + state_slope=downtrend|rolling,False,research_only,False,-0.00027105545903503316,0.0003652429407390966,regime_switching_research_only
FUT/ES,1h,state_ext=neutral + state_slope=downtrend,bear,FUT/ES,ok,1056,695,7.53382536632431e-05,0.5381294964028777,0.18875255703127555,0.8502867573357085,False,0.0002938244609433033,-0.00021848620728006022,state_ext=neutral,0.0002309599254681899,-0.00015562167180494682,119,rolling,4,long,rejected,rejected_unsupported,1458,False,520,False,2.8925284332413545e-05,-0.0002009547854888,state_ext=neutral,-0.0001638366002611,0.9419179644163864,0,0,0.0,0,0,0,0,-1.0,rejected,rejected,rejected,rejected,rejected,rejected,rejected,rejected,123,109,False,False,FUT/ES|1h|state_ext=neutral + state_slope=downtrend|rolling,False,research_only,False,-3.0245598051302663e-05,0.00010558385171454576,unsupported
FUT/GC,1h,state_session=lunch + state_slope=uptrend,bear,FUT/GC,ok,1237,8,6.233747006704213e-05,0.375,0.0224903042447916,0.982056846137167,False,-2.3484135996062055e-05,8.58216060631042e-05,state_slope=uptrend,0.0018618255395501154,-0.0017994880694830733,103,rolling,4,long,rejected,rejected_unsupported,129,False,55,False,-0.0018533329404673,-0.0014139858917697,state_slope=uptrend,-0.0014859527805353,0.0540070831810277,0,0,0.0,0,1,1,2,-0.25,rejected,rejected,rejected,rejected,rejected,rejected,rejected,rejected,123,121,False,False,FUT/GC|1h|state_session=lunch + state_slope=uptrend|rolling,False,research_only,False,0.0009117852505015592,-0.0008494477804345171,unsupported
FUT/NQ,1h,state_ext=neutral + state_slope=flat,bear,FUT/NQ,ok,1201,212,3.0104620053552026e-05,0.5424528301886793,0.04590101033439882,0.9633891488972604,False,0.0005700444473872549,-0.0005399398273337029,state_ext=neutral,0.00042916099237509333,-0.0003990563723215413,86,rolling,4,long,rejected,rejected_unsupported,1021,False,412,False,0.0005911254964299,0.0001309191836998,state_slope=flat,-3.5654672756734525e-05,0.216498009441703,0,0,0.0,0,7,0,0,0.0,rejected,rejected,rejected,rejected,rejected,rejected,rejected,rejected,123,118,False,False,FUT/NQ|1h|state_ext=neutral + state_slope=flat|rolling,False,research_only,False,-0.00014624159696357883,0.00017634621701713085,unsupported
FUT/GC,1h,state_ext=stretched_down + state_slope=downtrend,bear,FUT/GC,ok,1237,113,2.7940156924632404e-05,0.45132743362831856,0.010536235251300262,0.9915934561025184,False,-0.00037651586400393747,0.0004044560209285699,state_slope=downtrend,9.888792535675937e-06,1.805136438895647e-05,82,rolling,4,short,rejected,rejected_unsupported,170,False,71,False,-0.0021421656685516,-0.0021815127172492,state_slope=downtrend,-0.0023853445468213,0.0637737086112859,0,0,0.0,0,0,0,5,0.25,rejected,rejected,rejected,rejected,rejected,rejected,rejected,rejected,123,123,False,False,FUT/GC|1h|state_ext=stretched_down + state_slope=downtrend|rolling,False,research_only,False,0.00029890939253281456,-0.00027096923560818213,regime_switching_research_only
FUT/NQ,1h,state_session=afternoon + state_ext=neutral,bear,FUT/NQ,ok,1201,447,1.6579786334892743e-05,0.5480984340044742,0.04030741406290411,0.9678480430167564,False,0.0005700444473872549,-0.0005534646610523621,state_ext=neutral,0.00042916099237509333,-0.0004125812060402006,120,rolling,4,long,rejected,rejected_unsupported,1500,False,632,False,0.0001956908962438,-0.0002645154164862,state_ext=neutral,-0.000185807090152,0.6065283676500286,0,0,0.0,0,0,0,0,-1.0,rejected,rejected,rejected,rejected,rejected,rejected,rejected,rejected,123,119,False,False,FUT/NQ|1h|state_session=afternoon + state_ext=neutral|rolling,False,research_only,False,-9.746274681016991e-05,0.00011404253314506265,unsupported
FUT/CL,1h,state_ext=neutral + state_vol=mid_vol,bear,FUT/CL,ok,1451,323,1.3854942523232169e-05,0.5046439628482973,0.013572041367500216,0.9891714101735758,False,3.5706332813854546e-05,-2.1851390290622376e-05,state_ext=neutral,0.0007575099926090955,-0.0007436550500858633,36,rolling,4,short,rejected,rejected_unsupported,1094,False,266,False,0.0012571141698624,0.0011642126727447,state_ext=neutral,0.0002365277387964,0.3181359622094919,0,0,0.0,0,8,7,0,4.75,rejected,rejected,rejected,rejected,rejected,rejected,rejected,rejected,123,122,False,False,FUT/CL|1h|state_ext=neutral + state_vol=mid_vol|rolling,False,research_only,False,0.00010106659681276116,-8.721165428952898e-05,unsupported
FUT/ZN,1h,state_session=morning + state_slope=flat,bear,FUT/ZN,ok,1607,295,-2.7033042830690654e-05,0.4745762711864407,-0.20265384330845004,0.8394056021999123,False,-0.0002254615218137336,0.00019842847898304293,state_slope=flat,-0.0001616439242754556,0.00013461088144476493,5,rolling,4,short,rejected,rejected_unsupported,776,False,309,False,1.7672249221361904e-05,0.0001867114292888,state_slope=flat,0.0001005699277904,0.9110132717885906,0,0,0.0,0,8,8,4,6.0,rejected,rejected,rejected,rejected,rejected,rejected,rejected,rejected,123,107,False,False,FUT/ZN|1h|state_session=morning + state_slope=flat|rolling,False,research_only,False,-0.00013568523479380695,0.0001086521919631163,unsupported
FUT/ZN,1h,state_session=lunch + state_slope=downtrend,bear,FUT/ZN,ok,1607,90,-2.8809243625381474e-05,0.37777777777777777,-0.16729612028909202,0.8671370566818903,False,-0.0002254615218137336,0.00019665227818835212,state_slope=downtrend,-0.00018096456764764624,0.00015215532402226476,8,rolling,4,short,rejected,rejected_unsupported,121,False,47,False,0.0001171093643238,0.0002861485443913,state_session=lunch,0.0001662121073439,0.5846667087118465,0,0,0.0,0,8,8,3,5.75,rejected,rejected,rejected,rejected,rejected,rejected,rejected,rejected,123,112,False,False,FUT/ZN|1h|state_session=lunch + state_slope=downtrend|rolling,False,research_only,False,-5.693523139111827e-06,-2.3115720486269646e-05,unsupported
FUT/GC,1h,state_ext=neutral + state_slope=downtrend,bear,FUT/GC,ok,1237,720,-2.9475427682242e-05,0.4666666666666667,-0.05348767708488973,0.9573433488567358,False,-0.00037651586400393747,0.0003470404363216955,state_slope=downtrend,9.888792535675937e-06,-3.9364220217917935e-05,14,rolling,4,short,rejected,rejected_unsupported,1144,False,708,False,0.0004823871590949,0.0004430401103973,state_slope=downtrend,0.0002392082808253,0.362433543837565,0,0,0.0,0,8,8,1,5.25,rejected,rejected,rejected,rejected,rejected,rejected,rejected,rejected,123,116,False,False,FUT/GC|1h|state_ext=neutral + state_slope=downtrend|rolling,False,research_only,False,0.00030516339523580524,-0.00033463882291804724,unsupported
FUT/CL,1h,state_session=lunch + state_ext=neutral,bear,FUT/CL,ok,1451,90,-3.299248037115039e-05,0.6,-0.02833476123440732,0.9773951562667169,False,-0.00043570633281385396,0.0004027138524427036,state_session=lunch,0.0012461532224182878,-0.0012791457027894382,128,rolling,4,long,rejected,rejected_unsupported,278,False,74,False,-0.0010971368537189,-0.0006042353566011,state_session=lunch,-0.0044357372239806,0.8104895667794698,0,0,0.0,0,2,0,0,-1.0,rejected,rejected,rejected,rejected,rejected,rejected,rejected,rejected,123,120,False,False,FUT/CL|1h|state_session=lunch + state_ext=neutral|rolling,False,research_only,False,0.0005830359629832014,-0.0006160284433543518,unsupported
FUT/ES,1h,state_session=afternoon + state_ext=neutral,bear,FUT/ES,ok,1056,381,-6.067696316850137e-05,0.5433070866141733,-0.17089777870787495,0.8643041433035954,False,0.0002938244609433033,-0.00035450142411180466,state_ext=neutral,0.0002309599254681899,-0.00029163688863669126,110,rolling,4,long,rejected,rejected_unsupported,1526,False,660,False,1.5769916736307855e-05,-0.0002141101530849,state_ext=neutral,-0.0001769919678572,0.9476105208757876,0,0,0.0,0,0,0,1,-0.75,rejected,rejected,rejected,rejected,rejected,rejected,rejected,rejected,123,111,False,False,FUT/ES|1h|state_session=afternoon + state_ext=neutral|rolling,False,research_only,False,-0.00015555076942480318,9.48738062563018e-05,unsupported
FUT/NQ,1h,state_session=afternoon + state_slope=downtrend,bear,FUT/NQ,ok,1201,325,-6.548267809310293e-05,0.5292307692307693,-0.13075102074667588,0.8959722700355002,False,0.0005700444473872549,-0.0006355271254803578,state_slope=downtrend,0.0005160135603313378,-0.0005814962384244407,23,rolling,4,long,rejected,rejected_unsupported,614,False,240,False,0.0009486507006205,0.0004884443878904,state_session=afternoon,0.0005784963766098,0.1359983122834616,0,0,0.0,0,7,8,0,5.0,rejected,rejected,rejected,rejected,rejected,rejected,rejected,rejected,123,114,False,False,FUT/NQ|1h|state_session=afternoon + state_slope=downtrend|rolling,False,research_only,False,3.096727900470335e-05,-9.644995709780628e-05,unsupported
FUT/ES,1h,state_ext=neutral + state_vol=mid_vol,bear,FUT/ES,ok,1056,187,-0.00011818239773598507,0.5133689839572193,-0.20898726749589272,0.8344581782246554,False,0.0002938244609433033,-0.0004120068586792884,state_ext=neutral,0.0002309599254681899,-0.000349142323204175,109,rolling,4,long,rejected,rejected_unsupported,1032,False,615,False,3.8501405271496215e-05,-0.0001913786645497,state_ext=neutral,-0.0001542604793221,0.8750254988589083,0,0,0.0,0,0,0,1,-0.75,rejected,rejected,rejected,rejected,rejected,rejected,rejected,rejected,123,106,False,False,FUT/ES|1h|state_ext=neutral + state_vol=mid_vol|rolling,False,research_only,False,-0.00025031027501773185,0.00013212787728174676,unsupported
FUT/ZN,1h,state_session=afternoon + state_slope=downtrend,bear,FUT/ZN,ok,1607,396,-0.00012879677323658132,0.4318181818181818,-1.9933087788220307,0.04622764570088789,False,-0.0002254615218137336,9.666474857715227e-05,state_session=afternoon,-0.00017767972466778398,4.888295143120266e-05,6,rolling,4,short,rejected,rejected_unsupported,497,False,260,False,-0.0001564822910151,1.2556889052317788e-05,state_session=afternoon,5.729449107693468e-05,0.1506651353011803,0,0,0.0,0,7,7,5,6.0,rejected,rejected,rejected,rejected,rejected,rejected,rejected,rejected,123,21,False,False,FUT/ZN|1h|state_session=afternoon + state_slope=downtrend|rolling,False,research_only,False,-0.00011850791861142444,-1.0288854625156878e-05,unsupported
FUT/ZN,1h,state_session=morning + state_ext=neutral,bear,FUT/ZN,ok,1607,863,-0.00014710829807943195,0.440324449594438,-1.39317069048393,0.163568180593745,False,-0.00017453847818626642,2.7430180106834476e-05,state_session=morning,-0.00014710829807943195,0.0,51,rolling,4,long,rejected,rejected_unsupported,2100,False,875,False,-0.0002450329066496,-1.4072086717167664e-05,state_ext=neutral,-1.4072086717167664e-05,0.0105164870947844,0,0,0.0,0,1,0,8,2.0,rejected,rejected,rejected,rejected,rejected,rejected,rejected,rejected,123,41,False,False,FUT/ZN|1h|state_session=morning + state_ext=neutral|rolling,False,research_only,False,-0.00020360085980313043,5.649256172369848e-05,unsupported
FUT/ZN,1h,state_session=morning + state_slope=downtrend,bear,FUT/ZN,ok,1607,498,-0.00015005465775639896,0.44176706827309237,-1.1883879976466785,0.23468058286916849,False,-0.00017453847818626642,2.4483820429867465e-05,state_session=morning,-0.00014710829807943195,-2.946359676967011e-06,16,rolling,4,long,rejected,rejected_unsupported,681,False,298,False,7.283320594296366e-06,0.0002382441405267,state_slope=downtrend,0.0001485202047631,0.9607618051148388,0,0,0.0,0,8,8,1,5.25,rejected,rejected,rejected,rejected,rejected,rejected,rejected,rejected,123,52,False,False,FUT/ZN|1h|state_session=morning + state_slope=downtrend|rolling,False,research_only,False,-0.00011493802925983651,-3.5116628496562445e-05,unsupported
FUT/ZN,1h,state_ext=neutral + state_vol=low_vol,bear,FUT/ZN,ok,1607,402,-0.00015515340349969456,0.47512437810945274,-1.4923916730491247,0.13559649669920315,False,-0.00017453847818626642,1.938507468657186e-05,state_vol=low_vol,-0.00015515340349969456,0.0,54,rolling,4,long,rejected,rejected_unsupported,1379,False,327,False,-0.0003875844213497,-0.0001566236014172,state_ext=neutral,-0.0001566236014172,0.0075715466779162,0,0,0.0,0,0,0,8,2.0,rejected,rejected,rejected,rejected,rejected,rejected,rejected,rejected,123,34,False,False,FUT/ZN|1h|state_ext=neutral + state_vol=low_vol|rolling,False,research_only,False,-0.00023059111744242505,7.543771394273049e-05,unsupported
FUT/GC,1h,state_ext=stretched_down + state_vol=high_vol,bear,FUT/GC,ok,1237,96,-0.00015629854280497084,0.4270833333333333,-0.05263434066032391,0.9580232549925707,False,-0.00037651586400393747,0.00022021732119896663,state_ext=stretched_down,1.0590461146123306e-06,-0.00015735758891958316,95,rolling,4,short,rejected,rejected_unsupported,172,False,46,False,-0.0024199331986745,-0.0024592802473722,state_vol=high_vol,-0.0013460547033613,0.0934594417298928,0,0,0.0,0,1,1,3,0.0,rejected,rejected,rejected,rejected,rejected,rejected,rejected,rejected,123,117,False,False,FUT/GC|1h|state_ext=stretched_down + state_vol=high_vol|rolling,False,research_only,False,0.0002236566876408231,-0.0003799552304457939,unsupported
FUT/ZN,1h,state_ext=neutral + state_vol=mid_vol,bear,FUT/ZN,ok,1607,575,-0.0001603968441011535,0.4330434782608696,-1.8249978532207503,0.06800135330030233,False,-0.0002254615218137336,6.50646777125801e-05,state_vol=mid_vol,-0.0001603968441011535,0.0,63,rolling,4,short,rejected,rejected_unsupported,1133,False,578,False,-8.790095378849782e-05,8.113822627900661e-05,state_vol=mid_vol,0.0,0.3494520013028563,0,0,0.0,0,8,0,5,1.25,rejected,rejected,rejected,rejected,rejected,rejected,rejected,rejected,123,29,False,False,FUT/ZN|1h|state_ext=neutral + state_vol=mid_vol|rolling,False,research_only,False,-0.00016939697749075253,9.000133389599037e-06,unsupported
FUT/ES,1h,state_session=afternoon + state_slope=downtrend,bear,FUT/ES,ok,1056,295,-0.000160934396581744,0.5254237288135594,-0.41214300940892995,0.6802346060583906,False,0.0002938244609433033,-0.0004547588575250473,state_slope=downtrend,0.00015857274626805107,-0.00031950714284979505,26,rolling,4,long,rejected,rejected_unsupported,621,False,213,False,0.0005501692239886,0.0003202891541673,state_slope=downtrend,0.0004516363559948,0.1781943702787245,0,0,0.0,0,7,8,0,5.0,rejected,rejected,rejected,rejected,rejected,rejected,rejected,rejected,123,92,False,False,FUT/ES|1h|state_session=afternoon + state_slope=downtrend|rolling,False,research_only,False,-0.000187621686385348,2.6687289803604004e-05,unsupported
FUT/ZN,1h,state_ext=neutral + state_slope=flat,bear,FUT/ZN,ok,1607,477,-0.0001616439242754556,0.4192872117400419,-1.6024702651989735,0.10905165775350967,False,-0.0002254615218137336,6.3817597538278e-05,state_slope=flat,-0.0001616439242754556,0.0,62,rolling,4,short,rejected,rejected_unsupported,1277,False,515,False,-8.289767856912091e-05,8.614150149838351e-05,state_slope=flat,0.0,0.5066129199010212,0,0,0.0,0,8,0,5,1.25,rejected,rejected,rejected,rejected,rejected,rejected,rejected,rejected,123,32,False,False,FUT/ZN|1h|state_ext=neutral + state_slope=flat|rolling,False,research_only,False,-0.000152160599728558,-9.483324546897593e-06,unsupported
FUT/NQ,1h,state_session=lunch + state_ext=neutral,bear,FUT/NQ,ok,1201,89,-0.00016734432419887983,0.4157303370786517,-0.15618572741856876,0.8758866265412739,False,0.0005700444473872549,-0.0007373887715861347,state_ext=neutral,0.00042916099237509333,-0.0005965053165739732,92,rolling,4,long,rejected,rejected_unsupported,331,False,138,False,0.0006376205677571,0.000177414255027,state_session=lunch,-0.0002121568851852,0.4137572068919397,0,0,0.0,0,6,0,0,0.0,rejected,rejected,rejected,rejected,rejected,rejected,rejected,rejected,123,113,False,False,FUT/NQ|1h|state_session=lunch + state_ext=neutral|rolling,False,research_only,False,4.4726185811434366e-05,-0.0002120705100103142,unsupported
FUT/ZN,1h,state_session=afternoon + state_ext=neutral,bear,FUT/ZN,ok,1607,599,-0.00017767972466778398,0.4056761268781302,-2.788571357432003,0.005294108317186685,False,-0.0002254615218137336,4.7781797145949613e-05,state_session=afternoon,-0.00017767972466778398,0.0,56,rolling,4,short,rejected,rejected_unsupported,1483,False,672,False,-0.0002137767820921,-4.473760202461689e-05,state_ext=neutral,-4.473760202461689e-05,0.0034485448680277,0,0,0.0,0,0,0,7,1.75,rejected,rejected,rejected,rejected,rejected,rejected,rejected,rejected,123,8,False,False,FUT/ZN|1h|state_session=afternoon + state_ext=neutral|rolling,False,research_only,False,-0.00016769385699267621,-9.985867675107768e-06,unsupported
FUT/GC,1h,state_session=morning + state_slope=downtrend,bear,FUT/GC,ok,1237,445,-0.00020551706267489205,0.47191011235955055,-0.24789658544452925,0.8042144218882605,False,-0.00037651586400393747,0.00017099880132904541,state_slope=downtrend,9.888792535675937e-06,-0.000215405855210568,79,rolling,4,short,rejected,rejected_unsupported,686,False,414,False,8.526800796735003e-05,4.592095926969511e-05,state_slope=downtrend,-0.0001579108703023,0.9090812071086152,0,0,0.0,0,7,0,1,0.25,rejected,rejected,rejected,rejected,rejected,rejected,rejected,rejected,123,103,False,False,FUT/GC|1h|state_session=morning + state_slope=downtrend|rolling,False,research_only,False,0.0009047066899208188,-0.0011102237525957108,unsupported
FUT/ZN,1h,state_ext=neutral + state_slope=downtrend,bear,FUT/ZN,ok,1607,984,-0.00021903543235235384,0.4136178861788618,-2.7618735188396344,0.005747073728971763,False,-0.00017453847818626642,-4.449695416608741e-05,state_ext=neutral,-0.00017453847818626642,-4.449695416608741e-05,68,rolling,4,long,rejected,rejected_unsupported,1299,False,605,False,-0.0001412368841688,8.972393576361684e-05,state_slope=downtrend,0.0,0.1563730407741657,0,0,0.0,0,8,0,3,0.75,rejected,rejected,rejected,rejected,rejected,rejected,rejected,rejected,123,9,False,False,FUT/ZN|1h|state_ext=neutral + state_slope=downtrend|rolling,False,research_only,False,-0.0002064530857080063,-1.2582346644347527e-05,unsupported
FUT/ZN,1h,state_ext=neutral + state_vol=high_vol,bear,FUT/ZN,ok,1607,618,-0.00023332069901312345,0.4336569579288026,-2.116673137088675,0.034287598213649684,False,-0.0002254615218137336,-7.859177199389853e-06,state_ext=neutral,-0.0002254615218137336,-7.859177199389853e-06,53,rolling,4,short,rejected,rejected_unsupported,1222,False,790,False,-0.0002932338793747,-0.0001241946993072,state_ext=neutral,-0.0001241946993072,0.0013325324155049,0,0,0.0,0,0,0,8,2.0,rejected,rejected,rejected,rejected,rejected,rejected,rejected,rejected,123,16,False,False,FUT/ZN|1h|state_ext=neutral + state_vol=high_vol|rolling,False,research_only,False,-0.00017780577098331428,-5.5514928029809166e-05,unsupported
FUT/ZN,1h,state_session=afternoon + state_slope=uptrend,bear,FUT/ZN,ok,1607,60,-0.00025908778309953923,0.35,-1.2588044597590904,0.2081009691082083,False,-0.0002254615218137336,-3.3626261285805634e-05,state_session=afternoon,-0.00017767972466778398,-8.140805843175525e-05,57,rolling,4,short,rejected,rejected_unsupported,514,False,254,False,-0.0002579358405719,-8.889666050449359e-05,state_slope=uptrend,-0.0001061490220093,0.0087814471101315,0,0,0.0,0,0,0,7,1.75,rejected,rejected,rejected,rejected,rejected,rejected,rejected,rejected,123,49,False,False,FUT/ZN|1h|state_session=afternoon + state_slope=uptrend|rolling,False,research_only,False,-0.00020269468943805489,-5.6393093661484344e-05,unsupported
FUT/ZN,1h,state_session=lunch + state_ext=neutral,bear,FUT/ZN,ok,1607,145,-0.00025959290842218644,0.3448275862068966,-2.0224880597704993,0.0431259558960726,False,-0.0002254615218137336,-3.413138660845284e-05,state_ext=neutral,-0.0002254615218137336,-3.413138660845284e-05,65,rolling,4,short,rejected,rejected_unsupported,352,False,148,False,-4.9102743020066025e-05,0.0001199364370474,state_session=lunch,0.0,0.77145997368341,0,0,0.0,0,8,0,4,1.0,rejected,rejected,rejected,rejected,rejected,rejected,rejected,rejected,123,19,False,False,FUT/ZN|1h|state_session=lunch + state_ext=neutral|rolling,False,research_only,False,-8.603060204625989e-05,-0.00017356230637592654,unsupported
FUT/ZN,1h,state_session=afternoon + state_slope=flat,bear,FUT/ZN,ok,1607,141,-0.00028894693018373694,0.3475177304964539,-2.363087959480168,0.018123367530717083,False,-0.0002254615218137336,-6.348540837000335e-05,state_slope=flat,-0.0001616439242754556,-0.00012730300590828135,78,rolling,4,short,rejected,rejected_unsupported,399,False,158,False,-0.0002370689771941,-6.802979712660615e-05,state_slope=flat,-0.0001541712986249,0.0632795471549982,0,0,0.0,0,1,0,5,0.25,rejected,rejected,rejected,rejected,rejected,rejected,rejected,rejected,123,13,False,False,FUT/ZN|1h|state_session=afternoon + state_slope=flat|rolling,False,research_only,False,-0.000167844230878933,-0.00012110269930480394,unsupported
FUT/GC,1h,state_session=lunch + state_ext=neutral,bear,FUT/GC,ok,1237,84,-0.0004337639586183106,0.44047619047619047,-0.4149149831904776,0.6782041409392849,False,-2.3484135996062055e-05,-0.0004102798226222485,state_ext=neutral,0.00011308977489370369,-0.0005468537335120143,113,rolling,4,long,rejected,rejected_unsupported,318,False,134,False,-0.0014145023562012,-0.0009751553075036,state_ext=neutral,-0.0009356702449569,0.1137703510909262,0,0,0.0,0,0,0,1,-0.75,rejected,rejected,rejected,rejected,rejected,rejected,rejected,rejected,123,91,False,False,FUT/GC|1h|state_session=lunch + state_ext=neutral|rolling,False,research_only,False,0.0002795599539984536,-0.0007133239126167641,unsupported
FUT/ZN,1h,state_session=lunch + state_slope=uptrend,bear,FUT/ZN,ok,1607,14,-0.0004757323361786451,0.35714285714285715,-2.466214375246018,0.013654958312868004,False,-0.0002254615218137336,-0.0002502708143649115,state_session=lunch,-0.00025959290842218644,-0.00021613942775645868,13,rolling,4,short,rejected,rejected_unsupported,111,False,53,False,-3.915500027097445e-05,0.0001298841797965,state_session=lunch,9.947742749091572e-06,0.8308192203428482,0,0,0.0,0,6,6,4,5.5,rejected,rejected,rejected,rejected,rejected,rejected,rejected,rejected,123,12,False,False,FUT/ZN|1h|state_session=lunch + state_slope=uptrend|rolling,False,research_only,False,-5.164958496520116e-05,-0.000424082751213444,unsupported
FUT/CL,1h,state_session=morning + state_slope=downtrend,bear,FUT/CL,ok,1451,417,-0.0004933505310247154,0.48201438848920863,-0.36321769544417115,0.7164422699424429,False,3.5706332813854546e-05,-0.00052905686383857,state_session=morning,0.00041516564754225723,-0.0009085161785669727,34,rolling,4,short,rejected,rejected_unsupported,544,False,383,False,0.0015210743663531,0.0014281728692353,state_session=morning,0.0010000911424899,0.3660893942464298,0,0,0.0,0,8,7,0,4.75,rejected,rejected,rejected,rejected,rejected,rejected,rejected,rejected,123,96,False,False,FUT/CL|1h|state_session=morning + state_slope=downtrend|rolling,False,research_only,False,3.974553148977859e-05,-0.0005330960625144941,unsupported
FUT/CL,1h,state_session=lunch + state_slope=flat,bear,FUT/CL,ok,1451,31,-0.0005901143522410284,0.6129032258064516,-0.3520738432988834,0.7247828841144939,False,-0.00043570633281385396,-0.00015440801942717447,state_session=lunch,0.0012461532224182878,-0.0018362675746593162,32,rolling,4,long,rejected,rejected_unsupported,73,False,22,False,0.0103003918374443,0.0107932933345621,state_session=lunch,0.0069617914671826,0.1104846133103449,0,0,0.0,0,8,7,0,4.75,rejected,rejected,rejected,rejected,rejected,rejected,rejected,rejected,123,98,False,False,FUT/CL|1h|state_session=lunch + state_slope=flat|rolling,False,research_only,False,0.003179025585950405,-0.0037691399381914337,unsupported
FUT/ES,1h,state_session=lunch + state_slope=flat,bear,FUT/ES,ok,1056,9,-0.0006048809587548064,0.4444444444444444,-0.48887243461968544,0.6249320122872306,False,0.0002938244609433033,-0.0008987054196981097,state_slope=flat,0.0004959024583392323,-0.0011007834170940387,28,rolling,4,long,rejected,rejected_unsupported,97,False,51,False,0.0007054330138842,0.0004755529440629,state_slope=flat,0.0003151777917266,0.2297175204381087,0,0,0.0,0,8,8,0,5.0,rejected,rejected,rejected,rejected,rejected,rejected,rejected,rejected,123,87,False,False,FUT/ES|1h|state_session=lunch + state_slope=flat|rolling,False,research_only,False,-2.8475602861876814e-05,-0.0005764053558929296,unsupported
FUT/ES,1h,state_session=lunch + state_ext=neutral,bear,FUT/ES,ok,1056,91,-0.0006331267053488033,0.5054945054945055,-0.8262963294568146,0.4086360151590589,False,0.0002938244609433033,-0.0009269511662921066,state_ext=neutral,0.0002309599254681899,-0.0008640866308169932,118,rolling,4,long,rejected,rejected_unsupported,346,False,149,False,4.007328494656932e-05,-0.0001898067848747,state_ext=neutral,-0.000152688599647,0.9443152588200744,0,0,0.0,0,0,0,0,-1.0,rejected,rejected,rejected,rejected,rejected,rejected,rejected,rejected,123,71,False,False,FUT/ES|1h|state_session=lunch + state_ext=neutral|rolling,False,research_only,False,-9.006308845034694e-06,-0.0006241203965037685,unsupported
FUT/CL,1h,state_session=lunch + state_slope=uptrend,bear,FUT/CL,ok,1451,19,-0.000798416529472643,0.6842105263157895,-0.22468923788611017,0.822221037479435,False,-0.00043570633281385396,-0.000362710196658789,state_session=lunch,0.0012461532224182878,-0.002044569751890931,75,rolling,4,long,rejected,rejected_unsupported,147,False,51,False,-0.0003439681314393,0.0001489333656784,state_session=lunch,-0.003682568501701,0.9477967848483267,0,0,0.0,0,8,2,0,0.5,rejected,rejected,rejected,rejected,rejected,rejected,rejected,rejected,123,104,False,False,FUT/CL|1h|state_session=lunch + state_slope=uptrend|rolling,False,research_only,False,0.0028177446089029585,-0.0036161611383756015,unsupported
FUT/NQ,1h,state_session=lunch + state_slope=downtrend,bear,FUT/NQ,ok,1201,72,-0.000911150392662313,0.4166666666666667,-0.9324495125458687,0.35110426694646746,False,0.0005700444473872549,-0.001481194840049568,state_slope=downtrend,0.0005160135603313378,-0.001427163952993651,126,rolling,4,long,rejected,rejected_unsupported,136,False,50,False,-0.0002067397738169,-0.000666946086547,state_session=lunch,-0.0010565172267593,0.9054896298335452,0,0,0.0,0,0,0,0,-1.0,rejected,rejected,rejected,rejected,rejected,rejected,rejected,rejected,123,63,False,False,FUT/NQ|1h|state_session=lunch + state_slope=downtrend|rolling,False,research_only,False,-0.00021766109440917066,-0.0006934892982531424,unsupported
FUT/CL,1h,state_session=afternoon + state_ext=neutral,bear,FUT/CL,ok,1451,451,-0.0010004220919836786,0.49002217294900224,-1.2955634981347277,0.1951259116219588,False,-0.00043570633281385396,-0.0005647157591698247,state_session=afternoon,-0.000327041273490372,-0.0006733808184933067,44,rolling,4,long,rejected,rejected_unsupported,1281,False,407,False,-0.0006831337908987,-0.0001902322937809,state_session=afternoon,9.450582618290512e-05,0.5516255255636762,0,0,0.0,0,0,6,0,3.5,rejected,rejected,rejected,rejected,rejected,rejected,rejected,rejected,123,46,False,False,FUT/CL|1h|state_session=afternoon + state_ext=neutral|rolling,False,research_only,False,-0.0002570720605251023,-0.0007433500314585763,unsupported
FUT/GC,1h,state_session=afternoon + state_slope=flat,bear,FUT/GC,ok,1237,90,-0.001014210056477036,0.4,-0.9700850556961421,0.33200409741304204,False,-2.3484135996062055e-05,-0.0009907259204809738,state_slope=flat,0.00037635521024846267,-0.0013905652667254985,125,rolling,4,long,rejected,rejected_unsupported,369,False,163,False,-0.0007002323058151,-0.0002608852571175,state_slope=flat,-0.0005319128439907,0.366085307629671,0,0,0.0,0,1,0,0,-1.0,rejected,rejected,rejected,rejected,rejected,rejected,rejected,rejected,123,59,False,False,FUT/GC|1h|state_session=afternoon + state_slope=flat|rolling,False,research_only,False,0.00017198730168376883,-0.0011861973581608048,unsupported
FUT/NQ,1h,state_ext=neutral + state_vol=low_vol,bear,FUT/NQ,ok,1201,25,-0.0011410742296028564,0.4,-0.6335683133986928,0.5263625854053209,False,0.0005700444473872549,-0.0017111186769901113,state_ext=neutral,0.00042916099237509333,-0.0015702352219779498,121,rolling,4,long,rejected,rejected_unsupported,771,False,224,False,0.000143290479004,-0.000316915833726,state_ext=neutral,-0.0002382075073918,0.8100158342036221,0,0,0.0,0,1,0,0,-1.0,rejected,rejected,rejected,rejected,rejected,rejected,rejected,rejected,123,81,False,False,FUT/NQ|1h|state_ext=neutral + state_vol=low_vol|rolling,False,research_only,False,-8.60636775191695e-05,-0.0010550105520836868,unsupported
FUT/GC,1h,state_ext=stretched_down + state_vol=mid_vol,bear,FUT/GC,ok,1237,20,-0.001156375472928611,0.45,-0.7326907791571661,0.4637470491641702,False,-2.3484135996062055e-05,-0.001132891336932549,state_vol=mid_vol,0.00019690918449929225,-0.0013532846574279033,73,rolling,4,long,rejected,rejected_unsupported,3,False,25,False,0.0012310734131253,0.0016704204618229,state_ext=stretched_down,-0.0005110922554262,0.5106606773331308,0,0,0.0,0,8,2,0,0.5,rejected,rejected,rejected,rejected,rejected,rejected,rejected,rejected,123,74,False,False,FUT/GC|1h|state_ext=stretched_down + state_vol=mid_vol|rolling,False,research_only,False,0.0004526797074895823,-0.0016090551804181933,unsupported
FUT/GC,1h,state_session=morning + state_ext=stretched_down,bear,FUT/GC,ok,1237,59,-0.0012953763508428884,0.4745762711864407,-0.3730598542205182,0.7091038969546202,False,-0.00037651586400393747,-0.000918860486838951,state_ext=stretched_down,1.0590461146123306e-06,-0.0012964353969575008,111,rolling,4,short,rejected,rejected_unsupported,89,False,32,False,-0.0008305194479904,-0.0008698664966881,state_session=morning,-0.0005807351295197,0.5813236166895297,0,0,0.0,0,1,1,0,-0.75,rejected,rejected,rejected,rejected,rejected,rejected,rejected,rejected,123,95,False,False,FUT/GC|1h|state_session=morning + state_ext=stretched_down|rolling,False,research_only,False,0.0033323585894368896,-0.004627734940279778,unsupported
FUT/GC,1h,state_session=lunch + state_slope=downtrend,bear,FUT/GC,ok,1237,70,-0.0013926848831878242,0.5,-1.101680741333169,0.27060049245277984,False,-2.3484135996062055e-05,-0.0013692007471917621,state_session=lunch,-9.37873068158267e-05,-0.0012988975763719975,117,rolling,4,long,rejected,rejected_unsupported,95,False,63,False,-0.0007800369915806,-0.000340689942883,state_slope=downtrend,-0.0001368581133109,0.4313671238543646,0,0,0.0,0,0,0,0,-1.0,rejected,rejected,rejected,rejected,rejected,rejected,rejected,rejected,123,55,False,False,FUT/GC|1h|state_session=lunch + state_slope=downtrend|rolling,False,research_only,False,0.00026310226502339714,-0.0016557871482112214,unsupported
FUT/CL,1h,state_session=afternoon + state_ext=stretched_up,bear,FUT/CL,ok,1451,8,-0.0014624761677732106,0.375,-0.9416643236213282,0.3463645260492636,False,-0.00043570633281385396,-0.0010267698349593567,state_session=afternoon,-0.000327041273490372,-0.0011354348942828386,115,rolling,4,long,rejected,rejected_unsupported,133,False,155,False,-0.0009082793915811,-0.0004153778944633,state_ext=stretched_up,-0.0016559632538338,0.580922264414196,0,0,0.0,0,1,1,0,-0.75,rejected,rejected,rejected,rejected,rejected,rejected,rejected,rejected,123,62,False,False,FUT/CL|1h|state_session=afternoon + state_ext=stretched_up|rolling,False,research_only,False,0.0028062929424759343,-0.004268769110249145,unsupported
FUT/GC,1h,state_session=morning + state_slope=uptrend,bear,FUT/GC,ok,1237,57,-0.0022450049403398135,0.45614035087719296,-0.9881628075512952,0.3230729198616502,False,-0.00037651586400393747,-0.001868489076335876,state_session=morning,-0.0005866612679919531,-0.0016583436723478604,106,rolling,4,short,rejected,rejected_unsupported,756,False,209,False,-0.0004715360024697,-0.0005108830511674,state_slope=uptrend,-0.0004389161624018,0.5739753710599842,0,0,0.0,0,1,1,1,-0.5,rejected,rejected,rejected,rejected,rejected,rejected,rejected,rejected,123,58,False,False,FUT/GC|1h|state_session=morning + state_slope=uptrend|rolling,False,research_only,False,-0.0004852522706139018,-0.0017597526697259117,unsupported
FUT/CL,1h,state_ext=stretched_up + state_slope=downtrend,bear,FUT/CL,ok,1451,10,-0.00265393588177265,0.4,-1.459721526577133,0.14436662319921245,False,3.5706332813854546e-05,-0.0026896422145865047,state_ext=stretched_up,0.0035948736014902068,-0.006248809483262857,47,rolling,4,short,rejected,sample_starved_unsupported,7,False,11,False,0.0018040095741588,0.001711108077041,state_slope=downtrend,0.0017759342881734,0.6723227379152952,0,0,0.0,0,8,8,0,3.0,rejected,rejected,rejected,rejected,rejected,rejected,rejected,rejected,123,36,False,False,FUT/CL|1h|state_ext=stretched_up + state_slope=downtrend|rolling,False,research_only,False,0.006192885260254211,-0.00884682114202686,unsupported
FUT/CL,1h,state_session=morning + state_slope=uptrend,bear,FUT/CL,ok,1451,106,-0.002786445832037751,0.44339622641509435,-1.2400074467009554,0.21497263981663695,False,-0.00043570633281385396,-0.002350739499223897,state_session=morning,-0.0008151656475422564,-0.0019712801844954946,33,rolling,4,long,rejected,rejected_unsupported,665,False,326,False,0.0010230961129034,0.0015159976100212,state_slope=uptrend,0.0012836269261168,0.5902467264524978,0,0,0.0,0,7,7,0,4.75,rejected,rejected,rejected,rejected,rejected,rejected,rejected,rejected,123,50,False,False,FUT/CL|1h|state_session=morning + state_slope=uptrend|rolling,False,research_only,False,0.00019346919297691015,-0.002979915025014661,unsupported
FUT/CL,1h,state_ext=stretched_up + state_vol=mid_vol,bear,FUT/CL,ok,1451,4,-0.0030742024285509368,0.25,-0.6000841239972813,0.5484501725439217,False,-0.00043570633281385396,-0.002638496095737083,state_vol=mid_vol,-7.689231107792814e-05,-0.0029973101174730087,19,rolling,4,long,rejected,rejected_unsupported,39,False,52,False,0.0037352585836444,0.0042281600807622,state_ext=stretched_up,0.0029875747213917,0.1742380300706638,0,0,0.0,0,8,8,0,5.0,rejected,rejected,rejected,rejected,rejected,rejected,rejected,rejected,123,82,False,False,FUT/CL|1h|state_ext=stretched_up + state_vol=mid_vol|rolling,False,research_only,False,0.003170361011831469,-0.006244563440382406,unsupported
FUT/CL,1h,state_session=afternoon + state_slope=uptrend,bear,FUT/CL,ok,1451,64,-0.0031095597411086,0.4375,-1.3008658714616856,0.19330436982403487,False,-0.00043570633281385396,-0.002673853408294746,state_session=afternoon,-0.000327041273490372,-0.002782518467618228,102,rolling,4,long,rejected,rejected_unsupported,592,False,286,False,-0.0017088072981243,-0.0012159058010065,state_slope=uptrend,-0.001448276484911,0.1286577617386444,0,0,0.0,0,1,1,2,-0.25,rejected,rejected,rejected,rejected,rejected,rejected,rejected,rejected,123,45,False,False,FUT/CL|1h|state_session=afternoon + state_slope=uptrend|rolling,False,research_only,False,0.0005666827647024563,-0.003676242505811056,unsupported
FUT/CL,1h,state_session=morning + state_ext=stretched_up,bear,FUT/CL,ok,1451,17,-0.0031504511432422742,0.35294117647058826,-0.722114681328113,0.47022397260479654,False,-0.00043570633281385396,-0.0027147448104284204,state_session=morning,-0.0008151656475422564,-0.002335285495700018,42,rolling,4,long,rejected,rejected_unsupported,159,False,159,False,0.0008958254772952,0.001388726974413,state_ext=stretched_up,0.0001481416150426,0.7016656217609225,0,0,0.0,0,6,6,0,4.5,rejected,rejected,rejected,rejected,rejected,rejected,rejected,rejected,123,75,False,False,FUT/CL|1h|state_session=morning + state_ext=stretched_up|rolling,False,research_only,False,0.00010947250517704136,-0.0032599236484193157,unsupported
FUT/CL,1h,state_ext=stretched_up + state_vol=high_vol,bear,FUT/CL,ok,1451,25,-0.004142180989160491,0.36,-1.0627321320273,0.28790344483328734,False,-0.00043570633281385396,-0.003706474656346637,state_vol=high_vol,-0.00042335797192284425,-0.0037188230172376466,94,rolling,4,long,rejected,rejected_unsupported,285,False,292,False,0.0002156500077582,0.000708551504876,state_ext=stretched_up,-0.0005320338544944,0.8985409991657833,0,0,0.0,0,7,0,0,0.0,rejected,rejected,rejected,rejected,rejected,rejected,rejected,rejected,123,56,False,False,FUT/CL|1h|state_ext=stretched_up + state_vol=high_vol|rolling,False,research_only,False,0.001831084575803171,-0.005973265564963662,unsupported
FUT/NQ,1h,state_session=morning + state_ext=stretched_up,bear,FUT/NQ,ok,1201,1,-0.007739635738715855,0.0,,,False,0.0005700444473872549,-0.00830968018610311,state_session=morning,0.0009079295163476363,-0.00864756525506349,74,rolling,4,long,rejected,rejected_unsupported,7,False,18,False,0.0015373554543743,0.0010771491416442,state_ext=stretched_up,-0.0012475706868549,0.3796359151081758,0,0,0.0,0,8,1,1,0.5,rejected,rejected,rejected,rejected,rejected,rejected,rejected,rejected,123,,False,False,FUT/NQ|1h|state_session=morning + state_ext=stretched_up|rolling,False,research_only,False,0.0012898218945624667,-0.009029457633278322,unsupported
FUT/NQ,1h,state_ext=stretched_up + state_vol=high_vol,bear,FUT/NQ,ok,1201,1,-0.007739635738715855,0.0,,,False,0.0005700444473872549,-0.00830968018610311,state_vol=high_vol,0.0010054681394906307,-0.008745103878206486,45,rolling,4,long,rejected,parent_underperformed,29,False,49,True,0.0027849261412292,0.0023247198284991,state_ext=stretched_up,0.0,0.0099730240301123,1,1,0.25,0,8,0,7,3.25,rejected,rejected,rejected,rejected,rejected,rejected,rejected,rejected,123,,False,False,FUT/NQ|1h|state_ext=stretched_up + state_vol=high_vol|rolling,False,research_only,False,0.002315075723419301,-0.010054711462135156,unsupported
FUT/NQ,1h,state_ext=stretched_up + state_slope=uptrend,bear,FUT/NQ,ok,1201,1,-0.007739635738715855,0.0,,,False,0.0005700444473872549,-0.00830968018610311,state_slope=uptrend,0.001689758218613278,-0.009429393957329134,43,rolling,4,long,rejected,parent_underperformed,28,False,49,True,0.0027849261412292,0.0023247198284991,state_ext=stretched_up,0.0,0.0099730240301123,1,1,0.25,0,8,1,7,3.5,rejected,rejected,rejected,rejected,rejected,rejected,rejected,rejected,123,,False,False,FUT/NQ|1h|state_ext=stretched_up + state_slope=uptrend|rolling,False,research_only,False,0.002397997340840757,-0.010137633079556611,unsupported
FUT/CL,1h,state_ext=stretched_up + state_slope=uptrend,bear,FUT/CL,ok,1451,17,-0.0078395195502379,0.17647058823529413,-1.4816660177194143,0.13842918340042032,False,-0.00043570633281385396,-0.007403813217424046,state_slope=uptrend,-0.002696005268184826,-0.005143514282053074,77,rolling,4,long,rejected,rejected_unsupported,309,False,310,False,0.0006531791540697,0.0011460806511875,state_ext=stretched_up,-9.45047081829534e-05,0.6916654500995443,0,0,0.0,0,8,1,0,0.25,rejected,rejected,rejected,rejected,rejected,rejected,rejected,rejected,123,35,False,False,FUT/CL|1h|state_ext=stretched_up + state_slope=uptrend|rolling,False,research_only,False,0.0025275068468819306,-0.010367026397119831,unsupported
FUT/CL,1h,state_session=lunch + state_ext=stretched_up,bear,FUT/CL,ok,1451,4,-0.012648463916477915,0.25,-1.2642749492926804,0.2061313576803978,False,-0.00043570633281385396,-0.012212757583664061,state_session=lunch,0.0012461532224182878,-0.013894617138896203,2,rolling,4,long,rejected,late_emerging_recent_only,41,False,30,True,0.008518343447335,0.0090112449444528,state_session=lunch,0.0051797430770733,0.0186704521002947,1,1,0.25,0,8,8,7,8.25,rejected,rejected,rejected,rejected,rejected,rejected,rejected,rejected,123,48,False,False,FUT/CL|1h|state_session=lunch + state_ext=stretched_up|rolling,False,research_only,False,0.008426492337761752,-0.021074956254239666,unsupported
FUT/NQ,1h,state_session=afternoon + state_ext=stretched_up,bear,FUT/NQ,ok,1201,0,,,,,False,0.0005700444473872549,,state_session=afternoon,0.00024475763134947077,,3,rolling,4,long,rejected,late_emerging_valid_supported,14,False,27,True,0.0029532646752607,0.0024930583625307,state_ext=stretched_up,0.0001683385340315,0.0167719624894082,1,10,0.25,0,8,7,6,7.75,rejected,rejected,rejected,rejected,rejected,rejected,rejected,rejected,123,,False,False,FUT/NQ|1h|state_session=afternoon + state_ext=stretched_up|rolling,False,research_only,False,0.0021020167884121437,,unsupported
FUT/GC,1h,state_session=lunch + state_ext=stretched_up,bear,FUT/GC,ok,1237,0,,,,,False,-2.3484135996062055e-05,,state_session=lunch,-9.37873068158267e-05,,46,rolling,4,long,rejected,sample_starved_unsupported,9,False,7,False,0.0014040431133025,0.0018433901620001,state_session=lunch,0.0025168640091085,0.3321567724412932,0,0,0.0,0,8,8,0,3.0,rejected,rejected,rejected,rejected,rejected,rejected,rejected,rejected,123,,False,False,FUT/GC|1h|state_session=lunch + state_ext=stretched_up|rolling,False,research_only,False,0.0038041461388190843,,unsupported
FUT/ES,1h,state_ext=stretched_up + state_slope=uptrend,bear,FUT/ES,ok,1056,0,,,,,False,0.0002938244609433033,,state_slope=uptrend,0.0007332112154924241,,70,rolling,4,long,rejected,sample_starved_unsupported,4,False,13,False,0.0015754923484768,0.0013456122786556,state_ext=stretched_up,0.0,0.0148994074199673,0,0,0.0,0,7,1,5,0.5,rejected,rejected,rejected,rejected,rejected,rejected,rejected,rejected,123,,False,False,FUT/ES|1h|state_ext=stretched_up + state_slope=uptrend|rolling,False,research_only,False,0.00032337555376716183,,unsupported
FUT/ES,1h,state_ext=stretched_up + state_vol=high_vol,bear,FUT/ES,ok,1056,0,,,,,False,0.0002938244609433033,,state_vol=high_vol,0.0003962935558440575,,76,rolling,4,long,rejected,sample_starved_unsupported,5,False,13,False,0.0015754923484768,0.0013456122786556,state_ext=stretched_up,0.0,0.0148994074199673,0,0,0.0,0,6,0,5,0.25,rejected,rejected,rejected,rejected,rejected,rejected,rejected,rejected,123,,False,False,FUT/ES|1h|state_ext=stretched_up + state_vol=high_vol|rolling,False,research_only,False,2.2364830119941466e-05,,unsupported
FUT/GC,1h,state_ext=stretched_up + state_vol=mid_vol,bear,FUT/GC,ok,1237,0,,,,,False,-0.00037651586400393747,,state_ext=stretched_up,0.013149493291815771,,130,rolling,4,short,rejected,sample_starved_unsupported,13,False,11,False,0.001190722409938,0.0011513753612403,state_ext=stretched_up,-0.0002951867360419,0.5476711241338239,0,0,0.0,0,7,0,0,-2.0,rejected,rejected,rejected,rejected,rejected,rejected,rejected,rejected,123,,False,False,FUT/GC|1h|state_ext=stretched_up + state_vol=mid_vol|rolling,False,research_only,False,-0.0006192670666564626,,unsupported
