symbol,timeframe,slice_combination,sample_count,mean_fwd_ret_5,side,tradeable_mean_fwd_ret_5,win_rate,mean_mfe_5,mean_mae_5,fwd_ret_ratio
USO,1d,state_ext=stretched_down + state_slope=uptrend,19,0.0367210385657176,long,0.0367210385657176,0.7368421052631579,0.0594428405212012,-0.0317799092574663,0.4821432030590111
USO,1h,state_session=afternoon + state_ext=stretched_down,17,-0.017889330634425576,short,0.017889330634425576,0.29411764705882354,0.005867245223995419,-0.027973943279449673,-0.6265842148708165
USO,1h,state_ext=neutral + state_vol=low_vol,25,-0.016723592960428246,short,0.016723592960428246,0.24,0.006413051638020031,-0.026488622600333103,-0.7985024769167046
USO,1h,state_session=afternoon + state_ext=neutral,20,-0.016222136800742627,short,0.016222136800742627,0.25,0.002025064988329289,-0.025655321278768944,-0.7079194129913696
XLE,1d,state_ext=stretched_down + state_vol=high_vol,115,0.0145927562318885,long,0.0145927562318885,0.7043478260869566,0.042348160628232,-0.0326730327624826,0.2868444141631807
USO,1h,state_ext=neutral + state_slope=flat,23,-0.01457468023684199,short,0.01457468023684199,0.34782608695652173,0.007768176304494325,-0.023115615652996694,-0.623724931670886
USO,1d,state_ext=stretched_up + state_slope=downtrend,27,-0.0143685489512831,short,0.0143685489512831,0.2592592592592592,0.0260462856114207,-0.0364289728043821,-0.4116067377324302
USO,1d,state_ext=stretched_down + state_vol=mid_vol,135,0.0141705788737343,long,0.0141705788737343,0.6962962962962963,0.0431876503520923,-0.0282172964314121,0.2992984826571676
USO,1h,state_ext=neutral + state_slope=uptrend,30,-0.014001747390252239,short,0.014001747390252239,0.16666666666666666,0.004772990784578487,-0.021417188849027595,-0.9114012907861251
XLK,1d,state_ext=stretched_down + state_vol=low_vol,51,0.0127822416356252,long,0.0127822416356252,0.6862745098039216,0.0271459839591768,-0.0152947668814897,0.5060824241672812
USO,1d,state_ext=stretched_down + state_slope=flat,98,0.0122790843044857,long,0.0122790843044857,0.6428571428571429,0.0398381417382617,-0.0263326931594438,0.2898591095628804
XLE,1d,state_ext=stretched_down + state_slope=downtrend,242,0.0122403864691436,long,0.0122403864691436,0.6735537190082644,0.0335721357110151,-0.0231089307528277,0.3244920917761444
XLE,1d,state_ext=neutral + state_slope=uptrend,66,0.0120178232792674,long,0.0120178232792674,0.6666666666666666,0.0300218661913514,-0.0213226427631907,0.3715606054735039
XLF,1d,state_ext=stretched_up + state_slope=flat,122,0.0119068702317978,long,0.0119068702317978,0.7950819672131147,0.0222117715458983,-0.0093032696119498,0.6655937913463631
XLK,1d,state_ext=stretched_up + state_slope=downtrend,35,0.0114114788969282,long,0.0114114788969282,0.7714285714285715,0.024778779532232,-0.0165220961789965,0.4793211979625075
USO,1h,state_ext=stretched_down + state_vol=high_vol,44,-0.011286979261154224,short,0.011286979261154224,0.38636363636363635,0.01150717482101677,-0.021878832749672176,-0.4324713616849687
XLK,1h,state_ext=neutral + state_slope=uptrend,18,-0.01122378555998077,short,0.01122378555998077,0.3333333333333333,0.004203344952057332,-0.01865739695132696,-0.7073717867167573
XLE,1d,state_ext=stretched_down + state_slope=flat,61,0.0111359238662891,long,0.0111359238662891,0.639344262295082,0.0322595910109423,-0.0235477977293388,0.3025721488767722
TLT,1d,state_ext=stretched_up + state_vol=mid_vol,50,-0.0110800513434081,short,0.0110800513434081,0.32,0.0077168406154108,-0.0201989863648284,-0.6509403332766964
USO,1h,state_ext=neutral + state_vol=mid_vol,29,-0.01100527636623368,short,0.01100527636623368,0.27586206896551724,0.006776096426193356,-0.017444793022341927,-0.620016466443449
USO,1h,state_session=morning + state_slope=uptrend,20,-0.010982879423788927,short,0.010982879423788927,0.3,0.006981625447950624,-0.02182571011001806,-0.5513998254533041
QQQ,1d,state_ext=stretched_up + state_slope=downtrend,28,0.0105239298922724,long,0.0105239298922724,0.6785714285714286,0.0230257166058615,-0.0141265493144233,0.4988217403170725
IWM,1d,state_ext=stretched_down + state_slope=flat,46,-0.0104209203441115,short,0.0104209203441115,0.4782608695652174,0.0241923284813023,-0.0344842475328527,-0.2380346850936899
USO,1h,state_ext=stretched_down + state_slope=downtrend,41,-0.010386440483912553,short,0.010386440483912553,0.4878048780487805,0.01133534360697564,-0.020901297661402404,-0.4068584303614175
XLE,1d,state_ext=stretched_down + state_vol=low_vol,84,0.010049208620479,long,0.010049208620479,0.6666666666666666,0.0255888394331089,-0.0148008630322112,0.3541437784241089
USO,1d,state_ext=stretched_up + state_vol=low_vol,203,0.0097996703737461,long,0.0097996703737461,0.6108374384236454,0.0349401152209104,-0.0230150692214743,0.1950403631433294
GLD,1h,state_session=morning + state_ext=neutral + state_slope=flat,17,-0.009573672525299,short,0.009573672525299,0.23529411764705882,0.0051205339688173,-0.014397498112012675,-0.7350247548810743
XLK,1d,state_ext=neutral + state_slope=uptrend,63,0.0093935433900667,long,0.0093935433900667,0.6031746031746031,0.0282497253073265,-0.0216474042617294,0.260106673890041
XLE,1d,state_ext=stretched_up + state_vol=high_vol,189,0.0093556640212839,long,0.0093556640212839,0.6613756613756614,0.0347887893020567,-0.0289290809660363,0.2348459516565553
GLD,1h,state_ext=neutral + state_slope=flat,38,-0.0088707123027466,short,0.0088707123027466,0.3684210526315789,0.005862450967861649,-0.016308510253974524,-0.5298943527846531
GLD,1d,state_ext=stretched_up + state_slope=downtrend,15,0.0082328626652643,long,0.0082328626652643,0.7333333333333333,0.0200051314548356,-0.023660068701535,0.3275543509602022
DIA,1d,state_ext=stretched_down + state_vol=low_vol,43,0.0081589924121584,long,0.0081589924121584,0.6046511627906976,0.0197243234734394,-0.0115833900048945,0.4040287400133557
USO,1h,state_session=morning + state_ext=neutral,23,-0.008054256957556663,short,0.008054256957556663,0.391304347826087,0.008871250143089204,-0.016425332233891102,-0.50638951039621
USO,1h,state_session=lunch + state_ext=stretched_down,19,-0.008025930680716437,short,0.008025930680716437,0.42105263157894735,0.015563404640884196,-0.018625410669152347,-0.3175346058735476
GLD,1h,state_session=morning + state_slope=flat,24,-0.00786468251479657,short,0.00786468251479657,0.25,0.005055093727941991,-0.01186064503134214,-0.6864998614460749
USO,1d,state_ext=stretched_up + state_slope=uptrend,329,0.0078422423280438,long,0.0078422423280438,0.5653495440729484,0.044317586585469,-0.0349993082414481,0.1259623225019527
XLK,1d,state_ext=stretched_down + state_slope=downtrend,247,0.0078022654854168,long,0.0078022654854168,0.5708502024291497,0.0352708184654385,-0.0298007789056933,0.1839034196658365
SPY,1d,state_ext=stretched_down + state_slope=downtrend,214,0.0077481754435547,long,0.0077481754435547,0.6261682242990654,0.0259979874724312,-0.0216291456720714,0.2646996633820623
GLD,1d,state_ext=stretched_up + state_vol=low_vol,147,0.0077311073935539,long,0.0077311073935539,0.6598639455782312,0.0205102987252632,-0.0113965747859319,0.3388928579343769
SPY,1d,state_ext=stretched_down + state_vol=low_vol,27,0.0076460663130966,long,0.0076460663130966,0.7037037037037037,0.0197872405048382,-0.0115986998508865,0.3985906431198378
IWM,1d,state_ext=stretched_down + state_vol=high_vol,134,0.0075889826531143,long,0.0075889826531143,0.6119402985074627,0.0339370284554197,-0.0277866608843385,0.2134838554837361
SPY,1d,state_ext=stretched_down + state_vol=high_vol,133,0.0075721468585928,long,0.0075721468585928,0.631578947368421,0.0277113762459737,-0.0245117793338148,0.240351463364628
SPY,1d,state_ext=neutral + state_slope=uptrend,102,0.0073076549863245,long,0.0073076549863245,0.7254901960784313,0.0176066511178481,-0.0121657575074911,0.3368095357902013
SPY,1d,state_ext=stretched_up + state_slope=downtrend,20,0.0072805335341663,long,0.0072805335341663,0.75,0.0170197763827032,-0.0126638232384169,0.4066649703317613
QQQ,1d,state_ext=neutral + state_vol=high_vol,88,-0.0072554684623729,short,0.0072554684623729,0.3977272727272727,0.0239206961675295,-0.0366417438028652,-0.1761118119568527
QQQ,1d,state_ext=stretched_down + state_vol=mid_vol,79,0.007109942399516,long,0.007109942399516,0.5949367088607594,0.0281434153722085,-0.0239861481837656,0.1997889060947963
QQQ,1d,state_ext=stretched_up + state_vol=mid_vol,178,0.0069731655722814,long,0.0069731655722814,0.6404494382022472,0.019275335245737,-0.0141565001401757,0.3123443206691277
SPY,1d,state_ext=stretched_down + state_vol=mid_vol,76,0.0069079848846947,long,0.0069079848846947,0.5921052631578947,0.0232460642405722,-0.0195006049444677,0.2540215288226983
XLK,1d,state_ext=neutral + state_vol=low_vol,154,0.0068300995283091,long,0.0068300995283091,0.6168831168831169,0.0214133386297871,-0.017079862019149,0.2565396038686937
TLT,1d,state_ext=stretched_up + state_vol=low_vol,75,-0.0068251679145044,short,0.0068251679145044,0.4266666666666667,0.0090682106897022,-0.0154459665165248,-0.4075066471855257
USO,1d,state_ext=stretched_down + state_vol=high_vol,162,0.0067219007349776,long,0.0067219007349776,0.5432098765432098,0.0442387026189117,-0.0389154458953605,0.1158802000659583
XLE,1d,state_ext=stretched_down + state_vol=mid_vol,110,0.0066013625065129,long,0.0066013625065129,0.6090909090909091,0.0287240614167967,-0.0240334148770377,0.1947755521958687
GLD,1d,state_ext=stretched_up + state_slope=flat,89,0.0065930885626667,long,0.0065930885626667,0.5842696629213483,0.0199988326029126,-0.0113549213135808,0.2972399727018269
GLD,1h,state_ext=neutral + state_vol=low_vol,42,-0.006590470915147629,short,0.006590470915147629,0.35714285714285715,0.006298091148390919,-0.014450377927697166,-0.39901414947943
GLD,1d,state_ext=stretched_down + state_vol=high_vol,90,0.0065888092872465,long,0.0065888092872465,0.6555555555555556,0.027700040180489,-0.0197466786761145,0.164078097852925
SPY,1d,state_ext=stretched_down + state_slope=flat,21,0.0065622574421076,long,0.0065622574421076,0.6666666666666666,0.0208636221281477,-0.017131541831295,0.3038036683189122
QQQ,1d,state_ext=stretched_down + state_slope=flat,36,0.0065339160394286,long,0.0065339160394286,0.5833333333333334,0.0293535195061767,-0.026095214330666,0.1809548928947661
XLE,1h,state_session=lunch + state_ext=neutral,28,-0.00642955272287287,short,0.00642955272287287,0.35714285714285715,0.006244483861406818,-0.015287130987852242,-0.40588968239385526
XLK,1d,state_ext=stretched_up + state_vol=mid_vol,190,0.0064213060520131,long,0.0064213060520131,0.6105263157894737,0.0244922108414706,-0.02023359107571,0.1916271862537548
IWM,1d,state_ext=neutral + state_slope=flat,228,0.0063991385090064,long,0.0063991385090064,0.5789473684210527,0.0251626410397155,-0.0201376744127043,0.2005083092197488
USO,1d,state_ext=neutral + state_slope=downtrend,110,-0.006367155680397,short,0.006367155680397,0.4818181818181818,0.0260078591628173,-0.0350012486509376,-0.1515224311831678
XLK,1d,state_ext=stretched_down + state_vol=high_vol,170,0.0063258947497461,long,0.0063258947497461,0.5470588235294118,0.0370651624718892,-0.034004641345373,0.1372368267213931
QQQ,1h,state_ext=stretched_up + state_vol=mid_vol,21,0.006319742233025772,long,0.006319742233025772,0.6190476190476191,0.010600777620210833,-0.003897619816186584,0.4646850137616338
XLK,1d,state_ext=stretched_down + state_vol=mid_vol,85,0.0063171992886978,long,0.0063171992886978,0.5647058823529412,0.0337633584331873,-0.027435909517807,0.1530146309942372
XLF,1d,state_ext=stretched_down + state_vol=high_vol,148,0.0062579828685621,long,0.0062579828685621,0.5743243243243243,0.0289791092764728,-0.0257014170841775,0.1964413554254277
GLD,1h,state_ext=stretched_up + state_slope=uptrend,19,0.006122627019019526,long,0.006122627019019526,0.3684210526315789,0.011353241663227312,-0.004139313208514339,0.37357024682981244
GLD,1d,state_ext=neutral + state_vol=mid_vol,204,0.0061051075378517,long,0.0061051075378517,0.6274509803921569,0.0165045028017082,-0.0098104908841064,0.3250181115937823
XLF,1d,state_ext=stretched_down + state_slope=downtrend,239,0.0060736953877625,long,0.0060736953877625,0.606694560669456,0.0260909369843121,-0.021488179596853,0.2006595762183903
USO,1d,state_ext=stretched_down + state_slope=downtrend,270,0.0059280258666532,long,0.0059280258666532,0.5962962962962963,0.0383834383801895,-0.0331655564892954,0.1222991322868401
XLE,1d,state_ext=neutral + state_vol=high_vol,107,0.0058777839947039,long,0.0058777839947039,0.514018691588785,0.0358060643091184,-0.027665393332616,0.1349182491763848
XLF,1h,state_ext=neutral + state_vol=high_vol,35,0.00583948796032212,long,0.00583948796032212,0.8,0.009430299567216213,-0.002548557064254269,0.886164479259794
DIA,1d,state_ext=stretched_down + state_vol=high_vol,114,0.0058164835263496,long,0.0058164835263496,0.5964912280701754,0.0242367072370391,-0.0213743216900662,0.2106342261947469
GLD,1h,state_ext=neutral + state_vol=mid_vol,16,-0.005803485962909236,short,0.005803485962909236,0.25,0.004707958881116178,-0.012351112374628138,-0.44604481429745463
DIA,1d,state_ext=stretched_down + state_slope=downtrend,206,0.0057487880342681,long,0.0057487880342681,0.5922330097087378,0.0219465506332382,-0.0175724706457069,0.2324460793878911
QQQ,1d,state_ext=stretched_down + state_vol=low_vol,39,0.0057346219961007,long,0.0057346219961007,0.6923076923076923,0.022532378012622,-0.0175215104053841,0.2576055485050976
IWM,1h,state_session=afternoon + state_ext=neutral + state_slope=downtrend,15,0.005692833249389014,long,0.005692833249389014,0.8666666666666667,0.015488931431217434,-0.003968197820251122,0.6114060462934595
IWM,1h,state_session=afternoon + state_slope=downtrend,15,0.005692833249389014,long,0.005692833249389014,0.8666666666666667,0.015488931431217434,-0.003968197820251122,0.6114060462934595
QQQ,1d,state_ext=neutral + state_vol=low_vol,158,0.0056692747563098,long,0.0056692747563098,0.6012658227848101,0.0180410321594097,-0.0151831960286628,0.2495823551764301
QQQ,1h,state_ext=neutral + state_vol=low_vol,40,-0.005655780119155634,short,0.005655780119155634,0.375,0.00449320755053553,-0.011267616135168631,-0.48077152992627253
USO,1d,state_ext=stretched_down + state_vol=low_vol,90,0.0055515656840457,long,0.0055515656840457,0.6222222222222222,0.0266675289011942,-0.0225053911593119,0.183955103532646
XLF,1d,state_ext=stretched_down + state_vol=mid_vol,90,0.005489615536714,long,0.005489615536714,0.6333333333333333,0.0230056519024575,-0.0181104903709133,0.1828952108671543
XLE,1h,state_ext=neutral + state_vol=high_vol,26,-0.005451279783427529,short,0.005451279783427529,0.3076923076923077,0.00814305788526232,-0.01579651228267213,-0.2941111315459965
DIA,1d,state_ext=stretched_up + state_slope=flat,86,0.005444049997656,long,0.005444049997656,0.6627906976744186,0.0137356995681286,-0.0094911123778764,0.3539756235758012
XLK,1d,state_ext=stretched_up + state_slope=uptrend,340,0.0054431025153664,long,0.0054431025153664,0.6088235294117647,0.0232360334196318,-0.0204450212719647,0.1666937231042354
TLT,1d,state_ext=neutral + state_vol=high_vol,131,-0.0054178820998845,short,0.0054178820998845,0.366412213740458,0.0139485677797136,-0.0192506220676514,-0.223914953032209
SPY,1d,state_ext=stretched_up + state_vol=mid_vol,133,0.0054127244527202,long,0.0054127244527202,0.6766917293233082,0.0125047599817913,-0.0094174144408439,0.4078982103825962
DIA,1d,state_ext=stretched_up + state_vol=high_vol,151,0.0053983635537032,long,0.0053983635537032,0.6490066225165563,0.0174905991569712,-0.0114762941785098,0.2553435268080479
XLF,1h,state_session=afternoon + state_ext=neutral + state_slope=downtrend,16,0.005324318399071645,long,0.005324318399071645,0.8125,0.011205348641768587,-0.0023683159984302926,0.6984205583469242
XLF,1h,state_session=afternoon + state_slope=downtrend,16,0.005324318399071645,long,0.005324318399071645,0.8125,0.011205348641768587,-0.0023683159984302926,0.6984205583469242
IWM,1h,state_session=morning + state_ext=neutral + state_slope=uptrend,15,-0.005313219504723795,short,0.005313219504723795,0.13333333333333333,0.00439111822037123,-0.008685873980434617,-0.7932135746816876
QQQ,1h,state_ext=neutral + state_slope=uptrend,27,-0.005275326751091313,short,0.005275326751091313,0.25925925925925924,0.004144044639418305,-0.010498284355385678,-0.42462085204091105
GLD,1h,state_session=morning + state_ext=neutral,32,-0.005072758955717748,short,0.005072758955717748,0.34375,0.0050960233306899215,-0.009767178778681867,-0.4416231750577146
QQQ,1d,state_ext=stretched_down + state_slope=downtrend,260,0.0050685890158798,long,0.0050685890158798,0.5923076923076923,0.0316915086401385,-0.028719550865021,0.126956355357649
IWM,1d,state_ext=stretched_down + state_slope=downtrend,277,0.0050613978349021,long,0.0050613978349021,0.5595667870036101,0.0292542493046082,-0.0248242823184455,0.162012823013203
XLE,1h,state_ext=neutral + state_slope=flat,36,-0.005039591090217362,short,0.005039591090217362,0.3611111111111111,0.006581473002208081,-0.012944114531261847,-0.30861511711990935
GLD,1d,state_ext=neutral + state_slope=downtrend,201,0.0050320332240013,long,0.0050320332240013,0.6069651741293532,0.0163454254492813,-0.0103815819765966,0.253571179850812
XLF,1d,state_ext=stretched_up + state_vol=high_vol,163,0.0049613562119892,long,0.0049613562119892,0.656441717791411,0.0220673984467767,-0.0171780553347678,0.1670233844599095
IWM,1h,state_ext=stretched_up + state_slope=uptrend,15,0.004956221732131779,long,0.004956221732131779,0.6666666666666666,0.011021424243282504,-0.003501091808806763,0.5518092078187345
USO,1h,state_session=morning + state_slope=flat,20,0.004855996526372486,long,0.004855996526372486,0.65,0.014143221594739186,-0.007515366664903456,0.3408355628278806
USO,1h,state_ext=stretched_down + state_vol=mid_vol,16,0.004854382838189009,long,0.004854382838189009,0.75,0.013305391046845208,-0.009169109215971007,0.3337331186232538
XLF,1h,state_session=lunch + state_ext=neutral,30,0.004834461148056731,long,0.004834461148056731,0.7333333333333333,0.008728326680888736,-0.004808522534496251,0.5782105540903835
XLE,1h,state_session=morning + state_ext=neutral + state_slope=uptrend,16,-0.004784390331983232,short,0.004784390331983232,0.1875,0.004395248129582932,-0.009241234352799416,-0.55333595668572
XLE,1h,state_session=morning + state_slope=uptrend,16,-0.004784390331983232,short,0.004784390331983232,0.1875,0.004395248129582932,-0.009241234352799416,-0.55333595668572
GLD,1h,state_session=lunch + state_ext=neutral,22,-0.004724355752108237,short,0.004724355752108237,0.45454545454545453,0.007456729037534915,-0.014635719223717229,-0.28739831429385126
XLK,1h,state_session=afternoon + state_ext=neutral,19,-0.004693952200291995,short,0.004693952200291995,0.5263157894736842,0.010720629977505208,-0.018134224968786514,-0.2059418459606444
XLK,1h,state_ext=neutral + state_vol=mid_vol,19,-0.004639755933812623,short,0.004639755933812623,0.5263157894736842,0.008004114256034277,-0.01677384018826366,-0.30058512074291094
SPY,1d,state_ext=stretched_up + state_slope=flat,123,0.0046355773603517,long,0.0046355773603517,0.6097560975609756,0.0125923221865627,-0.009692662042597,0.3151980967272316
XLK,1d,state_ext=stretched_down + state_slope=flat,50,0.0045369183445971,long,0.0045369183445971,0.58,0.0304483649161641,-0.0259025696831038,0.1194060531075818
QQQ,1d,state_ext=neutral + state_vol=mid_vol,154,0.0045279429256013,long,0.0045279429256013,0.6298701298701299,0.0189262321737817,-0.0171838365472656,0.2036430981832581
XLF,1h,state_session=afternoon + state_ext=neutral,36,0.00442130192523892,long,0.00442130192523892,0.7222222222222222,0.010373169737700824,-0.0024495578992350477,0.5885546085241287
DIA,1d,state_ext=stretched_up + state_slope=downtrend,16,0.004402871036727,long,0.004402871036727,0.8125,0.0138362465907361,-0.0101674479669395,0.3126510481959595
IWM,1h,state_session=lunch + state_slope=flat,15,0.0043723174968449095,long,0.0043723174968449095,0.6666666666666666,0.008424037447760066,-0.006962593578690372,0.4758153177607972
XLK,1d,state_ext=stretched_up + state_slope=flat,157,-0.004343898095111,short,0.004343898095111,0.4331210191082802,0.017901608503302,-0.0227614749230046,-0.1514504885398372
XLE,1h,state_session=morning + state_ext=neutral,38,-0.004328717485226557,short,0.004328717485226557,0.2894736842105263,0.005138847862917906,-0.009151787585538217,-0.41174663811129175
GLD,1d,state_ext=stretched_up + state_vol=mid_vol,131,0.0042524748534147,long,0.0042524748534147,0.5419847328244275,0.0193293197045623,-0.0122584950252245,0.1876073535038696
XLF,1d,state_ext=stretched_down + state_slope=flat,35,0.0042444113167578,long,0.0042444113167578,0.6,0.0220143343128322,-0.0183490088507159,0.1824216828593169
XLE,1h,state_ext=neutral + state_vol=mid_vol,37,-0.004218537400912954,short,0.004218537400912954,0.5405405405405406,0.006217731022580515,-0.013369931632351154,-0.289390693451429
IWM,1h,state_session=morning + state_slope=uptrend,23,-0.004124554734821385,short,0.004124554734821385,0.21739130434782608,0.004629621216550171,-0.007683049293138171,-0.6266220684243667
IWM,1d,state_ext=neutral + state_vol=low_vol,204,0.0040889209317724,long,0.0040889209317724,0.5343137254901961,0.0222659506583206,-0.0197319754608048,0.1306666238440014
QQQ,1d,state_ext=stretched_up + state_slope=uptrend,337,0.0040696437970589,long,0.0040696437970589,0.6023738872403561,0.0193927218405581,-0.0175274520305873,0.1508521701989786
QQQ,1d,state_ext=neutral + state_slope=uptrend,70,0.0040523060327527,long,0.0040523060327527,0.5571428571428572,0.021346112370849,-0.0189960322640668,0.1380137192970733
USO,1d,state_ext=stretched_up + state_slope=flat,137,0.0040101374048118,long,0.0040101374048118,0.5255474452554745,0.0367112985366462,-0.0291845718785937,0.0754021516047893
XLE,1h,state_ext=neutral + state_slope=uptrend,42,-0.004002480686813563,short,0.004002480686813563,0.2857142857142857,0.00562882750852818,-0.011076738872160773,-0.4232671363001709
QQQ,1d,state_ext=stretched_down + state_vol=high_vol,183,0.0039981893708678,long,0.0039981893708678,0.5628415300546448,0.0344473854613182,-0.0326140524418053,0.0919141181034826
DIA,1h,state_ext=neutral + state_vol=high_vol,38,0.003990779061809388,long,0.003990779061809388,0.7368421052631579,0.00790199382900271,-0.0031821021049436207,0.4968880299586263
TLT,1d,state_ext=stretched_up + state_vol=high_vol,133,0.0039546459404809,long,0.0039546459404809,0.5939849624060151,0.0194692122046662,-0.0152430994416065,0.1758775311346655
TLT,1d,state_ext=stretched_up + state_slope=flat,37,-0.0039542795417579,short,0.0039542795417579,0.5405405405405406,0.0176941251427009,-0.0173876899264257,-0.1983868060735459
DIA,1d,state_ext=neutral + state_vol=high_vol,146,0.0039539694618543,long,0.0039539694618543,0.6575342465753424,0.0185184429041157,-0.0184911205450761,0.1461173797330793
XLE,1h,state_ext=neutral + state_slope=downtrend,23,-0.003940391310187298,short,0.003940391310187298,0.5217391304347826,0.005996802779389902,-0.011791451898321488,-0.2677413484291583
XLF,1d,state_ext=stretched_up + state_slope=downtrend,16,0.0039272142012019,long,0.0039272142012019,0.625,0.0171238287634391,-0.0167058854316574,0.245419331321251
XLE,1d,state_ext=neutral + state_slope=flat,203,0.0038865296593952,long,0.0038865296593952,0.5320197044334976,0.0279271045515656,-0.0222183218701629,0.1097890256141791
USO,1d,state_ext=neutral + state_slope=uptrend,64,0.00384066597306,long,0.00384066597306,0.53125,0.0347060330258551,-0.0366067184487228,0.0846982476343046
QQQ,1h,state_session=morning + state_slope=downtrend,22,-0.0038026115144879384,short,0.0038026115144879384,0.2727272727272727,0.007603806507687701,-0.012597622635412309,-0.2909042842441848
QQQ,1h,state_session=morning + state_ext=neutral + state_slope=downtrend,18,-0.0037796714003348487,short,0.0037796714003348487,0.2777777777777778,0.007845931722702894,-0.01373116349249017,-0.2668256907364752
XLK,1h,state_ext=neutral + state_slope=flat,34,0.0037509776322661136,long,0.0037509776322661136,0.6764705882352942,0.013544306476534308,-0.012843862202082956,0.21444155655617497
XLE,1d,state_ext=neutral + state_vol=low_vol,154,0.0037153663543524,long,0.0037153663543524,0.577922077922078,0.0233184809153002,-0.0176962691009776,0.1400668677506085
USO,1d,state_ext=neutral + state_vol=mid_vol,124,-0.0035439582894437,short,0.0035439582894437,0.4758064516129032,0.0303132840869517,-0.0321512219962074,-0.0776308590866997
XLE,1h,state_ext=neutral + state_vol=low_vol,37,-0.0034973313093182557,short,0.0034973313093182557,0.24324324324324326,0.004525359877084759,-0.007668566979655996,-0.5570170146265103
XLE,1d,state_ext=stretched_up + state_slope=uptrend,339,0.003466158461345,long,0.003466158461345,0.6017699115044248,0.0282790920153795,-0.0269264134122456,0.0896776872159126
IWM,1d,state_ext=neutral + state_vol=high_vol,103,0.0034356483349461,long,0.0034356483349461,0.5145631067961165,0.0264051129507072,-0.0246713933738481,0.0994158709439721
XLE,1d,state_ext=stretched_up + state_vol=low_vol,174,-0.0034259026825738,short,0.0034259026825738,0.4597701149425287,0.0199676951957857,-0.0242533832113198,-0.1003952751315956
XLF,1h,state_ext=neutral + state_slope=downtrend,43,0.0033960773718851606,long,0.0033960773718851606,0.6511627906976745,0.007684632277065152,-0.0034128203828317004,0.5055492850709306
QQQ,1h,state_ext=stretched_up + state_slope=uptrend,26,0.0033537475999194997,long,0.0033537475999194997,0.5384615384615384,0.008347149411566493,-0.005113246885534217,0.24558842369194397
XLF,1d,state_ext=neutral + state_slope=downtrend,157,-0.0033496704328758,short,0.0033496704328758,0.445859872611465,0.0167264447772348,-0.0216910332908706,-0.1196984187281055
GLD,1d,state_ext=stretched_up + state_slope=uptrend,314,0.0033378100847165,long,0.0033378100847165,0.5445859872611465,0.0211209000758178,-0.0172802902376039,0.1148572328598232
IWM,1h,state_ext=neutral + state_slope=uptrend,33,-0.00332277307478222,short,0.00332277307478222,0.2727272727272727,0.004987552531561811,-0.009200504757504325,-0.5226929403492341
XLF,1d,state_ext=neutral + state_vol=mid_vol,165,0.0033007344614946,long,0.0033007344614946,0.5696969696969697,0.0185488958857928,-0.0162029952393451,0.1333681596462421
XLF,1d,state_ext=neutral + state_vol=high_vol,100,-0.0032786741722274,short,0.0032786741722274,0.43,0.0209176802383325,-0.0276719376558168,-0.087428071822579
QQQ,1h,state_session=afternoon + state_ext=neutral,31,-0.003267006220149322,short,0.003267006220149322,0.3870967741935484,0.00896590037105356,-0.012282250230606119,-0.21449017806047335
IWM,1h,state_ext=neutral + state_slope=downtrend,44,0.0032344929496943187,long,0.0032344929496943187,0.7045454545454546,0.011161539643556801,-0.006660854385285923,0.31645210910973715
IWM,1h,state_session=lunch + state_ext=neutral,30,0.0032264021175982,long,0.0032264021175982,0.6333333333333333,0.00741995821618174,-0.008024204808866545,0.3803583037101617
XLK,1d,state_ext=neutral + state_vol=mid_vol,136,0.0032023695183843,long,0.0032023695183843,0.5514705882352942,0.0209975357860656,-0.0219614780138494,0.1148734289677588
IWM,1h,state_ext=neutral + state_vol=high_vol,33,0.0031661813616383322,long,0.0031661813616383322,0.6060606060606061,0.01306882425778108,-0.008276923740470432,0.2742627182977799
XLF,1d,state_ext=stretched_up + state_vol=low_vol,143,0.0031591534387548,long,0.0031591534387548,0.6013986013986014,0.0142737979884889,-0.0121118870311478,0.1891238291165232
GLD,1h,state_session=afternoon + state_ext=neutral,25,-0.003074000228494911,short,0.003074000228494911,0.52,0.007174340429443773,-0.011861321012265629,-0.18023562244959834
GLD,1d,state_ext=neutral + state_slope=flat,289,0.0030346684456922,long,0.0030346684456922,0.5501730103806228,0.0152501956864051,-0.0123736663549459,0.1476097374289307
DIA,1h,state_session=afternoon + state_ext=neutral,34,0.0029888552999641606,long,0.0029888552999641606,0.8235294117647058,0.007341843468355428,-0.00295541908556089,0.5161226654909011
QQQ,1h,state_ext=neutral + state_slope=downtrend,32,-0.002951988167232921,short,0.002951988167232921,0.4375,0.009199892338887253,-0.014163957105497386,-0.20251007598461523
GLD,1d,state_ext=neutral + state_vol=low_vol,200,0.0028918972922713,long,0.0028918972922713,0.555,0.0147607377527052,-0.0118941410543087,0.1332393307886711
XLK,1d,state_ext=neutral + state_slope=flat,202,0.0028654208174993,long,0.0028654208174993,0.5742574257425742,0.020156670421703,-0.0210912409392639,0.1079899234634343
XLF,1d,state_ext=neutral + state_slope=flat,254,0.0028470504794733,long,0.0028470504794733,0.5354330708661418,0.0175917801403124,-0.0156382254985728,0.1124555938043546
USO,1d,state_ext=stretched_up + state_vol=mid_vol,152,0.0027908460108433,long,0.0027908460108433,0.5,0.0375067438352301,-0.0312581838326115,0.0504593663417494
TLT,1d,state_ext=stretched_down + state_vol=high_vol,147,-0.0027862170212308,short,0.0027862170212308,0.4149659863945578,0.0172792594011255,-0.0210411709835705,-0.1083469219435637
QQQ,1d,state_ext=neutral + state_slope=flat,210,0.0027583916090802,long,0.0027583916090802,0.5952380952380952,0.018380558913263,-0.0186609291764966,0.1083436283263145
XLE,1h,state_session=afternoon + state_ext=neutral,35,-0.002732563644264371,short,0.002732563644264371,0.45714285714285713,0.0068899565843820254,-0.012188770100207377,-0.19446509837070539
IWM,1h,state_session=afternoon + state_ext=neutral,38,0.0027182435538220997,long,0.0027182435538220997,0.7105263157894737,0.011872335579378992,-0.0057352531754951116,0.3488336832116919
QQQ,1h,state_ext=stretched_down + state_slope=downtrend,16,0.0026605870747946833,long,0.0026605870747946833,0.5625,0.012369793086184327,-0.004834754759438904,0.3122664206536797
IWM,1d,state_ext=stretched_down + state_vol=low_vol,75,-0.0026222038606528,short,0.0026222038606528,0.4533333333333333,0.0226941590635046,-0.0241413163995162,-0.0820733303740463
TLT,1d,state_ext=stretched_down + state_vol=low_vol,56,0.0026126728446944,long,0.0026126728446944,0.5357142857142857,0.0146610208915137,-0.0113119667228283,0.1462594246001539
XLK,1h,state_session=morning + state_slope=uptrend,17,-0.0026099052202220798,short,0.0026099052202220798,0.47058823529411764,0.005913613307915935,-0.009065374914344762,-0.254336832369402
USO,1h,state_session=morning + state_ext=stretched_down,37,0.0025942226133632298,long,0.0025942226133632298,0.6216216216216216,0.012909783085962644,-0.010658398061950142,0.1615221557466605
TLT,1d,state_ext=stretched_down + state_vol=mid_vol,152,-0.0025881102580612,short,0.0025881102580612,0.4210526315789473,0.0125960025424929,-0.0171701569714541,-0.1321375979157387
USO,1h,state_ext=stretched_down + state_slope=flat,19,0.002481142927591653,long,0.002481142927591653,0.42105263157894735,0.012253705486978508,-0.009462488542780131,0.15533073156308883
SPY,1d,state_ext=stretched_up + state_vol=high_vol,153,0.0024278083251324,long,0.0024278083251324,0.6143790849673203,0.0173109326808322,-0.016371914577609,0.0954426605545259
USO,1d,state_ext=stretched_up + state_vol=high_vol,138,0.0023767684723357,long,0.0023767684723357,0.4710144927536231,0.0544877909046987,-0.0512560726812017,0.0327305745927827
IWM,1h,state_ext=neutral + state_slope=flat,45,0.0023459628763629354,long,0.0023459628763629354,0.6222222222222222,0.008355313518847277,-0.007186140333512991,0.3282093003580384
QQQ,1h,state_session=morning + state_ext=neutral,52,-0.0023424275260676207,short,0.0023424275260676207,0.38461538461538464,0.007123122971668426,-0.011289936643131751,-0.1884257795812444
USO,1d,state_ext=neutral + state_vol=low_vol,119,-0.0023270505521007,short,0.0023270505521007,0.4285714285714285,0.0243379375530993,-0.0293114853052498,-0.0648656935835285
GLD,1d,state_ext=stretched_down + state_slope=downtrend,191,0.0023223478358664,long,0.0023223478358664,0.5602094240837696,0.0180701118769981,-0.0160181532670315,0.0859301580518829
DIA,1d,state_ext=neutral + state_slope=downtrend,190,0.0023129707288302,long,0.0023129707288302,0.5789473684210527,0.0157853487157111,-0.0159552035372986,0.1049456437712734
SPY,1d,state_ext=stretched_up + state_slope=uptrend,309,0.0023047599772582,long,0.0023047599772582,0.627831715210356,0.0132202602456437,-0.0124118365689067,0.1217286219381842
XLE,1h,state_session=morning + state_slope=flat,17,-0.0022983334767401396,short,0.0022983334767401396,0.47058823529411764,0.00716166117520659,-0.008000455663334405,-0.17712560076605485
DIA,1d,state_ext=neutral + state_slope=uptrend,134,0.002278311267551,long,0.002278311267551,0.6268656716417911,0.0137254553198029,-0.0129495906188498,0.1263659331409007
XLK,1d,state_ext=neutral + state_slope=downtrend,127,0.0022691877526756,long,0.0022691877526756,0.5354330708661418,0.0249799589653229,-0.0278137404819157,0.0622858893800266
XLF,1h,state_ext=neutral + state_slope=uptrend,25,0.0022556417640550207,long,0.0022556417640550207,0.64,0.008108656149023306,-0.0049273951295511105,0.2235384853923179
DIA,1d,state_ext=stretched_down + state_slope=flat,16,-0.002239975705141,short,0.002239975705141,0.4375,0.01201887197733,-0.0252060874271899,-0.1222758531168541
XLE,1h,state_session=morning + state_ext=stretched_down,15,0.002226023651194161,long,0.002226023651194161,0.7333333333333333,0.008249191811747028,-0.004371105327579324,0.27771608608295323
XLF,1h,state_ext=neutral + state_slope=flat,40,0.002172031623587234,long,0.002172031623587234,0.6,0.007738283999794071,-0.004935025914803587,0.27453521535455067
SPY,1h,state_session=morning + state_slope=flat,20,-0.002144828137731819,short,0.002144828137731819,0.45,0.003950086329846847,-0.007766898635937486,-0.36029654952856055
SPY,1h,state_session=morning + state_ext=neutral + state_slope=flat,20,-0.002144828137731819,short,0.002144828137731819,0.45,0.003950086329846847,-0.007766898635937486,-0.36029654952856055
SPY,1d,state_ext=neutral + state_slope=downtrend,174,-0.0020861538917684,short,0.0020861538917684,0.5114942528735632,0.0163251075100331,-0.0207988670046315,-0.0746691182055781
GLD,1d,state_ext=stretched_down + state_slope=flat,33,0.0020810321541346,long,0.0020810321541346,0.5151515151515151,0.0197578518546683,-0.013141085025821,0.0573083457942214
XLK,1d,state_ext=stretched_up + state_vol=low_vol,207,0.0020779552491448,long,0.0020779552491448,0.5555555555555556,0.0175102670929813,-0.0169051813752219,0.0944967406906875
GLD,1h,state_ext=neutral + state_slope=downtrend,17,-0.0020640348320053914,short,0.0020640348320053914,0.47058823529411764,0.006906174567881771,-0.009177628827109282,-0.18250401339913885
SPY,1d,state_ext=stretched_up + state_vol=low_vol,166,0.0020277740543513,long,0.0020277740543513,0.6024096385542169,0.0100156975587929,-0.0091765803903224,0.1790758572837614
XLF,1d,state_ext=neutral + state_slope=uptrend,82,-0.0020249569332981,short,0.0020249569332981,0.5,0.0169136453390418,-0.020581329223778,-0.073717457863666
QQQ,1d,state_ext=stretched_up + state_vol=low_vol,215,0.0020140289651832,long,0.0020140289651832,0.5627906976744186,0.0154890461006053,-0.0153020444688324,0.0955003733355952
XLK,1h,state_ext=stretched_down + state_slope=downtrend,25,0.0019433032113734816,long,0.0019433032113734816,0.56,0.01976296934376876,-0.01359445757311129,0.10253110339345226
TLT,1d,state_ext=stretched_down + state_slope=flat,69,-0.0019319702601912,short,0.0019319702601912,0.4202898550724637,0.0133096827282575,-0.0173049420644674,-0.0966967874607273
DIA,1h,state_session=lunch + state_ext=neutral,32,0.0019314207763005027,long,0.0019314207763005027,0.625,0.005705965049490676,-0.005005916432327756,0.2996113421523074
TLT,1d,state_ext=stretched_up + state_slope=uptrend,218,-0.0019270061824255,short,0.0019270061824255,0.4770642201834862,0.0134473343807653,-0.0160663252483549,-0.0911184706798439
SPY,1h,state_ext=neutral + state_vol=high_vol,42,0.001907093267355035,long,0.001907093267355035,0.5476190476190477,0.007089409150081716,-0.008557671781358932,0.22348829672737922
XLK,1h,state_session=morning + state_ext=neutral,27,-0.0019043270625504667,short,0.0019043270625504667,0.5185185185185185,0.009652881436146675,-0.015467931250745678,-0.10799098243044766
GLD,1h,state_session=morning + state_slope=uptrend,21,-0.0018826251969055185,short,0.0018826251969055185,0.19047619047619047,0.0044671974533373356,-0.006503205064891221,-0.1967603293165467
DIA,1h,state_session=morning + state_ext=neutral + state_slope=downtrend,17,0.0018607175858831903,long,0.0018607175858831903,0.5294117647058824,0.005713763716883421,-0.00567356600140833,0.23067670083932126
DIA,1h,state_session=morning + state_slope=downtrend,17,0.0018607175858831903,long,0.0018607175858831903,0.5294117647058824,0.005713763716883421,-0.00567356600140833,0.23067670083932126
GLD,1h,state_session=morning + state_slope=downtrend,22,0.0018547688407515306,long,0.0018547688407515306,0.45454545454545453,0.008149882126785846,-0.007152600247829205,0.14739881355120912
QQQ,1h,state_session=afternoon + state_slope=uptrend,17,-0.0018503566129972745,short,0.0018503566129972745,0.29411764705882354,0.007564064183329875,-0.010517734662232362,-0.09710664818967243
DIA,1h,state_session=morning + state_slope=uptrend,18,-0.0018396292161050691,short,0.0018396292161050691,0.3333333333333333,0.004106185281225823,-0.0047379474992824255,-0.29906631212767065
SPY,1h,state_ext=neutral + state_slope=uptrend,44,0.0017943044682276678,long,0.0017943044682276678,0.5,0.005167134314246546,-0.003414038352450274,0.250294846043797
XLE,1d,state_ext=neutral + state_vol=mid_vol,144,0.0017670228020299,long,0.0017670228020299,0.5277777777777778,0.024774596532825,-0.0238373407483878,0.0527958566703987
XLE,1d,state_ext=stretched_up + state_slope=flat,147,-0.0017407168606688,short,0.0017407168606688,0.4557823129251701,0.0234211036947116,-0.0254262238568035,-0.0510790833919426
DIA,1h,state_ext=neutral + state_slope=flat,44,0.0017079982301107168,long,0.0017079982301107168,0.6590909090909091,0.0055464207992258355,-0.0030688263383677017,0.4688236491888963
SPY,1d,state_ext=neutral + state_vol=high_vol,120,-0.001690251775251,short,0.001690251775251,0.475,0.0219238642975255,-0.0257918395858988,-0.0473266049004397
TLT,1h,state_session=afternoon + state_ext=neutral + state_slope=downtrend,15,0.0016702786922043597,long,0.0016702786922043597,0.6,0.004137525824205494,-0.00226912195046578,0.27817647646369853
TLT,1h,state_session=afternoon + state_slope=downtrend,15,0.0016702786922043597,long,0.0016702786922043597,0.6,0.004137525824205494,-0.00226912195046578,0.27817647646369853
IWM,1d,state_ext=neutral + state_vol=mid_vol,136,0.0016491095223893,long,0.0016491095223893,0.5661764705882353,0.0219911175601796,-0.0218052575734798,0.055202756730114
GLD,1d,state_ext=stretched_down + state_vol=low_vol,65,0.0016173130371139,long,0.0016173130371139,0.5384615384615384,0.0127551899722204,-0.0118562596257968,0.0927182626059443
XLE,1d,state_ext=stretched_up + state_vol=mid_vol,152,-0.001601806173993,short,0.001601806173993,0.5263157894736842,0.0244282480806205,-0.026296498216952,-0.0457446265639983
IWM,1h,state_ext=neutral + state_vol=mid_vol,45,0.0015426991598937617,long,0.0015426991598937617,0.4888888888888889,0.007197762219796802,-0.00689202421187486,0.2107780892410011
TLT,1d,state_ext=stretched_down + state_slope=downtrend,279,-0.0015371370481565,short,0.0015371370481565,0.4444444444444444,0.015281761123837,-0.0178074705579848,-0.0687946608393311
IWM,1d,state_ext=stretched_up + state_vol=high_vol,174,0.0015054868258034,long,0.0015054868258034,0.5862068965517241,0.0234818939073838,-0.0223877880201338,0.0455082776997769
QQQ,1h,state_session=afternoon + state_slope=flat,17,0.0014955770969236255,long,0.0014955770969236255,0.47058823529411764,0.009560641066146984,-0.008321600048109648,0.13134074045971023
USO,1d,state_ext=neutral + state_slope=flat,176,-0.0014717163731036,short,0.0014717163731036,0.4545454545454545,0.0282840638847835,-0.032499498685359,-0.0357559964260443
SPY,1h,state_session=morning + state_ext=neutral + state_slope=downtrend,23,-0.0014643768348311815,short,0.0014643768348311815,0.391304347826087,0.004815563499292275,-0.008652531429220617,-0.1836586752684868
XLE,1h,state_ext=stretched_down + state_vol=high_vol,17,-0.001428625034804199,short,0.001428625034804199,0.4117647058823529,0.006048250576933537,-0.007377045713045799,-0.15740399758350263
QQQ,1h,state_session=lunch + state_ext=neutral,22,0.0013703170262710708,long,0.0013703170262710708,0.6818181818181818,0.007467158415437184,-0.010097945551971532,0.11931173115039895
USO,1h,state_session=morning + state_slope=downtrend,21,-0.0013570921878848072,short,0.0013570921878848072,0.6190476190476191,0.012571755265962496,-0.011956523847759063,-0.07775944292610863
XLF,1h,state_ext=neutral + state_vol=low_vol,40,0.0013566161997270842,long,0.0013566161997270842,0.525,0.008635561683554654,-0.005276401958143431,0.13379170264104984
SPY,1h,state_ext=neutral + state_slope=flat,45,-0.0013350233384192783,short,0.0013350233384192783,0.4222222222222222,0.004502949728821242,-0.008941796358974406,-0.2076372922606514
DIA,1h,state_ext=neutral + state_slope=downtrend,45,0.0013241005859288644,long,0.0013241005859288644,0.6444444444444445,0.006215554259589918,-0.005049215516165893,0.1871589495144369
DIA,1d,state_ext=stretched_down + state_vol=mid_vol,66,0.0013168824677338,long,0.0013168824677338,0.5303030303030303,0.0165215619161704,-0.017325415360526,0.0618701574637274
QQQ,1h,state_ext=neutral + state_vol=mid_vol,20,0.0013055749596232735,long,0.0013055749596232735,0.55,0.010102091772852994,-0.008176067542939642,0.0914912812853895
XLK,1h,state_ext=stretched_up + state_slope=uptrend,25,0.0012874622573145044,long,0.0012874622573145044,0.48,0.011568355839000182,-0.010203253722604493,0.0645604563859624
DIA,1h,state_ext=neutral + state_slope=uptrend,33,0.0012777303828542471,long,0.0012777303828542471,0.5757575757575758,0.005404681268322992,-0.004373762959589537,0.1721954469188709
GLD,1h,state_ext=neutral + state_vol=high_vol,21,0.0012638778571917256,long,0.0012638778571917256,0.7142857142857143,0.007934863133983928,-0.006025471342328966,0.12117429563580939
SPY,1h,state_session=morning + state_ext=neutral,63,-0.0012328585871591333,short,0.0012328585871591333,0.4126984126984127,0.004310240681689193,-0.00703277264410082,-0.18165973755061265
IWM,1d,state_ext=neutral + state_slope=downtrend,117,-0.0012134786797224,short,0.0012134786797224,0.4786324786324786,0.0218886528938943,-0.0235744394010898,-0.0376076224251464
GLD,1h,state_ext=neutral + state_slope=uptrend,24,0.0012108975336141876,long,0.0012108975336141876,0.5,0.006929216321300298,-0.006471895393097907,0.11007194074340819
GLD,1h,state_ext=stretched_down + state_slope=downtrend,31,0.00121032441114925,long,0.00121032441114925,0.3870967741935484,0.008046063231470717,-0.008306949377105884,0.09405743521961998
SPY,1h,state_ext=neutral + state_vol=mid_vol,50,-0.001173540046759185,short,0.001173540046759185,0.38,0.004827114768271587,-0.0060880875838331015,-0.16155400810369214
SPY,1h,state_session=lunch + state_ext=neutral,31,0.0011674961254121905,long,0.0011674961254121905,0.5161290322580645,0.005458182859349324,-0.007028050452733517,0.169906043417743
TLT,1d,state_ext=neutral + state_slope=flat,305,-0.0011547900832509,short,0.0011547900832509,0.4557377049180328,0.0114366547670597,-0.0125937925234257,-0.0650731280340693
IWM,1h,state_session=morning + state_ext=neutral,54,-0.001145385385520684,short,0.001145385385520684,0.4074074074074074,0.006628492364894678,-0.00854453333376847,-0.13009098470757194
QQQ,1h,state_session=afternoon + state_ext=neutral + state_slope=flat,15,0.0011256049653627957,long,0.0011256049653627957,0.4666666666666667,0.009357742458312912,-0.008558850484891705,0.09389029626791552
DIA,1d,state_ext=neutral + state_vol=mid_vol,219,0.001113352446641,long,0.001113352446641,0.5662100456621004,0.0140971864627936,-0.0143816098775477,0.0573481168916517
XLK,1h,state_session=lunch + state_ext=neutral,19,-0.0010901974936391035,short,0.0010901974936391035,0.5789473684210527,0.01224169866335431,-0.01668014217094702,-0.05796849121288385
GLD,1h,state_session=morning + state_ext=stretched_down + state_slope=downtrend,17,0.001079326152141033,long,0.001079326152141033,0.35294117647058826,0.008643010356273698,-0.008433183535734138,0.07582421688833167
IWM,1d,state_ext=neutral + state_slope=uptrend,99,0.0010637546184062,long,0.0010637546184062,0.5252525252525253,0.0199861872403292,-0.0221752510688729,0.0362103089782268
IWM,1d,state_ext=stretched_up + state_slope=flat,137,0.0010599850458886,long,0.0010599850458886,0.5255474452554745,0.0184041366627933,-0.0186529884993774,0.0477928162145761
SPY,1d,state_ext=neutral + state_slope=flat,266,-0.0010471634451156,short,0.0010471634451156,0.5225563909774437,0.0121521515835605,-0.0158513072055198,-0.0525549672664448
TLT,1d,state_ext=neutral + state_vol=mid_vol,209,0.001037412783784,long,0.001037412783784,0.507177033492823,0.0151786271457428,-0.0142281313511277,0.0491723462580311
TLT,1h,state_ext=neutral + state_slope=downtrend,43,0.0010329704592477549,long,0.0010329704592477549,0.5581395348837209,0.0033721690399885523,-0.0023691138492472814,0.2030044068071636
XLF,1d,state_ext=neutral + state_vol=low_vol,227,-0.0009898395643249,short,0.0009898395643249,0.4801762114537445,0.0144714121934899,-0.0159178804748282,-0.0458580176224757
SPY,1h,state_session=morning + state_slope=downtrend,24,-0.0009835940769499414,short,0.0009835940769499414,0.4166666666666667,0.00510469087769147,-0.008661770056261786,-0.12074501093290123
IWM,1d,state_ext=stretched_up + state_vol=mid_vol,150,-0.0009711996056511,short,0.0009711996056511,0.48,0.0169967144956825,-0.0199216187135836,-0.0436249625225999
QQQ,1h,state_ext=neutral + state_slope=flat,46,0.0009556737832334177,long,0.0009556737832334177,0.5652173913043478,0.008833413718703265,-0.00985393390790619,0.0789307834084804
DIA,1h,state_ext=neutral + state_vol=low_vol,39,0.0009482513175247056,long,0.0009482513175247056,0.6666666666666666,0.005987845448735725,-0.003991513873109194,0.2370425874432116
XLE,1d,state_ext=neutral + state_slope=downtrend,136,-0.0009308916749483,short,0.0009308916749483,0.5,0.0245528783100124,-0.0235322487786372,-0.0287595788842958
SPY,1h,state_session=afternoon + state_ext=neutral,44,0.0009252189054770876,long,0.0009252189054770876,0.5227272727272727,0.006382933158471791,-0.005339908760604506,0.11757210287770606
QQQ,1h,state_session=morning + state_ext=neutral + state_slope=flat,21,-0.0009249298438736643,short,0.0009249298438736643,0.5238095238095238,0.008035319166572555,-0.012192163423305582,-0.06953763392327306
GLD,1d,state_ext=neutral + state_vol=high_vol,176,0.0009118595053199,long,0.0009118595053199,0.5170454545454546,0.0166154574340716,-0.0152387162757323,0.040780747531249
SPY,1h,state_session=afternoon + state_slope=downtrend,15,-0.0008984569685670444,short,0.0008984569685670444,0.6,0.00735772970281244,-0.005926709511353315,-0.11038451854646088
SPY,1h,state_session=afternoon + state_ext=neutral + state_slope=downtrend,15,-0.0008984569685670444,short,0.0008984569685670444,0.6,0.00735772970281244,-0.005926709511353315,-0.11038451854646088
TLT,1h,state_session=afternoon + state_slope=flat,16,0.0008669231954631859,long,0.0008669231954631859,0.625,0.0034383014713703364,-0.0019016110910294731,0.17987276180840034
TLT,1h,state_session=afternoon + state_ext=neutral + state_slope=flat,16,0.0008669231954631859,long,0.0008669231954631859,0.625,0.0034383014713703364,-0.0019016110910294731,0.17987276180840034
TLT,1d,state_ext=neutral + state_slope=uptrend,182,-0.0008633371087654,short,0.0008633371087654,0.467032967032967,0.0127620170458836,-0.0140075767877402,-0.0444671023272628
TLT,1h,state_session=lunch + state_ext=neutral,34,0.0008612888576117065,long,0.0008612888576117065,0.6176470588235294,0.003644315100323344,-0.003249839418519764,0.15674698763097514
QQQ,1d,state_ext=neutral + state_slope=downtrend,121,0.0008510018125907,long,0.0008510018125907,0.5289256198347108,0.020913741872704,-0.0250276278718092,0.0269655453783991
TLT,1h,state_ext=neutral + state_vol=mid_vol,42,0.0008506941712189078,long,0.0008506941712189078,0.5952380952380952,0.0032090504183863826,-0.00252992036663158,0.2506124340031687
XLE,1h,state_ext=stretched_down + state_slope=downtrend,21,-0.0008449259709268908,short,0.0008449259709268908,0.5238095238095238,0.006277148322297173,-0.00661868706540591,-0.11774547684263759
DIA,1d,state_ext=stretched_up + state_slope=uptrend,273,0.0008116510795821,long,0.0008116510795821,0.5164835164835165,0.012736674886444,-0.0119310509163094,0.0434669652899428
IWM,1d,state_ext=stretched_up + state_slope=downtrend,18,0.0008064085479179,long,0.0008064085479179,0.5555555555555556,0.0157074549599435,-0.0224040395518353,0.0356993912771453
SPY,1h,state_session=afternoon + state_ext=neutral + state_slope=flat,15,0.0007898132429030221,long,0.0007898132429030221,0.4666666666666667,0.005531588160785036,-0.00766512963996581,0.10560665954988861
SPY,1h,state_session=afternoon + state_slope=flat,15,0.0007898132429030221,long,0.0007898132429030221,0.4666666666666667,0.005531588160785036,-0.00766512963996581,0.10560665954988861
XLF,1h,state_ext=neutral + state_vol=mid_vol,32,0.000784267514852003,long,0.000784267514852003,0.5625,0.00489857431608922,-0.0051044612619683995,0.15553923268205486
XLF,1h,state_session=morning + state_slope=uptrend,16,-0.0007755849085333416,short,0.0007755849085333416,0.5625,0.0047372379202190035,-0.006453826316377732,-0.09995587905851136
XLE,1h,state_session=morning + state_slope=downtrend,20,-0.0007739497627191338,short,0.0007739497627191338,0.55,0.006347094295762345,-0.006473350612133328,-0.08734182712602677
SPY,1d,state_ext=neutral + state_vol=low_vol,219,0.0007136019785189,long,0.0007136019785189,0.5753424657534246,0.0114434475156785,-0.0131414900642657,0.0412259053089128
XLF,1d,state_ext=stretched_up + state_slope=uptrend,319,-0.0006990526681418,short,0.0006990526681418,0.5078369905956113,0.0150215431351316,-0.0171562134869881,-0.0291967423438435
SPY,1d,state_ext=neutral + state_vol=mid_vol,202,0.0006931729019878,long,0.0006931729019878,0.5841584158415841,0.0134639339802112,-0.0153462661041111,0.0355259417476197
TLT,1h,state_session=morning + state_slope=downtrend,18,0.0006718705284423705,long,0.0006718705284423705,0.5555555555555556,0.0026134810740677805,-0.0016943012317731222,0.2321732568079606
IWM,1h,state_ext=neutral + state_vol=low_vol,43,-0.000638782258342037,short,0.000638782258342037,0.6046511627906976,0.0064005581871530905,-0.007599360254040257,-0.09347760636559878
TLT,1h,state_session=afternoon + state_ext=neutral + state_slope=uptrend,17,-0.0006091965067711721,short,0.0006091965067711721,0.5294117647058824,0.0026857889443222733,-0.002728858412295042,-0.1515247893644939
TLT,1h,state_session=afternoon + state_slope=uptrend,17,-0.0006091965067711721,short,0.0006091965067711721,0.5294117647058824,0.0026857889443222733,-0.002728858412295042,-0.1515247893644939
XLK,1d,state_ext=stretched_up + state_vol=high_vol,135,-0.0006082983020061,short,0.0006082983020061,0.5259259259259259,0.0244438209866282,-0.0278472393525091,-0.0155128567619264
QQQ,1h,state_session=morning + state_slope=flat,24,-0.0005994942626642482,short,0.0005994942626642482,0.5,0.008273336893821948,-0.011996350683795487,-0.046094905671341696
XLF,1d,state_ext=stretched_down + state_vol=low_vol,42,0.0005971472851936,long,0.0005971472851936,0.5714285714285714,0.0160766129794127,-0.0164347238327264,0.0333069037223919
TLT,1h,state_session=afternoon + state_ext=neutral,48,0.0005951793936534675,long,0.0005951793936534675,0.5833333333333334,0.003390294228301801,-0.002309441660884875,0.12006347125595672
TLT,1h,state_session=morning + state_ext=neutral + state_slope=uptrend,21,-0.0005927448224111123,short,0.0005927448224111123,0.42857142857142855,0.0018223052941880155,-0.002766148122244844,-0.20961986007680142
TLT,1h,state_session=morning + state_slope=uptrend,21,-0.0005927448224111123,short,0.0005927448224111123,0.42857142857142855,0.0018223052941880155,-0.002766148122244844,-0.20961986007680142
IWM,1h,state_session=morning + state_ext=neutral + state_slope=flat,18,0.0005817868264613107,long,0.0005817868264613107,0.4444444444444444,0.006336699314757209,-0.008613967786815823,0.08295432783891286
DIA,1d,state_ext=stretched_up + state_vol=low_vol,103,-0.0005679634083675,short,0.0005679634083675,0.5145631067961165,0.0095697748483469,-0.0106698441652279,-0.0373078861887244
GLD,1d,state_ext=neutral + state_slope=uptrend,91,0.000542113480253,long,0.000542113480253,0.5384615384615384,0.0171560789541433,-0.0159200598867271,0.0216967046160058
XLK,1h,state_session=morning + state_slope=downtrend,17,-0.0005386497261583056,short,0.0005386497261583056,0.5294117647058824,0.012064758364184244,-0.02110110823848075,-0.026230212829417017
GLD,1d,state_ext=stretched_down + state_vol=mid_vol,76,-0.00053797624201,short,0.00053797624201,0.4473684210526316,0.0137887933931501,-0.0130039485051728,-0.0261162497240694
USO,1d,state_ext=neutral + state_vol=high_vol,106,0.0005209774442699,long,0.0005209774442699,0.5377358490566038,0.0321704475180013,-0.0412297204781805,0.0116194999614524
TLT,1d,state_ext=neutral + state_slope=downtrend,129,0.0005173689989083,long,0.0005173689989083,0.5038759689922481,0.0159899363298299,-0.0155824467671257,0.022740383118196
SPY,1h,state_ext=neutral + state_vol=low_vol,45,-0.0004974381467838364,short,0.0004974381467838364,0.4888888888888889,0.003921034845072654,-0.005134322789115715,-0.0912772470882543
TLT,1h,state_session=morning + state_ext=neutral + state_slope=downtrend,17,0.0004702558134095108,long,0.0004702558134095108,0.5294117647058824,0.0024847410565019498,-0.0017664075517328842,0.16502483616089988
GLD,1d,state_ext=stretched_up + state_vol=high_vol,140,0.0004628799714824,long,0.0004628799714824,0.4714285714285714,0.0226055778812657,-0.0250738630014496,0.0132010592578188
QQQ,1d,state_ext=stretched_up + state_vol=high_vol,135,-0.0004592235943964,short,0.0004592235943964,0.5407407407407407,0.0227903986841337,-0.0252934618071689,-0.0129579278318113
SPY,1h,state_ext=neutral + state_slope=downtrend,49,-0.0004008454211307244,short,0.0004008454211307244,0.4897959183673469,0.005951249855820472,-0.007005953110572013,-0.052000918980081905
IWM,1d,state_ext=stretched_down + state_vol=mid_vol,120,0.0003988701144209,long,0.0003988701144209,0.525,0.0252651441704341,-0.0264669992014187,0.01237435364933
GLD,1h,state_session=morning + state_ext=stretched_down,23,-0.0003839073599236486,short,0.0003839073599236486,0.30434782608695654,0.007580595760472214,-0.007910487588202786,-0.030491332209342217
TLT,1h,state_ext=neutral + state_slope=flat,48,0.00038096262386270774,long,0.00038096262386270774,0.5833333333333334,0.003057355561676268,-0.0026222380229138594,0.08010684760533446
XLK,1d,state_ext=neutral + state_vol=high_vol,101,-0.0003806085630534,short,0.0003806085630534,0.504950495049505,0.0282609530556592,-0.034982393576937,-0.0090871414304562
IWM,1h,state_session=morning + state_slope=flat,19,-0.0003786176163000687,short,0.0003786176163000687,0.42105263157894735,0.006050312384293035,-0.010473280379932249,-0.047334792916209636
DIA,1h,state_ext=neutral + state_vol=mid_vol,44,-0.00037389883933312953,short,0.00037389883933312953,0.5,0.003688414188811129,-0.0051339446905231175,-0.07285591840615063
XLF,1h,state_session=morning + state_slope=flat,21,0.0003643549844878252,long,0.0003643549844878252,0.5714285714285714,0.005892235023964763,-0.005484079678421213,0.04722536207692906
XLF,1h,state_session=morning + state_ext=neutral + state_slope=flat,19,0.000357166858780511,long,0.000357166858780511,0.5789473684210527,0.0059955287128945255,-0.005707876916582757,0.04422387870446862
XLF,1h,state_session=morning + state_ext=neutral,42,-0.0003546920884375302,short,0.0003546920884375302,0.47619047619047616,0.004938167634458461,-0.005592795973460359,-0.048649076069501127
USO,1h,state_session=morning + state_ext=stretched_down + state_slope=downtrend,18,0.00035374104497857645,long,0.00035374104497857645,0.6666666666666666,0.012528497702520958,-0.011104375786447148,0.021832674998063604
IWM,1h,state_session=morning + state_slope=downtrend,21,0.00035120566078268513,long,0.00035120566078268513,0.5714285714285714,0.008476725082529259,-0.008384060483537776,0.032872583726998826
IWM,1h,state_session=morning + state_ext=neutral + state_slope=downtrend,21,0.00035120566078268513,long,0.00035120566078268513,0.5714285714285714,0.008476725082529259,-0.008384060483537776,0.032872583726998826
QQQ,1d,state_ext=stretched_up + state_slope=flat,163,-0.000330647131629,short,0.000330647131629,0.5276073619631901,0.0163054667637863,-0.0179271117460509,-0.013583083174571
XLF,1h,state_session=morning + state_slope=downtrend,15,-0.0003285638966777323,short,0.0003285638966777323,0.3333333333333333,0.0038673454604618573,-0.00402551647344728,-0.06800167063273199
XLF,1h,state_session=morning + state_ext=neutral + state_slope=downtrend,15,-0.0003285638966777323,short,0.0003285638966777323,0.3333333333333333,0.0038673454604618573,-0.00402551647344728,-0.06800167063273199
XLE,1d,state_ext=stretched_up + state_slope=downtrend,29,0.0003274674113874,long,0.0003274674113874,0.4827586206896552,0.0252772211749473,-0.028242884711235,0.0109797170260184
TLT,1h,state_ext=neutral + state_vol=low_vol,48,0.00029311917148995326,long,0.00029311917148995326,0.5208333333333334,0.003483040053182058,-0.003111918455472163,0.047892463058946406
DIA,1h,state_session=morning + state_slope=flat,25,0.0002899427922747,long,0.0002899427922747,0.56,0.004223931073156311,-0.0032287912274721765,0.10340243011464567
DIA,1h,state_session=morning + state_ext=neutral + state_slope=flat,25,0.0002899427922747,long,0.0002899427922747,0.56,0.004223931073156311,-0.0032287912274721765,0.10340243011464567
DIA,1d,state_ext=neutral + state_slope=flat,308,0.0002840950776854,long,0.0002840950776854,0.5551948051948052,0.0124720333240426,-0.0137400712481375,0.0148648835507809
GLD,1h,state_ext=stretched_down + state_vol=mid_vol,25,0.0002576676529893085,long,0.0002576676529893085,0.24,0.00807697642236036,-0.008489966647952527,0.018861075343283917
TLT,1h,state_ext=neutral + state_slope=uptrend,48,-0.0002575354294945681,short,0.0002575354294945681,0.5,0.0025237202900209033,-0.002951765268781365,-0.06866363144045329
XLK,1h,state_session=morning + state_slope=flat,17,-0.00024224963799155004,short,0.00024224963799155004,0.47058823529411764,0.009866078602800657,-0.01137841648936514,-0.015808520763229625
DIA,1h,state_session=morning + state_ext=neutral,56,0.0002406251086689828,long,0.0002406251086689828,0.5178571428571429,0.004819346057042066,-0.004391136786402507,0.04015703993131525
SPY,1h,state_session=morning + state_slope=uptrend,24,0.0002192870022787452,long,0.0002192870022787452,0.4583333333333333,0.004074615662556347,-0.0038930544966828684,0.037714268488655035
XLF,1d,state_ext=stretched_up + state_vol=mid_vol,151,0.0002120250997691,long,0.0002120250997691,0.5033112582781457,0.0141559641704842,-0.0155172337542535,0.0111184258196922
XLK,1h,state_ext=neutral + state_vol=low_vol,31,0.00018497227962614132,long,0.00018497227962614132,0.5806451612903226,0.011104852894084236,-0.013561613336495153,0.009356209216781222
TLT,1d,state_ext=neutral + state_vol=low_vol,276,0.0001823389671967,long,0.0001823389671967,0.4891304347826087,0.0104129461603238,-0.0105257622634955,0.0125526861783497
QQQ,1h,state_session=afternoon + state_slope=downtrend,16,0.0001763333875155898,long,0.0001763333875155898,0.625,0.014525204446772383,-0.009690093455576587,0.011245552748898545
TLT,1h,state_session=morning + state_ext=neutral + state_slope=flat,19,-0.00016088971232466447,short,0.00016088971232466447,0.47368421052631576,0.002407634952263704,-0.003155698664224061,-0.035361382779085154
TLT,1h,state_session=morning + state_slope=flat,19,-0.00016088971232466447,short,0.00016088971232466447,0.47368421052631576,0.002407634952263704,-0.003155698664224061,-0.035361382779085154
QQQ,1h,state_ext=neutral + state_vol=high_vol,45,0.0001596279104795157,long,0.0001596279104795157,0.4666666666666667,0.009574503415345678,-0.012794561521543919,0.012075909587441381
IWM,1d,state_ext=stretched_up + state_slope=uptrend,302,-0.0001421567367068,short,0.0001421567367068,0.5099337748344371,0.0204200499503026,-0.0207767935207638,-0.004909712372731
TLT,1h,state_session=morning + state_ext=neutral,57,-0.00013175784169895262,short,0.00013175784169895262,0.47368421052631576,0.002214983740903366,-0.0025978300625764546,-0.038003921166793866
XLK,1h,state_ext=stretched_down + state_vol=high_vol,19,-0.00010341665752286309,short,0.00010341665752286309,0.42105263157894735,0.014543591688244489,-0.015423734147643923,-0.005524720423148505
TLT,1h,state_ext=neutral + state_vol=high_vol,48,0.0001007860398267978,long,0.0001007860398267978,0.5416666666666666,0.002297536928915688,-0.0022788185004394535,0.02866022955448371
QQQ,1h,state_session=morning + state_slope=uptrend,24,5.980751615137595e-05,long,5.980751615137595e-05,0.5416666666666666,0.005459454961024596,-0.004989638035913481,0.007590288068329658
SPY,1h,state_session=morning + state_ext=neutral + state_slope=uptrend,20,-5.4643051763592075e-05,short,5.4643051763592075e-05,0.4,0.004089273793287995,-0.004435924049376388,-0.008767426942732567
DIA,1d,state_ext=stretched_up + state_vol=mid_vol,121,2.9440624501260115e-05,long,2.9440624501260115e-05,0.4958677685950413,0.0103553311589063,-0.0116047715879951,0.0020062689602969
DIA,1d,state_ext=neutral + state_vol=low_vol,266,1.172109807422965e-05,long,1.172109807422965e-05,0.5413533834586466,0.0108156106558948,-0.0118264660089476,0.0007926063114645
IWM,1d,state_ext=stretched_up + state_vol=low_vol,133,3.963938508848224e-06,long,3.963938508848224e-06,0.4661654135338345,0.0175608968634278,-0.0176662094517112,0.0001794987879021
