symbol,timeframe,slice_combination,side,source_note,bin_mode,exit_horizon,stop_atr_mult,valid_regimes
AAPL,1d,state_gap_open=gap_open_flat + state_relvol=relvol_elevated + state_ext=stretched_up,long,auto_promoted_tradeable,rolling,20,3.36223731371127,[]
ABBV,1d,state_ext=stretched_down + state_vol=low_vol,long,auto_promoted_strict_candidate,rolling,10,3.1324011195302424,"[""bull"", ""neutral"", ""bear""]"
ABBV,1d,state_ext=stretched_down + state_slope=downtrend + state_vol=low_vol,long,auto_promoted_tradeable,rolling,10,3.1405921447937204,"[""bull"", ""neutral"", ""bear""]"
ADBE,1d,cross_USO_state_slope=downtrend + cross_TLT_state_ext=stretched_up + state_ext=stretched_down,long,auto_promoted_tradeable,rolling,10,3.113864235161106,"[""neutral"", ""bear""]"
ADI,1d,state_ext=stretched_down + state_ret_1=ret_down,long,auto_promoted_strict_candidate,rolling,20,4.449049789133695,"[""bull"", ""neutral"", ""bear""]"
ADI,1d,state_volume=vol_normal + state_slope=downtrend,long,auto_promoted_strict_candidate,rolling,20,4.696291889827512,"[""bull"", ""neutral"", ""bear""]"
ADI,1d,state_ext=stretched_down + state_vol=mid_vol,long,auto_promoted_tradeable,rolling,20,4.605445818938514,"[""bull"", ""neutral"", ""bear""]"
ADI,1d,cross_USO_state_ext=neutral + state_ext=stretched_down,long,auto_promoted_tradeable,rolling,20,3.928607947017057,"[""bull"", ""neutral"", ""bear""]"
ADI,1d,cross_USO_state_vol=mid_vol + state_ext=stretched_down,long,auto_promoted_tradeable,rolling,20,4.329127485679229,"[""bull"", ""neutral"", ""bear""]"
ADI,1d,state_ext=stretched_down + state_slope=downtrend,long,auto_promoted_tradeable,rolling,20,4.576639809940429,"[""bull"", ""neutral"", ""bear""]"
ADI,1d,state_volume=vol_normal + state_ext=stretched_down,long,auto_promoted_tradeable,rolling,20,4.531509991930376,"[""bull"", ""neutral"", ""bear""]"
ADI,1d,state_volume=vol_normal + state_ext=stretched_down + state_slope=downtrend,long,auto_promoted_tradeable,rolling,20,4.565908856148049,"[""bull"", ""neutral"", ""bear""]"
ADI,1d,state_relvol=relvol_normal + state_ext=stretched_down,long,auto_promoted_tradeable,rolling,20,4.329120079792662,"[""bull"", ""neutral"", ""bear""]"
ADI,1d,state_ext=stretched_down + state_slope=downtrend + state_vol=mid_vol,long,auto_promoted_tradeable,rolling,20,4.468028683305562,"[""bull"", ""neutral"", ""bear""]"
ADI,1d,cross_USO_state_slope=downtrend + cross_TLT_state_ext=stretched_up + state_ext=stretched_down,long,auto_promoted_tradeable,rolling,20,4.286087898585015,"[""bull"", ""neutral"", ""bear""]"
ADI,1d,cross_USO_state_ext=stretched_down + cross_TLT_state_slope=uptrend + state_ext=stretched_down,long,auto_promoted_tradeable,rolling,20,4.900537959374561,"[""bull"", ""neutral"", ""bear""]"
AMAT,1d,state_ext=stretched_down + state_ret_1=ret_down,long,auto_promoted_tradeable,rolling,20,4.784213763092329,"[""bull"", ""neutral"", ""bear""]"
ARKW,1d,state_volume=vol_normal + state_slope=uptrend,long,auto_promoted_tradeable,rolling,20,5.0,"[""bull""]"
ARKW,1d,state_volume=vol_normal + state_ext=neutral + state_slope=uptrend,long,auto_promoted_tradeable,rolling,20,4.912641557131463,"[""bull"", ""neutral""]"
AVGO,1d,cross_USO_state_ext=stretched_down + state_ext=stretched_down,long,auto_promoted_tradeable,rolling,20,4.849804042404865,"[""bull"", ""neutral"", ""bear""]"
AVGO,1d,cross_USO_state_slope=downtrend + cross_TLT_state_ext=stretched_up + state_ext=stretched_down,long,auto_promoted_strict_candidate,rolling,20,5.0,"[""bull"", ""neutral"", ""bear""]"
AVGO,1d,state_ext=stretched_down + state_slope=downtrend,long,auto_promoted_tradeable,rolling,20,4.636944623147797,"[""bull"", ""neutral"", ""bear""]"
BAC,1d,state_volume=vol_quiet + state_slope=downtrend,long,auto_promoted_tradeable,rolling,10,3.192194966526998,"[""bull"", ""neutral"", ""bear""]"
BLK,1d,cross_USO_state_ext=neutral + cross_TLT_state_slope=flat + state_ext=neutral,long,auto_promoted_tradeable,rolling,20,4.346234701470003,"[""bull"", ""neutral"", ""bear""]"
CAT,1d,state_ext=stretched_up + state_ret_1=ret_flat,long,auto_promoted_tradeable,rolling,20,5.0,"[""bull"", ""neutral"", ""bear""]"
CBOE,1d,state_ext=stretched_down + state_vol=low_vol,long,auto_promoted_tradeable,rolling,20,3.750285809440888,"[""bull"", ""neutral"", ""bear""]"
COST,1d,state_ext=stretched_up + state_ret_1=ret_flat,long,auto_promoted_tradeable,rolling,20,4.648542849429662,"[""bull"", ""neutral"", ""bear""]"
DASH,1d,cross_USO_state_ext=stretched_down + state_ext=stretched_down,long,auto_promoted_tradeable,rolling,5,1.7667660582242155,"[""bull"", ""neutral"", ""bear""]"
DE,1d,state_slope=downtrend + state_vol=mid_vol,long,auto_promoted_tradeable,rolling,20,3.8678568692365,"[""bull"", ""neutral"", ""bear""]"
DE,1d,state_volume=vol_surge + state_slope=downtrend,long,auto_promoted_strict_candidate,rolling,20,3.142069856184311,"[""bull"", ""neutral"", ""bear""]"
DE,1d,state_volume=vol_surge + state_ext=stretched_down + state_slope=downtrend,long,auto_promoted_strict_candidate,rolling,20,3.1154592394740663,"[""bull"", ""neutral"", ""bear""]"
DE,1d,state_ext=stretched_down + state_slope=downtrend,long,auto_promoted_tradeable,rolling,20,3.918754083852346,"[""bull"", ""neutral"", ""bear""]"
DE,1d,cross_TLT_state_ext=stretched_up + state_ext=stretched_down,long,auto_promoted_tradeable,rolling,20,4.370085055140773,"[""bull"", ""neutral"", ""bear""]"
DE,1d,cross_USO_state_slope=downtrend + cross_TLT_state_ext=stretched_up + state_ext=stretched_down,long,auto_promoted_tradeable,rolling,20,5.0,"[""bull"", ""neutral"", ""bear""]"
DE,1d,state_ext=stretched_down + state_ret_5=ret_down,long,auto_promoted_tradeable,rolling,20,3.969574361696417,"[""bull"", ""neutral"", ""bear""]"
DUK,1d,cross_USO_state_slope=downtrend + cross_TLT_state_slope=uptrend + state_ext=neutral,long,auto_promoted_strict_candidate,rolling,20,4.300238891436212,"[""bull"", ""neutral"", ""bear""]"
EEM,1d,state_relvol=relvol_elevated + state_ext=stretched_down,long,auto_promoted_tradeable,rolling,5,4.073360600576969,"[""bull"", ""neutral"", ""bear""]"
EQIX,1d,cross_USO_state_slope=downtrend + cross_TLT_state_slope=uptrend + state_ext=stretched_down,long,auto_promoted_tradeable,rolling,20,4.029655638552516,"[""bull"", ""neutral"", ""bear""]"
EQIX,1d,cross_USO_state_ext=stretched_down + cross_TLT_state_slope=uptrend + state_ext=stretched_down,long,auto_promoted_tradeable,rolling,20,4.047572758779449,"[""bull"", ""neutral"", ""bear""]"
ETN,1d,cross_USO_state_slope=downtrend + cross_TLT_state_ext=stretched_up + state_ext=stretched_down,long,auto_promoted_tradeable,rolling,20,5.0,[]
GD,1d,state_ext=neutral + state_slope=uptrend + state_vol=high_vol,long,auto_promoted_tradeable,rolling,5,1.5,"[""bull"", ""neutral"", ""bear""]"
GD,1d,cross_USO_state_ext=stretched_down + cross_TLT_state_slope=flat + state_ext=neutral,long,auto_promoted_tradeable,rolling,20,4.698563559372349,[]
GE,1d,cross_TLT_state_vol=high_vol + state_ext=stretched_up,long,auto_promoted_tradeable,rolling,20,4.600116399421557,"[""bull"", ""neutral"", ""bear""]"
GILD,1d,cross_TLT_state_slope=uptrend + state_slope=downtrend,long,auto_promoted_strict_candidate,rolling,20,4.010844589837888,"[""bull"", ""neutral"", ""bear""]"
GILD,1d,cross_TLT_state_slope=uptrend + state_ext=stretched_down,long,auto_promoted_strict_candidate,rolling,20,4.779547914712143,"[""bull"", ""neutral"", ""bear""]"
GILD,1d,cross_TLT_state_ext=stretched_up + state_ext=stretched_down,long,auto_promoted_strict_candidate,rolling,20,4.9248087003700896,"[""bull"", ""neutral"", ""bear""]"
GILD,1d,cross_TLT_state_slope=uptrend + state_ext=neutral,long,auto_promoted_strict_candidate,rolling,20,4.657295591925164,"[""bull"", ""neutral"", ""bear""]"
GOLD,1d,cross_USO_state_slope=downtrend + cross_TLT_state_slope=uptrend + state_ext=stretched_down,long,auto_promoted_strict_candidate,rolling,20,3.050268277602667,"[""bull"", ""neutral"", ""bear""]"
GOOG,1d,state_ext=neutral + state_slope=flat + state_vol=low_vol,long,auto_promoted_tradeable,rolling,20,5.0,[]
GOOGL,1d,state_ext=neutral + state_slope=flat + state_vol=low_vol,long,auto_promoted_tradeable,rolling,20,5.0,"[""bull"", ""neutral"", ""bear""]"
HON,1d,state_volume=vol_quiet + state_ext=stretched_down,long,auto_promoted_tradeable,rolling,20,3.1971161906066072,"[""bull"", ""neutral"", ""bear""]"
HON,1d,state_relvol=relvol_quiet + state_ext=stretched_down,long,auto_promoted_tradeable,rolling,20,3.1971161906066072,"[""bull"", ""neutral"", ""bear""]"
HOOD,1d,cross_TLT_state_slope=uptrend + state_ext=stretched_up,long,auto_promoted_tradeable,rolling,10,2.88976620659027,"[""bull"", ""neutral"", ""bear""]"
ISRG,1d,state_ext=neutral + state_slope=uptrend + state_vol=low_vol,long,auto_promoted_tradeable,rolling,10,3.411062814268172,"[""bull"", ""neutral""]"
ITA,1d,cross_USO_state_slope=downtrend + cross_TLT_state_ext=stretched_up + state_ext=neutral,long,auto_promoted_tradeable,rolling,20,5.0,"[""bull"", ""bear""]"
JD,1d,cross_USO_state_slope=downtrend + cross_TLT_state_ext=stretched_up + state_ext=stretched_down,long,auto_promoted_strict_candidate,rolling,20,3.9717732784327953,"[""bull"", ""neutral"", ""bear""]"
JPM,1d,state_volume=vol_normal + state_ext=stretched_up + state_slope=flat,long,auto_promoted_tradeable,rolling,20,4.704594153388625,"[""bull"", ""neutral"", ""bear""]"
KO,1d,cross_TLT_state_slope=flat + state_ext=stretched_down,long,auto_promoted_strict_candidate,rolling,20,3.4365057605059905,"[""bull"", ""neutral"", ""bear""]"
LNG,1d,cross_USO_state_slope=downtrend + cross_TLT_state_ext=neutral + state_ext=stretched_down,long,auto_promoted_tradeable,rolling,20,4.567327727922437,"[""bull"", ""neutral"", ""bear""]"
LNG,1d,state_volume=vol_surge + state_ext=stretched_down + state_slope=flat,long,auto_promoted_tradeable,rolling,20,4.428051867918293,"[""bull"", ""neutral"", ""bear""]"
LNG,1d,state_slope=flat + state_vol=low_vol,long,auto_promoted_tradeable,rolling,20,4.477659524097192,"[""bull"", ""neutral"", ""bear""]"
LRCX,1d,state_volume=vol_normal + state_ext=stretched_down,long,auto_promoted_strict_candidate,rolling,20,4.369885596724027,"[""bull"", ""neutral"", ""bear""]"
LRCX,1d,state_volume=vol_normal + state_ext=stretched_down + state_slope=downtrend,long,auto_promoted_strict_candidate,rolling,20,4.417949879747489,"[""bull"", ""neutral"", ""bear""]"
LRCX,1d,state_volume=vol_normal + state_slope=downtrend,long,auto_promoted_strict_candidate,rolling,20,4.302305157686064,"[""bull"", ""neutral"", ""bear""]"
LRCX,1d,cross_TLT_state_vol=low_vol + state_ext=neutral,long,auto_promoted_tradeable,rolling,20,4.511352689641328,"[""bull"", ""neutral"", ""bear""]"
MDT,1d,state_volume=vol_quiet + state_slope=flat,long,auto_promoted_strict_candidate,rolling,20,4.2467963078120246,"[""bull"", ""neutral"", ""bear""]"
META,1d,cross_TLT_state_slope=uptrend + state_ext=neutral,long,auto_promoted_tradeable,rolling,20,5.0,"[""bull"", ""neutral"", ""bear""]"
META,1d,state_slope=downtrend + state_vol=low_vol,long,auto_promoted_tradeable,rolling,20,4.682778182177254,[]
META,1d,cross_USO_state_slope=downtrend + cross_TLT_state_ext=stretched_up + state_ext=stretched_down,long,auto_promoted_tradeable,rolling,20,5.0,[]
MRK,1d,state_volume=vol_surge + state_ext=stretched_down + state_slope=flat,long,auto_promoted_tradeable,rolling,20,5.0,[]
NEE,1d,cross_USO_state_slope=downtrend + cross_TLT_state_slope=uptrend + state_ext=neutral,long,auto_promoted_strict_candidate,rolling,20,4.0392407164171145,"[""bull"", ""neutral""]"
NKE,1d,cross_USO_state_slope=downtrend + cross_TLT_state_ext=stretched_up + state_ext=stretched_down,long,auto_promoted_strict_candidate,rolling,20,5.0,"[""neutral"", ""bear""]"
NKE,1d,cross_USO_state_slope=downtrend + cross_TLT_state_slope=uptrend + state_ext=stretched_down,long,auto_promoted_strict_candidate,rolling,20,5.0,"[""neutral"", ""bear""]"
NKE,1d,cross_USO_state_ext=stretched_down + cross_TLT_state_slope=uptrend + state_ext=stretched_down,long,auto_promoted_tradeable,rolling,20,5.0,"[""neutral"", ""bear""]"
NOW,1d,cross_TLT_state_vol=high_vol + state_ext=stretched_down,long,auto_promoted_strict_candidate,rolling,20,4.421708218794006,"[""bull"", ""neutral"", ""bear""]"
NVDA,1d,state_gap_open=gap_open_flat + state_relvol=relvol_normal + state_ext=stretched_up,long,auto_promoted_strict_candidate,rolling,20,5.0,"[""bull"", ""neutral"", ""bear""]"
NVDA,1d,cross_USO_state_ext=stretched_down + state_ext=stretched_down,long,auto_promoted_strict_candidate,rolling,20,4.786455274901612,"[""bull"", ""neutral"", ""bear""]"
NVDA,1d,cross_USO_state_ext=stretched_down + cross_TLT_state_slope=uptrend + state_ext=stretched_down,long,auto_promoted_tradeable,rolling,20,3.859073862001005,[]
O,1d,cross_USO_state_ext=stretched_down + cross_TLT_state_slope=uptrend + state_ext=neutral,long,auto_promoted_tradeable,rolling,20,5.0,"[""neutral"", ""bear""]"
PANW,1d,cross_USO_state_ext=stretched_down + state_ext=neutral,long,auto_promoted_tradeable,rolling,20,5.0,"[""bull"", ""neutral"", ""bear""]"
PDD,1d,cross_USO_state_slope=downtrend + state_ext=stretched_up,long,auto_promoted_strict_candidate,rolling,20,4.157897853312046,"[""bull"", ""neutral"", ""bear""]"
PDD,1d,cross_USO_state_slope=downtrend + cross_TLT_state_slope=uptrend + state_ext=stretched_up,long,auto_promoted_tradeable,rolling,20,3.744113686193314,"[""bull"", ""neutral"", ""bear""]"
PLD,1d,cross_USO_state_slope=downtrend + cross_TLT_state_ext=stretched_up + state_ext=neutral,long,auto_promoted_strict_candidate,rolling,20,5.0,"[""bull"", ""neutral"", ""bear""]"
QQQ,1d,cross_USO_state_ext=neutral + state_ext=neutral,long,auto_promoted_tradeable,rolling,20,5.0,"[""bull"", ""neutral"", ""bear""]"
REGN,1d,cross_USO_state_ext=neutral + cross_TLT_state_slope=flat + state_ext=neutral,long,auto_promoted_strict_candidate,rolling,20,4.027631943780055,"[""bull"", ""neutral"", ""bear""]"
REGN,1d,cross_TLT_state_ext=stretched_up + state_ext=neutral,long,auto_promoted_tradeable,rolling,20,4.012166105714587,"[""bull"", ""neutral"", ""bear""]"
SHOP,1d,state_ext=stretched_down + state_ret_5=ret_flat,long,auto_promoted_tradeable,rolling,20,3.997157284896887,"[""bull"", ""neutral"", ""bear""]"
SHOP,1d,cross_TLT_state_slope=uptrend + state_slope=flat,long,auto_promoted_tradeable,rolling,20,4.264766857320554,"[""bull"", ""neutral"", ""bear""]"
SHW,1d,cross_USO_state_ext=stretched_down + state_ext=stretched_down,long,auto_promoted_strict_candidate,rolling,20,4.570418559815463,"[""bull"", ""neutral"", ""bear""]"
SLV,1d,cross_USO_state_slope=downtrend + cross_TLT_state_ext=stretched_up + state_ext=neutral,long,auto_promoted_strict_candidate,rolling,10,2.7621105667364603,"[""bull"", ""neutral"", ""bear""]"
SMH,1d,cross_TLT_state_ext=stretched_up + state_ext=neutral,long,auto_promoted_tradeable,rolling,20,5.0,"[""bull"", ""neutral"", ""bear""]"
SMH,1d,state_ext=stretched_up + state_ret_1=ret_down,long,auto_promoted_strict_candidate,rolling,20,5.0,"[""bull"", ""neutral""]"
SMH,1d,cross_USO_state_ext=stretched_down + state_ext=neutral,long,auto_promoted_tradeable,rolling,20,5.0,"[""bull"", ""neutral"", ""bear""]"
SO,1d,state_ext=neutral + state_slope=uptrend + state_vol=low_vol,long,auto_promoted_tradeable,rolling,20,5.0,"[""bull"", ""neutral""]"
TMO,1d,state_slope=flat + state_vol=low_vol,long,auto_promoted_strict_candidate,rolling,20,4.674585762850508,"[""bull"", ""neutral"", ""bear""]"
TMO,1d,state_volume=vol_surge + state_slope=flat,long,auto_promoted_tradeable,rolling,20,4.612392321184044,"[""bull"", ""neutral"", ""bear""]"
TSLA,1d,cross_USO_state_ext=stretched_down + cross_TLT_state_slope=downtrend + state_ext=stretched_down,long,auto_promoted_tradeable,rolling,20,3.021061173829137,"[""neutral"", ""bear""]"
TSM,1d,state_ext=neutral + state_ret_1=ret_down,long,auto_promoted_strict_candidate,rolling,20,4.818659360189739,"[""bull"", ""neutral"", ""bear""]"
UNP,1d,cross_USO_state_ext=stretched_up + cross_TLT_state_slope=uptrend + state_ext=stretched_down,long,auto_promoted_strict_candidate,rolling,20,3.1176012262145507,"[""bull"", ""neutral"", ""bear""]"
UPS,1d,cross_USO_state_ext=stretched_down + cross_TLT_state_slope=uptrend + state_ext=stretched_down,long,auto_promoted_tradeable,rolling,20,5.0,"[""bull"", ""bear""]"
VOO,1d,state_volume=vol_normal + state_ext=neutral + state_slope=uptrend,long,auto_promoted_tradeable,rolling,20,5.0,[]
VRTX,1d,cross_USO_state_ext=stretched_down + state_ext=stretched_down,long,auto_promoted_strict_candidate,rolling,20,4.1895225720986105,"[""bull"", ""neutral"", ""bear""]"
VRTX,1d,state_ext=stretched_down + state_ret_5=ret_down,long,auto_promoted_strict_candidate,rolling,20,4.204771560848381,"[""bull"", ""neutral"", ""bear""]"
VRTX,1d,state_ext=stretched_down + state_ret_1=ret_down,long,auto_promoted_tradeable,rolling,20,4.421641785032234,"[""bull"", ""neutral"", ""bear""]"
VT,1d,state_volume=vol_quiet + state_ext=stretched_up + state_slope=flat,long,auto_promoted_tradeable,rolling,20,4.533065317400245,[]
VWO,1d,cross_USO_state_slope=downtrend + cross_TLT_state_ext=stretched_up + state_ext=neutral,long,auto_promoted_tradeable,rolling,20,5.0,"[""bull"", ""neutral"", ""bear""]"
VZ,1d,cross_USO_state_slope=flat + cross_TLT_state_slope=flat + state_ext=stretched_down,long,auto_promoted_strict_candidate,rolling,20,3.554191341938671,"[""neutral"", ""bear""]"
WFC,1d,state_relvol=relvol_quiet + state_ext=stretched_down,long,auto_promoted_tradeable,rolling,10,2.972515730216546,"[""neutral"", ""bear""]"
WFC,1d,state_volume=vol_quiet + state_ext=stretched_down,long,auto_promoted_tradeable,rolling,10,2.972515730216546,"[""neutral"", ""bear""]"
WMT,1d,cross_USO_state_ext=neutral + state_ext=neutral,long,auto_promoted_tradeable,rolling,20,5.0,"[""bull"", ""neutral"", ""bear""]"
XEL,1d,cross_TLT_state_slope=uptrend + state_slope=flat,long,auto_promoted_strict_candidate,rolling,20,4.589431941973042,"[""bull"", ""neutral"", ""bear""]"
XEL,1d,cross_TLT_state_slope=uptrend + state_ext=neutral,long,auto_promoted_strict_candidate,rolling,20,4.6253645857968255,"[""bull"", ""neutral"", ""bear""]"
XEL,1d,cross_USO_state_slope=downtrend + cross_TLT_state_ext=stretched_up + state_ext=neutral,long,auto_promoted_strict_candidate,rolling,20,4.298442856585523,"[""bull"", ""neutral"", ""bear""]"
XEL,1d,cross_USO_state_slope=downtrend + state_ext=neutral,long,auto_promoted_tradeable,rolling,20,4.774219036672774,[]
XLB,1d,state_ext=stretched_down + state_slope=downtrend + state_vol=mid_vol,long,auto_promoted_strict_candidate,rolling,20,5.0,"[""bull"", ""neutral"", ""bear""]"
XLB,1d,cross_USO_state_slope=downtrend + cross_TLT_state_slope=uptrend + state_ext=stretched_down,long,auto_promoted_strict_candidate,rolling,20,5.0,"[""neutral"", ""bear""]"
XLB,1d,cross_USO_state_slope=downtrend + cross_TLT_state_ext=stretched_up + state_ext=stretched_down,long,auto_promoted_tradeable,rolling,20,5.0,"[""bull"", ""neutral"", ""bear""]"
XLC,1d,state_ext=stretched_down + state_vol=mid_vol,long,auto_promoted_tradeable,rolling,10,2.794298840118236,"[""bull"", ""neutral""]"
XLK,1d,cross_USO_state_ext=neutral + cross_TLT_state_slope=flat + state_ext=neutral,long,auto_promoted_tradeable,rolling,20,5.0,"[""bull"", ""neutral"", ""bear""]"
XLK,1d,cross_USO_state_ext=neutral + state_ext=neutral,long,auto_promoted_tradeable,rolling,20,5.0,[]
XLP,1d,state_volume=vol_surge + state_ext=stretched_down,long,auto_promoted_strict_candidate,rolling,20,5.0,"[""neutral""]"
XLP,1d,cross_USO_state_vol=mid_vol + state_ext=stretched_down,long,auto_promoted_tradeable,rolling,20,3.203095337377448,"[""neutral"", ""bear""]"
XLU,1d,cross_USO_state_slope=downtrend + cross_TLT_state_slope=uptrend + state_ext=neutral,long,auto_promoted_strict_candidate,rolling,20,4.809796299551663,"[""bull"", ""neutral"", ""bear""]"
XLV,1d,state_relvol=relvol_elevated + state_ext=stretched_down,long,auto_promoted_tradeable,rolling,20,5.0,"[""neutral"", ""bear""]"
XLV,1d,state_volume=vol_surge + state_ext=stretched_down,long,auto_promoted_tradeable,rolling,20,5.0,"[""bull"", ""neutral"", ""bear""]"
XLY,1d,state_ext=stretched_up + state_ret_5=ret_down,long,auto_promoted_tradeable,rolling,10,2.210648260158368,"[""bull"", ""neutral"", ""bear""]"
XLY,1d,state_volume=vol_quiet + state_ext=stretched_up + state_slope=flat,long,auto_promoted_tradeable,rolling,20,5.0,[]
XLY,1d,state_slope=flat + state_vol=low_vol,long,auto_promoted_tradeable,rolling,20,5.0,[]
XME,1d,cross_USO_state_slope=uptrend + state_slope=downtrend,long,auto_promoted_strict_candidate,rolling,20,4.129425225948502,"[""bull"", ""neutral"", ""bear""]"
XYZ,1d,state_volume=vol_quiet + state_slope=uptrend,long,auto_promoted_tradeable,rolling,20,5.0,"[""bull"", ""neutral"", ""bear""]"
XYZ,1d,state_volume=vol_quiet + state_ext=stretched_up + state_slope=uptrend,long,auto_promoted_tradeable,rolling,20,5.0,"[""bull"", ""neutral"", ""bear""]"
XYZ,1d,state_ext=stretched_down + state_slope=flat + state_vol=low_vol,long,auto_promoted_tradeable,rolling,5,1.5,"[""bull"", ""neutral"", ""bear""]"
XYZ,1d,cross_USO_state_slope=downtrend + state_slope=uptrend,long,auto_promoted_tradeable,rolling,20,4.034525048998946,"[""bull"", ""neutral"", ""bear""]"
XYZ,1d,cross_USO_state_slope=downtrend + cross_TLT_state_slope=uptrend + state_ext=stretched_up,long,auto_promoted_strict_candidate,rolling,20,5.0,"[""neutral"", ""bear""]"
XYZ,1d,cross_USO_state_ext=stretched_down + cross_TLT_state_slope=uptrend + state_ext=stretched_up,long,auto_promoted_tradeable,rolling,20,3.814390751825402,"[""bull"", ""neutral"", ""bear""]"
ABNB,1h,state_session=lunch + state_ext=neutral + state_slope=downtrend,long,auto_promoted_tradeable,rolling,20,5.0,"[""bear""]"
ACWI,1h,cross_TLT_state_slope=downtrend + state_ext=stretched_down,long,auto_promoted_tradeable,rolling,20,2.482806447288245,"[""neutral""]"
ADI,1h,cross_USO_state_ext=stretched_up + cross_TLT_state_slope=flat + state_ext=stretched_down,long,auto_promoted_tradeable,rolling,20,2.8485142051182115,"[""bull"", ""neutral""]"
AFRM,1h,cross_TLT_state_vol=high_vol + state_ext=neutral,long,auto_promoted_strict_candidate,rolling,5,2.0710548465651346,"[""bull"", ""neutral"", ""bear""]"
AFRM,1h,state_slope=downtrend + state_vol=mid_vol,long,auto_promoted_tradeable,rolling,10,3.1779031060979364,"[""bull"", ""neutral"", ""bear""]"
ARKG,1h,cross_USO_state_slope=flat + cross_TLT_state_slope=uptrend + state_ext=stretched_up,short,auto_promoted_tradeable,rolling,20,3.94938144142788,"[""bull"", ""neutral"", ""bear""]"
BITO,1h,cross_USO_state_slope=uptrend + cross_TLT_state_slope=downtrend + state_ext=stretched_down,long,auto_promoted_tradeable,rolling,10,2.3933174319929384,"[""bull"", ""neutral"", ""bear""]"
BITO,1h,cross_USO_state_ext=stretched_up + cross_TLT_state_slope=downtrend + state_ext=stretched_down,long,auto_promoted_tradeable,rolling,20,4.536890817931076,"[""bull"", ""neutral"", ""bear""]"
BITO,1h,cross_USO_state_ext=stretched_up + cross_TLT_state_slope=flat + state_ext=neutral,long,auto_promoted_tradeable,rolling,20,5.0,"[""bull"", ""neutral"", ""bear""]"
CL,1h,cross_TLT_state_slope=uptrend + state_ext=stretched_up,short,auto_promoted_tradeable,rolling,20,4.373702665099049,"[""bull"", ""neutral"", ""bear""]"
COST,1h,state_volume=vol_quiet + state_ext=neutral + state_slope=uptrend,short,auto_promoted_tradeable,rolling,20,5.0,"[""neutral"", ""bear""]"
CRWD,1h,state_session=morning + state_ext=stretched_up + state_slope=flat,long,auto_promoted_strict_candidate,rolling,20,5.0,"[""bull"", ""neutral"", ""bear""]"
CRWD,1h,cross_USO_state_vol=high_vol + state_ext=stretched_up,long,auto_promoted_tradeable,rolling,20,5.0,"[""bull"", ""neutral"", ""bear""]"
CVS,1h,cross_TLT_state_vol=low_vol + state_ext=stretched_up,long,auto_promoted_tradeable,rolling,20,4.281975323596657,"[""bull"", ""neutral"", ""bear""]"
DE,1h,state_session=morning + state_ext=neutral + state_slope=flat,short,auto_promoted_tradeable,rolling,3,2.150211962284151,"[""bull""]"
DIS,1h,cross_USO_state_ext=stretched_up + state_ext=stretched_down,long,auto_promoted_tradeable,rolling,20,2.846945640031252,"[""neutral"", ""bear""]"
DIS,1h,cross_USO_state_slope=uptrend + state_ext=stretched_down,long,auto_promoted_strict_candidate,rolling,20,2.6868418984629665,"[""neutral"", ""bear""]"
FBTC,1h,cross_USO_state_slope=uptrend + cross_TLT_state_slope=downtrend + state_ext=stretched_down,long,auto_promoted_tradeable,rolling,10,2.4649763955624726,"[""bull"", ""neutral"", ""bear""]"
FBTC,1h,cross_USO_state_ext=stretched_up + cross_TLT_state_slope=downtrend + state_ext=stretched_down,long,auto_promoted_tradeable,rolling,20,5.0,"[""bull"", ""neutral"", ""bear""]"
FBTC,1h,cross_USO_state_ext=stretched_up + cross_TLT_state_slope=flat + state_ext=neutral,long,auto_promoted_tradeable,rolling,20,5.0,"[""bull"", ""neutral"", ""bear""]"
FBTC,1h,state_relvol=relvol_quiet + state_ext=stretched_up,short,auto_promoted_tradeable,rolling,20,5.0,"[""neutral"", ""bear""]"
FBTC,1h,state_volume=vol_quiet + state_ext=stretched_up,short,auto_promoted_tradeable,rolling,20,5.0,"[""neutral"", ""bear""]"
FDX,1h,cross_USO_state_ext=stretched_up + cross_TLT_state_slope=flat + state_ext=stretched_down,long,auto_promoted_tradeable,rolling,20,2.3746613593061774,"[""bull"", ""neutral""]"
GILD,1h,cross_USO_state_slope=uptrend + cross_TLT_state_slope=downtrend + state_ext=stretched_down,long,auto_promoted_strict_candidate,rolling,20,2.855026852845908,"[""bull"", ""neutral""]"
GM,1h,state_volume=vol_surge + state_ext=stretched_down + state_slope=downtrend,long,auto_promoted_tradeable,rolling,20,3.3210975434200822,"[""bull"", ""neutral"", ""bear""]"
GME,1h,state_session=afternoon + state_slope=downtrend + state_vol=high_vol,long,auto_promoted_tradeable,rolling,20,2.406792583427147,"[""bull"", ""neutral"", ""bear""]"
HOOD,1h,state_session=afternoon + state_slope=downtrend + state_vol=mid_vol,long,auto_promoted_tradeable,rolling,20,4.394697050526203,"[""bull"", ""bear""]"
HUM,1h,cross_USO_state_slope=downtrend + cross_TLT_state_slope=flat + state_ext=stretched_up,long,auto_promoted_tradeable,rolling,20,3.892995739860444,"[""bull"", ""neutral""]"
HUM,1h,cross_TLT_state_slope=flat + state_ext=stretched_up,long,auto_promoted_tradeable,rolling,20,4.577342611154865,"[""bull"", ""neutral""]"
IBIT,1h,cross_USO_state_slope=uptrend + cross_TLT_state_slope=downtrend + state_ext=stretched_down,long,auto_promoted_tradeable,rolling,10,2.4271389917985693,"[""bull"", ""neutral"", ""bear""]"
IBIT,1h,cross_USO_state_ext=stretched_up + cross_TLT_state_slope=downtrend + state_ext=stretched_down,long,auto_promoted_tradeable,rolling,20,4.878280272797027,"[""bull"", ""neutral"", ""bear""]"
IBIT,1h,cross_USO_state_ext=stretched_up + cross_TLT_state_slope=flat + state_ext=neutral,long,auto_promoted_tradeable,rolling,20,5.0,"[""bull"", ""neutral"", ""bear""]"
ICE,1h,state_ext=stretched_up + state_ret_1=ret_down,long,auto_promoted_strict_candidate,rolling,10,2.979060353057399,"[""bull"", ""neutral"", ""bear""]"
ICE,1h,cross_TLT_state_slope=downtrend + state_ext=stretched_down,long,auto_promoted_tradeable,rolling,20,2.4722463566667576,"[""bull"", ""neutral"", ""bear""]"
ICE,1h,cross_USO_state_slope=downtrend + state_ext=stretched_up,long,auto_promoted_tradeable,rolling,20,3.847630913100138,"[""bull"", ""neutral"", ""bear""]"
LCID,1h,cross_USO_state_vol=mid_vol + state_ext=neutral,short,auto_promoted_strict_candidate,rolling,20,3.939654041795299,"[""bull"", ""neutral"", ""bear""]"
LLY,1h,state_ext=neutral + state_slope=downtrend + state_vol=low_vol,short,auto_promoted_tradeable,rolling,10,4.202816555372191,"[""bull"", ""neutral"", ""bear""]"
LOW,1h,cross_TLT_state_slope=uptrend + state_slope=flat,short,auto_promoted_strict_candidate,rolling,20,4.455980376496944,"[""bull"", ""neutral"", ""bear""]"
LOW,1h,cross_TLT_state_slope=uptrend + state_ext=neutral,short,auto_promoted_tradeable,rolling,20,5.0,"[""bull"", ""neutral"", ""bear""]"
LOW,1h,cross_USO_state_ext=neutral + cross_TLT_state_slope=uptrend + state_ext=neutral,short,auto_promoted_tradeable,rolling,20,5.0,"[""bull"", ""neutral"", ""bear""]"
LRCX,1h,state_ext=neutral + state_ret_1=ret_down,long,auto_promoted_tradeable,rolling,20,5.0,"[""bull"", ""neutral"", ""bear""]"
MDLZ,1h,cross_USO_state_ext=stretched_down + cross_TLT_state_slope=downtrend + state_ext=neutral,long,auto_promoted_tradeable,rolling,10,4.400069468078654,"[""bull"", ""neutral"", ""bear""]"
MDLZ,1h,cross_USO_state_slope=downtrend + cross_TLT_state_slope=downtrend + state_ext=neutral,long,auto_promoted_tradeable,rolling,10,3.991370971878181,"[""bull"", ""neutral"", ""bear""]"
MRK,1h,cross_USO_state_slope=uptrend + cross_TLT_state_slope=flat + state_ext=stretched_down,long,auto_promoted_tradeable,rolling,20,3.798769966630186,"[""bull"", ""neutral"", ""bear""]"
MS,1h,state_volume=vol_surge + state_slope=flat,long,auto_promoted_strict_candidate,rolling,20,5.0,"[""bull"", ""neutral""]"
MS,1h,state_ext=stretched_up + state_vol=low_vol,long,auto_promoted_tradeable,rolling,20,3.921196750072737,"[""bull""]"
NEE,1h,cross_USO_state_slope=downtrend + state_slope=uptrend,short,auto_promoted_tradeable,rolling,10,3.9064607132330975,"[""bull"", ""neutral"", ""bear""]"
OIH,1h,state_ext=neutral + state_slope=uptrend + state_vol=high_vol,long,auto_promoted_strict_candidate,rolling,20,3.894992016915987,"[""bull"", ""neutral"", ""bear""]"
OXY,1h,state_session=morning + state_slope=downtrend + state_vol=mid_vol,short,auto_promoted_tradeable,rolling,5,3.432513479375442,"[""bull"", ""bear""]"
PG,1h,cross_TLT_state_slope=uptrend + state_ext=stretched_up,short,auto_promoted_strict_candidate,rolling,20,2.936484820368511,"[""bull"", ""neutral""]"
PG,1h,cross_USO_state_slope=downtrend + cross_TLT_state_slope=uptrend + state_ext=stretched_up,short,auto_promoted_strict_candidate,rolling,20,3.011738734253395,"[""bull"", ""neutral""]"
PG,1h,cross_USO_state_slope=downtrend + state_ext=stretched_up,short,auto_promoted_tradeable,rolling,20,4.647748233487835,"[""bull"", ""neutral""]"
PG,1h,cross_USO_state_ext=stretched_down + cross_TLT_state_slope=uptrend + state_ext=stretched_up,short,auto_promoted_tradeable,rolling,20,2.256410696661894,"[""bull"", ""neutral""]"
PM,1h,state_ext=stretched_up + state_ret_1=ret_flat,long,auto_promoted_strict_candidate,rolling,10,3.661842466976075,"[""bull"", ""neutral"", ""bear""]"
PM,1h,cross_USO_state_ext=neutral + cross_TLT_state_slope=downtrend + state_ext=neutral,long,auto_promoted_strict_candidate,rolling,20,5.0,"[""bull"", ""neutral"", ""bear""]"
PM,1h,cross_USO_state_ext=stretched_down + cross_TLT_state_slope=downtrend + state_ext=neutral,long,auto_promoted_tradeable,rolling,20,3.540996918707921,"[""bull"", ""neutral""]"
RTX,1h,cross_USO_state_slope=downtrend + cross_TLT_state_slope=flat + state_ext=stretched_down,long,auto_promoted_tradeable,rolling,20,2.6547403282549413,"[""bull"", ""neutral""]"
SLV,1h,cross_USO_state_slope=downtrend + cross_TLT_state_slope=downtrend + state_ext=neutral,long,auto_promoted_strict_candidate,rolling,20,5.0,"[""bull"", ""neutral""]"
SOFI,1h,state_volume=vol_surge + state_slope=flat,short,auto_promoted_tradeable,rolling,5,2.411332959779096,"[""bull"", ""neutral"", ""bear""]"
SOFI,1h,state_ext=stretched_down + state_slope=downtrend + state_vol=high_vol,long,auto_promoted_strict_candidate,rolling,20,4.305498672599489,"[""bull"", ""neutral"", ""bear""]"
SOFI,1h,state_ext=stretched_down + state_vol=high_vol,long,auto_promoted_tradeable,rolling,20,4.772706243748781,"[""bull"", ""neutral"", ""bear""]"
SOXX,1h,state_session=lunch + state_volume=vol_surge,long,auto_promoted_tradeable,rolling,20,5.0,"[""bull"", ""neutral"", ""bear""]"
SOXX,1h,state_session=lunch + state_slope=uptrend + state_vol=low_vol,long,auto_promoted_tradeable,rolling,20,5.0,"[""bull""]"
SPG,1h,state_session=afternoon + state_vol=mid_vol,long,auto_promoted_tradeable,rolling,20,4.369082489626978,"[""bull"", ""neutral"", ""bear""]"
TGT,1h,state_volume=vol_surge + state_ext=stretched_down,long,auto_promoted_tradeable,rolling,20,3.573896517210013,"[""bull"", ""neutral"", ""bear""]"
TMO,1h,state_relvol=relvol_elevated + state_ext=stretched_down,long,auto_promoted_strict_candidate,rolling,5,2.230794111080468,"[""bull"", ""neutral"", ""bear""]"
TMO,1h,state_gap_open=gap_open_flat + state_relvol=relvol_elevated + state_ext=stretched_down,long,auto_promoted_strict_candidate,rolling,5,2.253559385808507,"[""bull"", ""neutral"", ""bear""]"
TSM,1h,state_volume=vol_surge + state_ext=stretched_down + state_slope=downtrend,long,auto_promoted_tradeable,rolling,20,4.345199584684665,"[""bull"", ""neutral"", ""bear""]"
UNG,1h,cross_USO_state_ext=neutral + cross_TLT_state_slope=flat + state_ext=stretched_up,short,auto_promoted_strict_candidate,rolling,20,5.0,"[""bull"", ""neutral"", ""bear""]"
VLO,1h,state_ext=stretched_down + state_ret_1=ret_down,long,auto_promoted_tradeable,rolling,20,4.630140358346368,"[""bull"", ""neutral"", ""bear""]"
VLO,1h,state_volume=vol_quiet + state_slope=downtrend,long,auto_promoted_tradeable,rolling,10,3.942163316589133,"[""bull"", ""neutral"", ""bear""]"
VT,1h,cross_TLT_state_slope=downtrend + state_ext=stretched_down,long,auto_promoted_tradeable,rolling,20,2.3519294923071463,"[""neutral""]"
XLC,1h,cross_TLT_state_slope=downtrend + state_ext=stretched_down,long,auto_promoted_tradeable,rolling,20,2.989085528132694,"[""bull"", ""neutral"", ""bear""]"
XLK,1h,state_session=afternoon + state_volume=vol_surge,long,auto_promoted_tradeable,rolling,20,5.0,"[""bull"", ""neutral"", ""bear""]"
XLP,1h,state_volume=vol_quiet + state_slope=uptrend,short,auto_promoted_tradeable,rolling,10,2.992173808560981,"[""bull"", ""neutral""]"
XLP,1h,state_volume=vol_quiet + state_ext=neutral + state_slope=uptrend,short,auto_promoted_tradeable,rolling,10,2.992173808560981,"[""bull"", ""neutral""]"
XLY,1h,state_ext=stretched_down + state_slope=downtrend,long,auto_promoted_strict_candidate,rolling,20,4.157125443185302,"[""bull"", ""neutral"", ""bear""]"
XLY,1h,state_ext=stretched_down + state_ret_1=ret_down,long,auto_promoted_tradeable,rolling,20,4.17386985286265,"[""bull"", ""neutral"", ""bear""]"
XLY,1h,state_ext=stretched_down + state_slope=downtrend + state_vol=high_vol,long,auto_promoted_tradeable,rolling,20,3.7675290701949047,"[""bull"", ""neutral"", ""bear""]"
XLY,1h,cross_TLT_state_ext=neutral + state_ext=stretched_down,long,auto_promoted_tradeable,rolling,20,4.287927707985597,"[""bull"", ""neutral"", ""bear""]"
XRT,1h,state_volume=vol_surge + state_ext=stretched_down,long,auto_promoted_tradeable,rolling,20,4.603886265951598,"[""bull"", ""neutral"", ""bear""]"
XRT,1h,state_relvol=relvol_elevated + state_ext=stretched_down,long,auto_promoted_tradeable,rolling,20,4.492323873552363,"[""bull"", ""neutral"", ""bear""]"
ABT,15m,state_ext=stretched_up + state_ret_1=ret_down,short,auto_promoted_tradeable,rolling,10,1.566984678380584,"[""neutral"", ""bear""]"
ABT,15m,cross_USO_state_vol=high_vol + state_ext=stretched_up,short,auto_promoted_tradeable,rolling,10,1.9102520555381528,"[""neutral""]"
ABT,15m,cross_TLT_state_vol=high_vol + state_ext=stretched_up,short,auto_promoted_tradeable,rolling,10,1.6969297248497974,"[""neutral"", ""bear""]"
ABT,15m,state_session=morning + state_ext=stretched_up + state_slope=uptrend,short,auto_promoted_tradeable,rolling,10,2.011627906976724,"[""bull"", ""neutral"", ""bear""]"
ABT,15m,state_volume=vol_surge + state_ext=stretched_up + state_slope=uptrend,short,auto_promoted_tradeable,rolling,10,1.7859337764307188,"[""bull"", ""neutral"", ""bear""]"
ABT,15m,state_session=morning + state_ext=stretched_up,short,auto_promoted_tradeable,rolling,10,2.0792862592383785,"[""bull"", ""neutral"", ""bear""]"
ABT,15m,state_ext=stretched_up + state_slope=uptrend,short,auto_promoted_tradeable,rolling,10,2.011627906976724,"[""bull"", ""neutral"", ""bear""]"
ABT,15m,state_ext=stretched_up + state_slope=uptrend + state_vol=high_vol,short,auto_promoted_tradeable,rolling,10,1.9989640845878365,"[""neutral"", ""bear""]"
ABT,15m,cross_USO_state_slope=uptrend + state_ext=stretched_up,short,auto_promoted_tradeable,rolling,10,1.630656010805002,"[""neutral""]"
ADBE,15m,cross_USO_state_ext=stretched_up + state_ext=stretched_up,long,auto_promoted_tradeable,rolling,10,2.1706167005655965,"[""neutral"", ""bear""]"
AMC,15m,cross_USO_state_slope=downtrend + state_ext=neutral,long,auto_promoted_tradeable,rolling,10,4.666666666666655,"[""bull"", ""neutral""]"
AMGN,15m,cross_USO_state_slope=flat + cross_TLT_state_slope=flat + state_ext=neutral,long,auto_promoted_tradeable,rolling,10,5.0,"[""bull"", ""neutral""]"
ARKG,15m,cross_USO_state_ext=neutral + cross_TLT_state_slope=downtrend + state_ext=stretched_up,short,auto_promoted_tradeable,rolling,20,2.77094861660079,"[""bull"", ""neutral""]"
AVGO,15m,state_volume=vol_surge + state_slope=downtrend,long,auto_promoted_tradeable,rolling,10,4.268838345293587,"[""bull"", ""neutral""]"
AVGO,15m,cross_TLT_state_slope=uptrend + state_ext=stretched_down,long,auto_promoted_tradeable,rolling,20,3.527527010011662,"[""bull"", ""neutral""]"
BITO,15m,state_session=afternoon + state_slope=uptrend + state_vol=mid_vol,short,auto_promoted_tradeable,rolling,20,5.0,"[""bull"", ""bear""]"
BSX,15m,state_session=afternoon + state_vol=high_vol,short,auto_promoted_tradeable,rolling,20,5.0,"[""bull"", ""neutral"", ""bear""]"
BSX,15m,state_session=afternoon + state_slope=flat + state_vol=high_vol,short,auto_promoted_tradeable,rolling,20,5.0,"[""bull"", ""bear""]"
CAT,15m,cross_USO_state_slope=downtrend + cross_TLT_state_slope=uptrend + state_ext=stretched_down,long,auto_promoted_tradeable,rolling,5,2.0929817605126155,"[""bull"", ""neutral""]"
CL,15m,cross_USO_state_ext=neutral + cross_TLT_state_slope=downtrend + state_ext=stretched_up,long,auto_promoted_tradeable,rolling,10,1.5732046532339532,"[""bull"", ""neutral""]"
CRM,15m,cross_USO_state_ext=stretched_down + state_ext=neutral,short,auto_promoted_tradeable,rolling,20,5.0,"[""bull"", ""bear""]"
ETN,15m,cross_USO_state_ext=stretched_down + cross_TLT_state_slope=uptrend + state_ext=stretched_down,long,auto_promoted_tradeable,rolling,10,1.5,"[""bull"", ""neutral""]"
GE,15m,cross_USO_state_ext=stretched_up + cross_TLT_state_slope=uptrend + state_ext=neutral,short,auto_promoted_strict_candidate,rolling,10,1.5,"[""bull"", ""neutral""]"
ISRG,15m,cross_USO_state_ext=stretched_up + cross_TLT_state_slope=flat + state_ext=stretched_down,short,auto_promoted_strict_candidate,rolling,20,2.415349835500544,"[""neutral"", ""bear""]"
ITA,15m,cross_USO_state_ext=stretched_up + cross_TLT_state_slope=uptrend + state_ext=neutral,short,auto_promoted_strict_candidate,rolling,10,1.5,"[""bull"", ""neutral""]"
ITA,15m,cross_USO_state_slope=uptrend + state_slope=flat,short,auto_promoted_tradeable,rolling,10,5.0,"[""bull"", ""neutral""]"
IYR,15m,state_session=morning + state_slope=flat + state_vol=low_vol,short,auto_promoted_tradeable,rolling,20,5.0,"[""bull"", ""neutral""]"
LCID,15m,cross_TLT_state_vol=low_vol + state_ext=stretched_down,short,auto_promoted_strict_candidate,rolling,20,5.0,"[""neutral"", ""bear""]"
MCD,15m,state_relvol=relvol_normal + state_ext=stretched_up,short,auto_promoted_tradeable,rolling,10,1.5,"[""bull"", ""neutral"", ""bear""]"
MDT,15m,cross_TLT_state_slope=uptrend + state_ext=stretched_up,short,auto_promoted_tradeable,rolling,10,1.5,"[""neutral""]"
MDT,15m,state_relvol=relvol_elevated + state_ext=stretched_up,short,auto_promoted_tradeable,rolling,10,1.5,"[""bull"", ""neutral"", ""bear""]"
MDT,15m,state_gap_open=gap_open_flat + state_relvol=relvol_elevated + state_ext=stretched_up,short,auto_promoted_tradeable,rolling,10,1.5,"[""bull"", ""neutral"", ""bear""]"
MDT,15m,state_session=lunch + state_slope=uptrend + state_vol=mid_vol,short,auto_promoted_tradeable,rolling,20,5.0,"[""neutral"", ""bear""]"
MPC,15m,state_session=morning + state_ext=stretched_down,long,auto_promoted_strict_candidate,rolling,20,4.592329132446054,"[""bull"", ""neutral""]"
MPC,15m,state_volume=vol_surge + state_ext=stretched_down,long,auto_promoted_tradeable,rolling,20,4.361538718783308,"[""bull"", ""neutral""]"
MPC,15m,state_volume=vol_surge + state_slope=downtrend,long,auto_promoted_tradeable,rolling,20,5.0,"[""bull"", ""neutral""]"
MSFT,15m,state_ext=stretched_up + state_ret_1=ret_down,long,auto_promoted_strict_candidate,rolling,20,3.503389346598916,"[""neutral"", ""bear""]"
PSX,15m,state_session=morning + state_ext=stretched_down,long,auto_promoted_strict_candidate,rolling,20,5.0,"[""bull""]"
PSX,15m,state_ext=stretched_down + state_ret_5=ret_down,long,auto_promoted_strict_candidate,rolling,20,4.820553346005686,"[""bull""]"
PSX,15m,state_ext=stretched_down + state_vol=high_vol,long,auto_promoted_tradeable,rolling,20,5.0,"[""bull""]"
PSX,15m,state_ext=stretched_down + state_ret_1=ret_down,long,auto_promoted_tradeable,rolling,20,4.927962645218879,"[""bull""]"
SBUX,15m,cross_USO_state_vol=mid_vol + state_ext=stretched_down,long,auto_promoted_tradeable,rolling,5,1.54604601482496,"[""bull"", ""neutral"", ""bear""]"
SHW,15m,cross_USO_state_ext=stretched_up + cross_TLT_state_slope=uptrend + state_ext=neutral,short,auto_promoted_tradeable,rolling,20,3.1207591964696264,"[""neutral"", ""bear""]"
SOXX,15m,cross_USO_state_ext=stretched_down + state_ext=stretched_up,long,auto_promoted_tradeable,rolling,20,3.3981207657505927,"[""bull"", ""neutral""]"
SOXX,15m,cross_USO_state_ext=stretched_down + cross_TLT_state_slope=uptrend + state_ext=stretched_up,long,auto_promoted_tradeable,rolling,20,3.1327924280797608,"[""bull"", ""neutral""]"
URA,15m,state_ext=stretched_up + state_slope=uptrend + state_vol=mid_vol,long,auto_promoted_strict_candidate,rolling,10,3.199015871841345,"[""bull"", ""neutral"", ""bear""]"
URA,15m,cross_TLT_state_slope=uptrend + state_ext=stretched_up,long,auto_promoted_tradeable,rolling,10,2.3649764971526768,"[""bull"", ""neutral"", ""bear""]"
URA,15m,cross_USO_state_slope=downtrend + cross_TLT_state_slope=uptrend + state_ext=stretched_up,long,auto_promoted_tradeable,rolling,10,2.4325714724703995,"[""bull"", ""neutral"", ""bear""]"
VLO,15m,state_session=morning + state_ext=stretched_down,long,auto_promoted_strict_candidate,rolling,20,3.385562967451788,"[""bull"", ""neutral""]"
VLO,15m,state_session=morning + state_ext=stretched_down + state_slope=downtrend,long,auto_promoted_strict_candidate,rolling,20,3.328518642918239,"[""bull"", ""neutral""]"
VLO,15m,state_ext=stretched_down + state_ret_5=ret_down,long,auto_promoted_strict_candidate,rolling,20,3.3457902545736173,"[""bull"", ""neutral""]"
VLO,15m,state_relvol=relvol_quiet + state_ext=stretched_down,long,auto_promoted_tradeable,rolling,20,2.9148812612245,"[""bull"", ""neutral""]"
VLO,15m,state_volume=vol_quiet + state_ext=stretched_down,long,auto_promoted_tradeable,rolling,20,2.9148812612245,"[""bull"", ""neutral""]"
VLO,15m,state_ext=stretched_down + state_slope=downtrend,long,auto_promoted_strict_candidate,rolling,20,3.328518642918239,"[""bull"", ""neutral""]"
VLO,15m,state_ext=stretched_down + state_slope=downtrend + state_vol=high_vol,long,auto_promoted_strict_candidate,rolling,20,3.371498101891851,"[""bull"", ""neutral""]"
VLO,15m,state_ext=stretched_down + state_vol=high_vol,long,auto_promoted_tradeable,rolling,20,3.4198063456275567,"[""bull"", ""neutral""]"
VLO,15m,cross_USO_state_ext=neutral + cross_TLT_state_slope=downtrend + state_ext=stretched_down,long,auto_promoted_tradeable,rolling,20,2.392979451555225,"[""bull""]"
VLO,15m,cross_USO_state_slope=downtrend + state_ext=stretched_down,long,auto_promoted_tradeable,rolling,20,3.5405934919970634,"[""bull"", ""neutral""]"
VLO,15m,cross_TLT_state_vol=mid_vol + state_ext=stretched_down,long,auto_promoted_tradeable,rolling,20,3.033878985244865,"[""bull"", ""neutral""]"
VLO,15m,state_ext=stretched_down + state_ret_1=ret_down,long,auto_promoted_tradeable,rolling,20,3.331017671112702,"[""bull"", ""neutral""]"
VLO,15m,cross_USO_state_vol=high_vol + state_ext=stretched_down,long,auto_promoted_tradeable,rolling,20,3.391345886134522,"[""bull"", ""neutral""]"
VLO,15m,cross_USO_state_ext=neutral + state_ext=stretched_down,long,auto_promoted_tradeable,rolling,20,3.035141249464051,"[""bull""]"
XLRE,15m,state_session=morning + state_slope=flat + state_vol=low_vol,short,auto_promoted_tradeable,rolling,20,5.0,"[""bull"", ""neutral""]"
XLV,15m,state_ext=stretched_up + state_slope=uptrend,short,auto_promoted_tradeable,rolling,10,2.2695991611394644,"[""bull"", ""neutral""]"
