order_id,symbol,qty,side,order_type,stop_price,time_in_force,status,submitted_at,action,timestamp_utc,broker_status,filled_qty,filled_avg_price,filled_at,reconciled_at_utc,error,avg_entry_price,current_price,limit_price,slice_label,entry_bar_ts,timeframe,bin_mode,client_order_id,prior_order_id,exit_horizon,stop_atr_mult
a559b969-4fc0-415d-9361-1170a7f86efd,ETN,2.0,sell,stop,364.07,gtc,canceled,2026-07-16 15:39:00.626418+00:00,protective_stop_submit,2026-07-16T15:39:00.667129+00:00,canceled,0.0,,,2026-07-16T19:38:00.698458+00:00,,,,,,,,,,,,
8c672cc4-6e8f-4124-b461-c4aad7b63191,ETN,2.0,sell,stop,350.57,gtc,canceled,2026-07-17 13:37:24.854608+00:00,protective_stop_submit,2026-07-17T13:37:24.867376+00:00,canceled,0.0,,,2026-07-17T17:37:46.225765+00:00,,,,,,,,,,,,
,ETN,,close,,,,rejected,,exit,2026-07-17T16:53:10.862318+00:00,,,,,,"{""code"":40410000,""message"":""position not found: ETN""}",,,,,,,,,,,
,DOT/USD,598.0,sell,limit,,,rejected,,entry,2026-07-19T06:56:37.486641+00:00,,,,,,"{""code"":42210000,""message"":""invalid crypto time_in_force""}",,,0.8359609842300415,cross_ETH/USD_state_slope=uptrend + state_slope=flat,2026-07-18 00:00:00+00:00,1d,rolling,price-crypto-DOT-USD-1d-sell-f219da45,,,
,DOT/USD,598.0,sell,limit,,,rejected,,entry,2026-07-19T07:53:41.641720+00:00,,,,,,"{""code"":42210000,""message"":""invalid crypto time_in_force""}",,,0.8359609842300415,cross_ETH/USD_state_slope=uptrend + state_slope=flat,2026-07-18 00:00:00+00:00,1d,rolling,price-crypto-DOT-USD-1d-sell-f219da45,,,
,DOT/USD,598.0,sell,limit,,,rejected,,entry,2026-07-19T08:49:32.465506+00:00,,,,,,"{""code"":42210000,""message"":""invalid crypto time_in_force""}",,,0.8359609842300415,cross_ETH/USD_state_slope=uptrend + state_slope=flat,2026-07-18 00:00:00+00:00,1d,rolling,price-crypto-DOT-USD-1d-sell-f219da45,,,
,DOT/USD,598.0,sell,limit,,,rejected,,entry,2026-07-19T09:48:40.584411+00:00,,,,,,"{""code"":42210000,""message"":""invalid crypto time_in_force""}",,,0.8359609842300415,cross_ETH/USD_state_slope=uptrend + state_slope=flat,2026-07-18 00:00:00+00:00,1d,rolling,price-crypto-DOT-USD-1d-sell-f219da45,,,
,DOT/USD,598.0,sell,limit,,,rejected,,entry,2026-07-19T10:49:58.928637+00:00,,,,,,"{""code"":42210000,""message"":""invalid crypto time_in_force""}",,,0.8359609842300415,cross_ETH/USD_state_slope=uptrend + state_slope=flat,2026-07-18 00:00:00+00:00,1d,rolling,price-crypto-DOT-USD-1d-sell-f219da45,,,
,DOT/USD,598.0,sell,limit,,,rejected,,entry,2026-07-19T11:50:05.017787+00:00,,,,,,"{""code"":42210000,""message"":""invalid crypto time_in_force""}",,,0.8359609842300415,cross_ETH/USD_state_slope=uptrend + state_slope=flat,2026-07-18 00:00:00+00:00,1d,rolling,price-crypto-DOT-USD-1d-sell-f219da45,,,
,DOT/USD,598.0,sell,limit,,,rejected,,entry,2026-07-19T12:56:10.308818+00:00,,,,,,"{""code"":42210000,""message"":""invalid crypto time_in_force""}",,,0.8359609842300415,cross_ETH/USD_state_slope=uptrend + state_slope=flat,2026-07-18 00:00:00+00:00,1d,rolling,price-crypto-DOT-USD-1d-sell-f219da45,,,
,DOT/USD,598.0,sell,limit,,,rejected,,entry,2026-07-19T13:49:54.260604+00:00,,,,,,"{""code"":42210000,""message"":""invalid crypto time_in_force""}",,,0.8359609842300415,cross_ETH/USD_state_slope=uptrend + state_slope=flat,2026-07-18 00:00:00+00:00,1d,rolling,price-crypto-DOT-USD-1d-sell-f219da45,,,
,DOT/USD,598.0,sell,limit,,,rejected,,entry,2026-07-19T14:53:53.806194+00:00,,,,,,"{""code"":42210000,""message"":""invalid crypto time_in_force""}",,,0.8359609842300415,cross_ETH/USD_state_slope=uptrend + state_slope=flat,2026-07-18 00:00:00+00:00,1d,rolling,price-crypto-DOT-USD-1d-sell-f219da45,,,
,DOT/USD,598.0,sell,limit,,,rejected,,entry,2026-07-19T15:49:46.166148+00:00,,,,,,"{""code"":42210000,""message"":""invalid crypto time_in_force""}",,,0.8359609842300415,cross_ETH/USD_state_slope=uptrend + state_slope=flat,2026-07-18 00:00:00+00:00,1d,rolling,price-crypto-DOT-USD-1d-sell-f219da45,,,
,DOT/USD,598.0,sell,limit,,,rejected,,entry,2026-07-19T16:54:47.237542+00:00,,,,,,"{""code"":42210000,""message"":""invalid crypto time_in_force""}",,,0.8359609842300415,cross_ETH/USD_state_slope=uptrend + state_slope=flat,2026-07-18 00:00:00+00:00,1d,rolling,price-crypto-DOT-USD-1d-sell-f219da45,,,
,DOT/USD,598.0,sell,limit,,,rejected,,entry,2026-07-19T17:50:44.491805+00:00,,,,,,"{""code"":42210000,""message"":""invalid crypto time_in_force""}",,,0.8359609842300415,cross_ETH/USD_state_slope=uptrend + state_slope=flat,2026-07-18 00:00:00+00:00,1d,rolling,price-crypto-DOT-USD-1d-sell-f219da45,,,
,DOT/USD,598.0,sell,limit,,,rejected,,entry,2026-07-19T18:50:12.902690+00:00,,,,,,"{""code"":42210000,""message"":""invalid crypto time_in_force""}",,,0.8359609842300415,cross_ETH/USD_state_slope=uptrend + state_slope=flat,2026-07-18 00:00:00+00:00,1d,rolling,price-crypto-DOT-USD-1d-sell-f219da45,,,
,DOT/USD,598.0,sell,limit,,,rejected,,entry,2026-07-19T19:54:18.787721+00:00,,,,,,"{""code"":42210000,""message"":""invalid crypto time_in_force""}",,,0.8359609842300415,cross_ETH/USD_state_slope=uptrend + state_slope=flat,2026-07-18 00:00:00+00:00,1d,rolling,price-crypto-DOT-USD-1d-sell-f219da45,,,
,DOT/USD,598.0,sell,limit,,,rejected,,entry,2026-07-19T20:49:37.793537+00:00,,,,,,"{""code"":42210000,""message"":""invalid crypto time_in_force""}",,,0.8359609842300415,cross_ETH/USD_state_slope=uptrend + state_slope=flat,2026-07-18 00:00:00+00:00,1d,rolling,price-crypto-DOT-USD-1d-sell-f219da45,,,
,DOT/USD,598.0,sell,limit,,,rejected,,entry,2026-07-19T21:50:19.625904+00:00,,,,,,"{""code"":42210000,""message"":""invalid crypto time_in_force""}",,,0.8359609842300415,cross_ETH/USD_state_slope=uptrend + state_slope=flat,2026-07-18 00:00:00+00:00,1d,rolling,price-crypto-DOT-USD-1d-sell-f219da45,,,
,DOT/USD,598.0,sell,limit,,,rejected,,entry,2026-07-19T22:49:28.647718+00:00,,,,,,"{""code"":42210000,""message"":""invalid crypto time_in_force""}",,,0.8359609842300415,cross_ETH/USD_state_slope=uptrend + state_slope=flat,2026-07-18 00:00:00+00:00,1d,rolling,price-crypto-DOT-USD-1d-sell-f219da45,,,
,DOT/USD,598.0,sell,limit,,,rejected,,entry,2026-07-19T23:55:46.561922+00:00,,,,,,"{""code"":42210000,""message"":""invalid crypto time_in_force""}",,,0.8359609842300415,cross_ETH/USD_state_slope=uptrend + state_slope=flat,2026-07-18 00:00:00+00:00,1d,rolling,price-crypto-DOT-USD-1d-sell-f219da45,,,
,DOT/USD,598.0,sell,limit,,,rejected,,entry,2026-07-20T00:49:55.242181+00:00,,,,,,"{""code"":42210000,""message"":""invalid crypto time_in_force""}",,,0.8359609842300415,cross_ETH/USD_state_slope=uptrend + state_slope=flat,2026-07-18 00:00:00+00:00,1d,rolling,price-crypto-DOT-USD-1d-sell-f219da45,,,
,DOT/USD,598.0,sell,limit,,,rejected,,entry,2026-07-20T03:22:41.836726+00:00,,,,,,"{""code"":42210000,""message"":""invalid crypto time_in_force""}",,,0.8359609842300415,cross_ETH/USD_state_slope=uptrend + state_slope=flat,2026-07-18 00:00:00+00:00,1d,rolling,price-crypto-DOT-USD-1d-sell-f219da45,,,
,DOT/USD,598.0,sell,limit,,,rejected,,entry,2026-07-20T03:48:55.414955+00:00,,,,,,"{""code"":42210000,""message"":""invalid crypto time_in_force""}",,,0.8359609842300415,cross_ETH/USD_state_slope=uptrend + state_slope=flat,2026-07-18 00:00:00+00:00,1d,rolling,price-crypto-DOT-USD-1d-sell-f219da45,,,
,DOT/USD,598.0,sell,limit,,,rejected,,entry,2026-07-20T04:47:28.623721+00:00,,,,,,"{""code"":42210000,""message"":""invalid crypto time_in_force""}",,,0.8359609842300415,cross_ETH/USD_state_slope=uptrend + state_slope=flat,2026-07-18 00:00:00+00:00,1d,rolling,price-crypto-DOT-USD-1d-sell-f219da45,,,
,DOT/USD,598.0,sell,limit,,,rejected,,entry,2026-07-20T05:47:49.807421+00:00,,,,,,"{""code"":42210000,""message"":""invalid crypto time_in_force""}",,,0.8359609842300415,cross_ETH/USD_state_slope=uptrend + state_slope=flat,2026-07-18 00:00:00+00:00,1d,rolling,price-crypto-DOT-USD-1d-sell-f219da45,,,
,DOT/USD,611.0,sell,limit,,,rejected,,entry,2026-07-20T06:47:46.048691+00:00,,,,,,"{""code"":42210000,""message"":""invalid crypto time_in_force""}",,,0.8182129859924316,cross_ETH/USD_state_slope=uptrend + state_slope=flat,2026-07-19 00:00:00+00:00,1d,rolling,price-crypto-DOT-USD-1d-sell-b5ce22fb,,,
,DOT/USD,611.0,sell,limit,,,rejected,,entry,2026-07-20T07:55:41.031798+00:00,,,,,,"{""code"":42210000,""message"":""invalid crypto time_in_force""}",,,0.8182129859924316,cross_ETH/USD_state_slope=uptrend + state_slope=flat,2026-07-19 00:00:00+00:00,1d,rolling,price-crypto-DOT-USD-1d-sell-b5ce22fb,,,
,DOT/USD,611.0,sell,limit,,,rejected,,entry,2026-07-20T08:49:16.037532+00:00,,,,,,"{""code"":42210000,""message"":""invalid crypto time_in_force""}",,,0.8182129859924316,cross_ETH/USD_state_slope=uptrend + state_slope=flat,2026-07-19 00:00:00+00:00,1d,rolling,price-crypto-DOT-USD-1d-sell-b5ce22fb,,,
,DOT/USD,611.0,sell,limit,,,rejected,,entry,2026-07-20T09:48:14.360453+00:00,,,,,,"{""code"":42210000,""message"":""invalid crypto time_in_force""}",,,0.8182129859924316,cross_ETH/USD_state_slope=uptrend + state_slope=flat,2026-07-19 00:00:00+00:00,1d,rolling,price-crypto-DOT-USD-1d-sell-b5ce22fb,,,
,DOT/USD,611.0,sell,limit,,,rejected,,entry,2026-07-20T10:52:56.502160+00:00,,,,,,"{""code"":42210000,""message"":""invalid crypto time_in_force""}",,,0.8182129859924316,cross_ETH/USD_state_slope=uptrend + state_slope=flat,2026-07-19 00:00:00+00:00,1d,rolling,price-crypto-DOT-USD-1d-sell-b5ce22fb,,,
,DOT/USD,611.0,sell,limit,,,rejected,,entry,2026-07-20T11:48:42.489449+00:00,,,,,,"{""code"":42210000,""message"":""invalid crypto time_in_force""}",,,0.8182129859924316,cross_ETH/USD_state_slope=uptrend + state_slope=flat,2026-07-19 00:00:00+00:00,1d,rolling,price-crypto-DOT-USD-1d-sell-b5ce22fb,,,
,DOT/USD,611.0,sell,limit,,,rejected,,entry,2026-07-20T12:49:36.322357+00:00,,,,,,"{""code"":42210000,""message"":""invalid crypto time_in_force""}",,,0.8182129859924316,cross_ETH/USD_state_slope=uptrend + state_slope=flat,2026-07-19 00:00:00+00:00,1d,rolling,price-crypto-DOT-USD-1d-sell-b5ce22fb,,,
,DOT/USD,611.0,sell,limit,,,rejected,,entry,2026-07-20T13:51:59.404014+00:00,,,,,,"{""code"":42210000,""message"":""invalid crypto time_in_force""}",,,0.8182129859924316,cross_ETH/USD_state_slope=uptrend + state_slope=flat,2026-07-19 00:00:00+00:00,1d,rolling,price-crypto-DOT-USD-1d-sell-b5ce22fb,,,
7cf0083d-ce55-48ed-b525-7527b4cd8aa5,AMC,480.0,buy,stop,2.48,gtc,canceled,2026-07-20 14:37:14.584438+00:00,protective_stop_submit,2026-07-20T14:37:14.590481+00:00,canceled,0.0,,,2026-07-20T15:37:14.011080+00:00,,,,,,,,,,,,
dc3b853a-226a-4ae7-9353-07c91aa4b976,HUM,2.0,sell,stop,370.51,gtc,canceled,2026-07-20 14:37:14.698972+00:00,protective_stop_submit,2026-07-20T14:37:14.710031+00:00,canceled,0.0,,,2026-07-20T15:37:14.011080+00:00,,,,,,,,,,,,
,AMC,,close,,,,rejected,,exit,2026-07-20T14:52:48.076964+00:00,,,,,,"{""code"":40410000,""message"":""position not found: AMC""}",,,,,,,,,,,
,DOT/USD,611.0,sell,limit,,,rejected,,entry,2026-07-20T15:51:37.372590+00:00,,,,,,"{""code"":42210000,""message"":""invalid crypto time_in_force""}",,,0.8182129859924316,cross_ETH/USD_state_slope=uptrend + state_slope=flat,2026-07-19 00:00:00+00:00,1d,rolling,price-crypto-DOT-USD-1d-sell-b5ce22fb,,,
,DOT/USD,611.0,sell,limit,,,rejected,,entry,2026-07-20T16:52:27.792276+00:00,,,,,,"{""code"":42210000,""message"":""invalid crypto time_in_force""}",,,0.8182129859924316,cross_ETH/USD_state_slope=uptrend + state_slope=flat,2026-07-19 00:00:00+00:00,1d,rolling,price-crypto-DOT-USD-1d-sell-b5ce22fb,,,
,DOT/USD,611.0,sell,limit,,,rejected,,entry,2026-07-20T17:53:33.476304+00:00,,,,,,"{""code"":42210000,""message"":""invalid crypto time_in_force""}",,,0.8182129859924316,cross_ETH/USD_state_slope=uptrend + state_slope=flat,2026-07-19 00:00:00+00:00,1d,rolling,price-crypto-DOT-USD-1d-sell-b5ce22fb,,,
,DOT/USD,611.0,sell,limit,,,rejected,,entry,2026-07-20T18:52:24.908405+00:00,,,,,,"{""code"":42210000,""message"":""invalid crypto time_in_force""}",,,0.8182129859924316,cross_ETH/USD_state_slope=uptrend + state_slope=flat,2026-07-19 00:00:00+00:00,1d,rolling,price-crypto-DOT-USD-1d-sell-b5ce22fb,,,
,DOT/USD,611.0,sell,limit,,,rejected,,entry,2026-07-20T20:52:24.297144+00:00,,,,,,"{""code"":42210000,""message"":""invalid crypto time_in_force""}",,,0.8182129859924316,cross_ETH/USD_state_slope=uptrend + state_slope=flat,2026-07-19 00:00:00+00:00,1d,rolling,price-crypto-DOT-USD-1d-sell-b5ce22fb,,,
,DOT/USD,611.0,sell,limit,,,rejected,,entry,2026-07-20T21:50:47.765927+00:00,,,,,,"{""code"":42210000,""message"":""invalid crypto time_in_force""}",,,0.8182129859924316,cross_ETH/USD_state_slope=uptrend + state_slope=flat,2026-07-19 00:00:00+00:00,1d,rolling,price-crypto-DOT-USD-1d-sell-b5ce22fb,,,
,DOT/USD,611.0,sell,limit,,,rejected,,entry,2026-07-20T22:56:47.624377+00:00,,,,,,"{""code"":42210000,""message"":""invalid crypto time_in_force""}",,,0.8182129859924316,cross_ETH/USD_state_slope=uptrend + state_slope=flat,2026-07-19 00:00:00+00:00,1d,rolling,price-crypto-DOT-USD-1d-sell-b5ce22fb,,,
,DOT/USD,611.0,sell,limit,,,rejected,,entry,2026-07-20T23:46:47.648686+00:00,,,,,,"{""code"":42210000,""message"":""invalid crypto time_in_force""}",,,0.8182129859924316,cross_ETH/USD_state_slope=uptrend + state_slope=flat,2026-07-19 00:00:00+00:00,1d,rolling,price-crypto-DOT-USD-1d-sell-b5ce22fb,,,
,DOT/USD,611.0,sell,limit,,,rejected,,entry,2026-07-21T00:49:42.722033+00:00,,,,,,"{""code"":42210000,""message"":""invalid crypto time_in_force""}",,,0.8182129859924316,cross_ETH/USD_state_slope=uptrend + state_slope=flat,2026-07-19 00:00:00+00:00,1d,rolling,price-crypto-DOT-USD-1d-sell-b5ce22fb,,,
,DOT/USD,611.0,sell,limit,,,rejected,,entry,2026-07-21T01:53:46.712405+00:00,,,,,,"{""code"":42210000,""message"":""invalid crypto time_in_force""}",,,0.8182129859924316,cross_ETH/USD_state_slope=uptrend + state_slope=flat,2026-07-19 00:00:00+00:00,1d,rolling,price-crypto-DOT-USD-1d-sell-b5ce22fb,,,
,DOT/USD,611.0,sell,limit,,,rejected,,entry,2026-07-21T04:51:51.967187+00:00,,,,,,"{""code"":42210000,""message"":""invalid crypto time_in_force""}",,,0.8182129859924316,cross_ETH/USD_state_slope=uptrend + state_slope=flat,2026-07-19 00:00:00+00:00,1d,rolling,price-crypto-DOT-USD-1d-sell-b5ce22fb,,,
,DOT/USD,611.0,sell,limit,,,rejected,,entry,2026-07-21T05:49:16.909509+00:00,,,,,,"{""code"":42210000,""message"":""invalid crypto time_in_force""}",,,0.8182129859924316,cross_ETH/USD_state_slope=uptrend + state_slope=flat,2026-07-19 00:00:00+00:00,1d,rolling,price-crypto-DOT-USD-1d-sell-b5ce22fb,,,
,DOT/USD,605.0,sell,limit,,,rejected,,entry,2026-07-21T06:53:12.962044+00:00,,,,,,"{""code"":42210000,""message"":""invalid crypto time_in_force""}",,,0.8261420130729675,cross_ETH/USD_state_slope=uptrend + state_slope=flat,2026-07-20 00:00:00+00:00,1d,rolling,price-crypto-DOT-USD-1d-sell-f51fb6d3,,,
,DOT/USD,605.0,sell,limit,,,rejected,,entry,2026-07-21T07:50:58.668446+00:00,,,,,,"{""code"":42210000,""message"":""invalid crypto time_in_force""}",,,0.8261420130729675,cross_ETH/USD_state_slope=uptrend + state_slope=flat,2026-07-20 00:00:00+00:00,1d,rolling,price-crypto-DOT-USD-1d-sell-f51fb6d3,,,
,DOT/USD,605.0,sell,limit,,,rejected,,entry,2026-07-21T08:50:43.081437+00:00,,,,,,"{""code"":42210000,""message"":""invalid crypto time_in_force""}",,,0.8261420130729675,cross_ETH/USD_state_slope=uptrend + state_slope=flat,2026-07-20 00:00:00+00:00,1d,rolling,price-crypto-DOT-USD-1d-sell-f51fb6d3,,,
,DOT/USD,605.0,sell,limit,,,rejected,,entry,2026-07-21T09:53:54.612842+00:00,,,,,,"{""code"":42210000,""message"":""invalid crypto time_in_force""}",,,0.8261420130729675,cross_ETH/USD_state_slope=uptrend + state_slope=flat,2026-07-20 00:00:00+00:00,1d,rolling,price-crypto-DOT-USD-1d-sell-f51fb6d3,,,
,DOT/USD,605.0,sell,limit,,,rejected,,entry,2026-07-21T10:51:19.657908+00:00,,,,,,"{""code"":42210000,""message"":""invalid crypto time_in_force""}",,,0.8261420130729675,cross_ETH/USD_state_slope=uptrend + state_slope=flat,2026-07-20 00:00:00+00:00,1d,rolling,price-crypto-DOT-USD-1d-sell-f51fb6d3,,,
,DOT/USD,605.0,sell,limit,,,rejected,,entry,2026-07-21T11:55:51.623922+00:00,,,,,,"{""code"":42210000,""message"":""invalid crypto time_in_force""}",,,0.8261420130729675,cross_ETH/USD_state_slope=uptrend + state_slope=flat,2026-07-20 00:00:00+00:00,1d,rolling,price-crypto-DOT-USD-1d-sell-f51fb6d3,,,
,DOT/USD,605.0,sell,limit,,,rejected,,entry,2026-07-21T12:50:10.866354+00:00,,,,,,"{""code"":42210000,""message"":""invalid crypto time_in_force""}",,,0.8261420130729675,cross_ETH/USD_state_slope=uptrend + state_slope=flat,2026-07-20 00:00:00+00:00,1d,rolling,price-crypto-DOT-USD-1d-sell-f51fb6d3,,,
3eb7e7fc-eef5-4ce0-8a57-878ac2f2b0a6,AMT,5.0,sell,stop,159.12,gtc,canceled,2026-07-21 13:37:35.621573+00:00,protective_stop_submit,2026-07-21T13:37:35.644238+00:00,canceled,0.0,,,2026-07-21T17:38:23.391477+00:00,,,,,,,,,,,,
1e0fcf20-e23f-4c49-934e-ebaeb3a45b96,SBUX,10.0,sell,stop,98.9,gtc,canceled,2026-07-21 13:37:35.930421+00:00,protective_stop_submit,2026-07-21T13:37:35.964820+00:00,canceled,0.0,,,2026-07-27T13:36:00.560258+00:00,,,,,,,,,,,,
4802122d-9f06-46f1-9143-8a9d01155909,XBI,15.0,sell,stop,142.39,gtc,canceled,2026-07-21 13:37:36.216342+00:00,protective_stop_submit,2026-07-21T13:37:36.242510+00:00,canceled,0.0,,,2026-07-21T14:38:34.472897+00:00,,,,,,,,,,,,
,XBI,,close,,,,rejected,,exit,2026-07-21T13:52:38.767020+00:00,,,,,,"{""code"":40410000,""message"":""position not found: XBI""}",,,,,,,,,,,
bfc8ad17-8605-466f-9a6b-3061bbc6f3e5,BITO,101.0,buy,stop,9.55,gtc,canceled,2026-07-21 14:38:38.771506+00:00,protective_stop_submit,2026-07-21T14:38:38.821141+00:00,canceled,0.0,,,2026-07-21T15:39:18.986081+00:00,,,,,,,,,,,,
365eda78-69ec-469a-92da-996771f79f1f,GOLD,23.0,sell,stop,35.39,gtc,canceled,2026-07-21 14:38:39.023860+00:00,protective_stop_submit,2026-07-21T14:38:39.124168+00:00,canceled,0.0,,,2026-07-21T15:39:18.986081+00:00,,,,,,,,,,,,
81ca8e8a-3628-4b45-9192-5349f0cf0e59,HUM,2.0,sell,stop,372.04,gtc,canceled,2026-07-21 14:38:39.436212+00:00,protective_stop_submit,2026-07-21T14:38:39.472793+00:00,canceled,0.0,,,2026-07-21T15:39:18.986081+00:00,,,,,,,,,,,,
,BITO,,close,,,,rejected,,exit,2026-07-21T14:54:42.953522+00:00,,,,,,"{""code"":40410000,""message"":""position not found: BITO""}",,,,,,,,,,,
,GOLD,,close,,,,rejected,,exit,2026-07-21T14:54:43.400514+00:00,,,,,,"{""code"":40410000,""message"":""position not found: GOLD""}",,,,,,,,,,,
aa257db4-2c1c-45e6-a189-c0c7db967642,AMT,5.0,sell,stop,156.74,gtc,canceled,2026-07-21 18:39:11.308014+00:00,protective_stop_submit,2026-07-21T18:39:11.313482+00:00,canceled,0.0,,,2026-07-22T15:38:24.660191+00:00,,,,,,,,,,,,
81c81fcf-51d5-459f-bfd6-31471045cd65,,,,,,,canceled,,order_cancel,2026-07-22T08:51:47.491076+00:00,canceled,0.0,,,2026-07-22T09:38:25.630767+00:00,,,,,,,,,,,,
4649a9ac-1e54-409d-840b-dc6edb995bba,KLAC,9.0,close,,,,canceled,2026-07-22 08:51:48.715718+00:00,exit,2026-07-22T08:51:48.724806+00:00,canceled,0.0,,,2026-07-22T10:38:30.937049+00:00,,217.15,211.31,,,,,,,,,
c5913a11-4422-49ee-b5d9-6a64cbf7c29f,,,,,,,canceled,,order_cancel,2026-07-22T09:53:04.300100+00:00,canceled,0.0,,,2026-07-22T10:38:30.937049+00:00,,,,,,,,,,,,
4f0b7f14-cc40-4367-8601-69b47fafbb29,KLAC,9.0,close,,,,canceled,2026-07-22 09:53:06.049647+00:00,exit,2026-07-22T09:53:06.047714+00:00,canceled,0.0,,,2026-07-22T11:38:22.807350+00:00,,217.15,211.02,,,,,,,,,
faa4a139-3ae4-43da-be90-d290228bd1f9,,,,,,,canceled,,order_cancel,2026-07-22T10:54:11.667467+00:00,canceled,0.0,,,2026-07-22T11:38:22.807350+00:00,,,,,,,,,,,,
e7550c3d-04da-4879-8b66-6ae2c89bbc7c,KLAC,9.0,close,,,,canceled,2026-07-22 10:54:12.570477+00:00,exit,2026-07-22T10:54:12.573616+00:00,canceled,0.0,,,2026-07-22T12:39:25.732424+00:00,,217.15,211.74,,,,,,,,,
44b64c6d-348b-47ef-9859-3554e1c880ff,,,,,,,canceled,,order_cancel,2026-07-22T11:50:34.299059+00:00,canceled,0.0,,,2026-07-22T12:39:25.732424+00:00,,,,,,,,,,,,
faed1d3c-36c9-47c8-b39e-32ff591cca43,KLAC,9.0,close,,,,canceled,2026-07-22 11:50:35.652297+00:00,exit,2026-07-22T11:50:35.650233+00:00,canceled,0.0,,,2026-07-22T13:38:29.199559+00:00,,217.15,210.07,,,,,,,,,
9ea1725e-5127-4053-9c20-519e47273dc0,,,,,,,canceled,,order_cancel,2026-07-22T12:50:22.291130+00:00,canceled,0.0,,,2026-07-22T13:38:29.199559+00:00,,,,,,,,,,,,
7852991c-47be-470f-b337-0b90e6a0de16,KLAC,9.0,close,,,,canceled,2026-07-22 12:50:23.440517+00:00,exit,2026-07-22T12:50:23.479789+00:00,canceled,0.0,,,2026-07-22T13:38:29.199559+00:00,,217.15,208.1727,,,,,,,,,
3e3b0b15-f5a1-45af-96fd-151ffc889c26,AMAT,3.0,sell,stop,461.12,gtc,canceled,2026-07-22 13:38:35.351400+00:00,protective_stop_submit,2026-07-22T13:38:35.363206+00:00,canceled,0.0,,,2026-07-27T14:36:02.659384+00:00,,,,,,,,,,,,
7f041b50-06bd-42bf-97a6-e474edf2478c,AVGO,2.0,sell,stop,349.71,gtc,canceled,2026-07-22 13:38:35.475014+00:00,protective_stop_submit,2026-07-22T13:38:35.482906+00:00,canceled,0.0,,,2026-07-22T14:39:31.554658+00:00,,,,,,,,,,,,
e5f3a7b7-11c6-41ba-a115-456f6983528b,CVS,8.0,sell,stop,104.59,gtc,canceled,2026-07-22 13:38:35.583327+00:00,protective_stop_submit,2026-07-22T13:38:35.589439+00:00,canceled,0.0,,,2026-07-22T15:38:24.660191+00:00,,,,,,,,,,,,
ba6ab4cb-b0a8-4437-aef1-2f9d1a2a6be3,JPM,3.0,sell,stop,329.13,gtc,canceled,2026-07-22 13:38:35.698110+00:00,protective_stop_submit,2026-07-22T13:38:35.705944+00:00,canceled,0.0,,,2026-07-22T14:39:31.554658+00:00,,,,,,,,,,,,
,AVGO,,close,,,,rejected,,exit,2026-07-22T13:54:10.354924+00:00,,,,,,"{""code"":40410000,""message"":""position not found: AVGO""}",,,,,,,,,,,
,JPM,,close,,,,rejected,,exit,2026-07-22T13:54:10.799138+00:00,,,,,,"{""code"":40410000,""message"":""position not found: JPM""}",,,,,,,,,,,
,,,,,174.82,,rejected,,protective_stop_replace,2026-07-22T14:39:45.701638+00:00,,,,,,"{""code"":42210000,""message"":""order is not open""}",,,,,,,,,63cf7840-4e16-421e-98a2-24c67ddb6e3b,,
,SPG,,close,,,,rejected,,exit,2026-07-22T14:51:54.014465+00:00,,,,,,"{""code"":40410000,""message"":""position not found: SPG""}",,,,,,,,,,,
,,,,,174.82,,rejected,,protective_stop_replace,2026-07-22T15:38:29.593111+00:00,,,,,,"{""code"":42210000,""message"":""order is not open""}",,,,,,,,,63cf7840-4e16-421e-98a2-24c67ddb6e3b,,
a606b9b7-9397-4414-a55f-eb61fb9c25f2,AMT,5.0,sell,stop,158.73,gtc,canceled,2026-07-22 16:39:31.820091+00:00,protective_stop_submit,2026-07-22T16:39:31.861363+00:00,canceled,0.0,,,2026-07-22T19:38:27.555090+00:00,,,,,,,,,,,,
,,,,,174.82,,rejected,,protective_stop_replace,2026-07-22T16:39:32.099034+00:00,,,,,,"{""code"":42210000,""message"":""order is not open""}",,,,,,,,,63cf7840-4e16-421e-98a2-24c67ddb6e3b,,
,,,,,174.82,,rejected,,protective_stop_replace,2026-07-22T17:38:52.371399+00:00,,,,,,"{""code"":42210000,""message"":""order is not open""}",,,,,,,,,63cf7840-4e16-421e-98a2-24c67ddb6e3b,,
,,,,,174.82,,rejected,,protective_stop_replace,2026-07-22T18:38:21.364061+00:00,,,,,,"{""code"":42210000,""message"":""order is not open""}",,,,,,,,,63cf7840-4e16-421e-98a2-24c67ddb6e3b,,
,,,,,174.82,,rejected,,protective_stop_replace,2026-07-22T19:38:30.680542+00:00,,,,,,"{""code"":42210000,""message"":""order is not open""}",,,,,,,,,63cf7840-4e16-421e-98a2-24c67ddb6e3b,,
,,,,,174.82,,rejected,,protective_stop_replace,2026-07-22T20:37:56.361187+00:00,,,,,,"{""code"":42210000,""message"":""order is not open""}",,,,,,,,,63cf7840-4e16-421e-98a2-24c67ddb6e3b,,
,,,,,174.82,,rejected,,protective_stop_replace,2026-07-22T21:39:30.944852+00:00,,,,,,"{""code"":42210000,""message"":""order is not open""}",,,,,,,,,63cf7840-4e16-421e-98a2-24c67ddb6e3b,,
,,,,,174.82,,rejected,,protective_stop_replace,2026-07-22T22:38:53.543156+00:00,,,,,,"{""code"":42210000,""message"":""order is not open""}",,,,,,,,,63cf7840-4e16-421e-98a2-24c67ddb6e3b,,
,,,,,174.82,,rejected,,protective_stop_replace,2026-07-22T23:39:31.171314+00:00,,,,,,"{""code"":42210000,""message"":""order is not open""}",,,,,,,,,63cf7840-4e16-421e-98a2-24c67ddb6e3b,,
,,,,,174.82,,rejected,,protective_stop_replace,2026-07-23T00:38:10.997350+00:00,,,,,,"{""code"":42210000,""message"":""order is not open""}",,,,,,,,,63cf7840-4e16-421e-98a2-24c67ddb6e3b,,
,,,,,174.82,,rejected,,protective_stop_replace,2026-07-23T01:39:29.505575+00:00,,,,,,"{""code"":42210000,""message"":""order is not open""}",,,,,,,,,63cf7840-4e16-421e-98a2-24c67ddb6e3b,,
,,,,,174.82,,rejected,,protective_stop_replace,2026-07-23T02:38:27.740401+00:00,,,,,,"{""code"":42210000,""message"":""order is not open""}",,,,,,,,,63cf7840-4e16-421e-98a2-24c67ddb6e3b,,
,,,,,174.82,,rejected,,protective_stop_replace,2026-07-23T03:38:24.041946+00:00,,,,,,"{""code"":42210000,""message"":""order is not open""}",,,,,,,,,63cf7840-4e16-421e-98a2-24c67ddb6e3b,,
,,,,,174.82,,rejected,,protective_stop_replace,2026-07-23T04:39:31.752834+00:00,,,,,,"{""code"":42210000,""message"":""order is not open""}",,,,,,,,,63cf7840-4e16-421e-98a2-24c67ddb6e3b,,
,,,,,174.82,,rejected,,protective_stop_replace,2026-07-23T05:39:31.638452+00:00,,,,,,"{""code"":42210000,""message"":""order is not open""}",,,,,,,,,63cf7840-4e16-421e-98a2-24c67ddb6e3b,,
,,,,,174.82,,rejected,,protective_stop_replace,2026-07-23T06:37:58.207949+00:00,,,,,,"{""code"":42210000,""message"":""order is not open""}",,,,,,,,,63cf7840-4e16-421e-98a2-24c67ddb6e3b,,
,,,,,174.82,,rejected,,protective_stop_replace,2026-07-23T07:39:14.598270+00:00,,,,,,"{""code"":40410000,""message"":""order not found""}",,,,,,,,,63cf7840-4e16-421e-98a2-24c67ddb6e3b,,
,,,,,174.82,,rejected,,protective_stop_replace,2026-07-23T08:38:34.112443+00:00,,,,,,"{""code"":40410000,""message"":""order not found""}",,,,,,,,,63cf7840-4e16-421e-98a2-24c67ddb6e3b,,
,,,,,174.82,,rejected,,protective_stop_replace,2026-07-23T09:38:28.686319+00:00,,,,,,"{""code"":40410000,""message"":""order not found""}",,,,,,,,,63cf7840-4e16-421e-98a2-24c67ddb6e3b,,
,,,,,174.82,,rejected,,protective_stop_replace,2026-07-23T10:37:57.730078+00:00,,,,,,"{""code"":40410000,""message"":""order not found""}",,,,,,,,,63cf7840-4e16-421e-98a2-24c67ddb6e3b,,
,,,,,174.82,,rejected,,protective_stop_replace,2026-07-23T11:38:27.453045+00:00,,,,,,"{""code"":40410000,""message"":""order not found""}",,,,,,,,,63cf7840-4e16-421e-98a2-24c67ddb6e3b,,
,,,,,174.82,,rejected,,protective_stop_replace,2026-07-23T12:38:10.110790+00:00,,,,,,"{""code"":40410000,""message"":""order not found""}",,,,,,,,,63cf7840-4e16-421e-98a2-24c67ddb6e3b,,
3acbf170-5bdc-44ff-8b1e-c5a083524c21,AVGO,2.0,sell,stop,360.13,gtc,canceled,2026-07-23 13:38:56.996706+00:00,protective_stop_submit,2026-07-23T13:38:57.012279+00:00,canceled,0.0,,,2026-07-23T14:39:24.158062+00:00,,,,,,,,,,,,
c35b43fe-7407-47ea-ad3b-47bcc454d7b0,JPM,3.0,sell,stop,331.44,gtc,canceled,2026-07-23 13:38:57.170040+00:00,protective_stop_submit,2026-07-23T13:38:57.178089+00:00,canceled,0.0,,,2026-07-27T13:36:00.560258+00:00,,,,,,,,,,,,
,,,,,174.82,,rejected,,protective_stop_replace,2026-07-23T13:38:57.238203+00:00,,,,,,"{""code"":40410000,""message"":""order not found""}",,,,,,,,,63cf7840-4e16-421e-98a2-24c67ddb6e3b,,
2463b90b-bbd8-4f7a-be84-447bb46d40d4,SPG,5.0,sell,stop,217.23,gtc,canceled,2026-07-23 13:38:57.407948+00:00,protective_stop_submit,2026-07-23T13:38:57.417420+00:00,canceled,0.0,,,2026-07-27T08:36:15.552836+00:00,,,,,,,,,,,,
6ee5cc05-4da8-41ed-99dc-30495b5d7c7d,XBI,15.0,sell,stop,140.76,gtc,canceled,2026-07-23 13:38:57.583295+00:00,protective_stop_submit,2026-07-23T13:38:57.594112+00:00,canceled,0.0,,,2026-07-23T14:39:24.158062+00:00,,,,,,,,,,,,
,AVGO,,close,,,,rejected,,exit,2026-07-23T13:54:07.700178+00:00,,,,,,"{""code"":40410000,""message"":""position not found: AVGO""}",,,,,,,,,,,
,XBI,,close,,,,rejected,,exit,2026-07-23T13:54:07.951604+00:00,,,,,,"{""code"":40410000,""message"":""position not found: XBI""}",,,,,,,,,,,
,,,,,174.82,,rejected,,protective_stop_replace,2026-07-23T14:39:38.180998+00:00,,,,,,"{""code"":40410000,""message"":""order not found""}",,,,,,,,,63cf7840-4e16-421e-98a2-24c67ddb6e3b,,
,,,,,174.82,,rejected,,protective_stop_replace,2026-07-23T15:38:09.245796+00:00,,,,,,"{""code"":40410000,""message"":""order not found""}",,,,,,,,,63cf7840-4e16-421e-98a2-24c67ddb6e3b,,
,,,,,174.82,,rejected,,protective_stop_replace,2026-07-23T16:38:31.852339+00:00,,,,,,"{""code"":40410000,""message"":""order not found""}",,,,,,,,,63cf7840-4e16-421e-98a2-24c67ddb6e3b,,
,,,,,174.82,,rejected,,protective_stop_replace,2026-07-23T17:38:12.665918+00:00,,,,,,"{""code"":40410000,""message"":""order not found""}",,,,,,,,,63cf7840-4e16-421e-98a2-24c67ddb6e3b,,
,,,,,174.82,,rejected,,protective_stop_replace,2026-07-23T18:39:19.677525+00:00,,,,,,"{""code"":40410000,""message"":""order not found""}",,,,,,,,,63cf7840-4e16-421e-98a2-24c67ddb6e3b,,
,,,,,174.82,,rejected,,protective_stop_replace,2026-07-23T19:38:10.111969+00:00,,,,,,"{""code"":40410000,""message"":""order not found""}",,,,,,,,,63cf7840-4e16-421e-98a2-24c67ddb6e3b,,
,,,,,174.82,,rejected,,protective_stop_replace,2026-07-23T20:39:15.453843+00:00,,,,,,"{""code"":40410000,""message"":""order not found""}",,,,,,,,,63cf7840-4e16-421e-98a2-24c67ddb6e3b,,
,,,,,174.82,,rejected,,protective_stop_replace,2026-07-23T21:39:28.566702+00:00,,,,,,"{""code"":40410000,""message"":""order not found""}",,,,,,,,,63cf7840-4e16-421e-98a2-24c67ddb6e3b,,
,,,,,174.82,,rejected,,protective_stop_replace,2026-07-23T22:38:33.449013+00:00,,,,,,"{""code"":40410000,""message"":""order not found""}",,,,,,,,,63cf7840-4e16-421e-98a2-24c67ddb6e3b,,
,,,,,174.82,,rejected,,protective_stop_replace,2026-07-23T23:39:44.193173+00:00,,,,,,"{""code"":40410000,""message"":""order not found""}",,,,,,,,,63cf7840-4e16-421e-98a2-24c67ddb6e3b,,
,,,,,174.82,,rejected,,protective_stop_replace,2026-07-24T00:39:41.756637+00:00,,,,,,"{""code"":40410000,""message"":""order not found""}",,,,,,,,,63cf7840-4e16-421e-98a2-24c67ddb6e3b,,
,,,,,174.82,,rejected,,protective_stop_replace,2026-07-24T01:38:26.098032+00:00,,,,,,"{""code"":40410000,""message"":""order not found""}",,,,,,,,,63cf7840-4e16-421e-98a2-24c67ddb6e3b,,
,,,,,174.82,,rejected,,protective_stop_replace,2026-07-24T02:38:29.022902+00:00,,,,,,"{""code"":40410000,""message"":""order not found""}",,,,,,,,,63cf7840-4e16-421e-98a2-24c67ddb6e3b,,
,,,,,174.82,,rejected,,protective_stop_replace,2026-07-24T03:39:12.206063+00:00,,,,,,"{""code"":40410000,""message"":""order not found""}",,,,,,,,,63cf7840-4e16-421e-98a2-24c67ddb6e3b,,
,,,,,174.82,,rejected,,protective_stop_replace,2026-07-24T04:38:26.747175+00:00,,,,,,"{""code"":40410000,""message"":""order not found""}",,,,,,,,,63cf7840-4e16-421e-98a2-24c67ddb6e3b,,
,,,,,174.82,,rejected,,protective_stop_replace,2026-07-24T05:39:37.530900+00:00,,,,,,"{""code"":40410000,""message"":""order not found""}",,,,,,,,,63cf7840-4e16-421e-98a2-24c67ddb6e3b,,
,,,,,174.82,,rejected,,protective_stop_replace,2026-07-24T06:38:07.803692+00:00,,,,,,"{""code"":40410000,""message"":""order not found""}",,,,,,,,,63cf7840-4e16-421e-98a2-24c67ddb6e3b,,
,,,,,174.82,,rejected,,protective_stop_replace,2026-07-24T07:38:30.606867+00:00,,,,,,"{""code"":40410000,""message"":""order not found""}",,,,,,,,,63cf7840-4e16-421e-98a2-24c67ddb6e3b,,
,,,,,174.82,,rejected,,protective_stop_replace,2026-07-24T08:39:14.367158+00:00,,,,,,"{""code"":40410000,""message"":""order not found""}",,,,,,,,,63cf7840-4e16-421e-98a2-24c67ddb6e3b,,
,,,,,174.82,,rejected,,protective_stop_replace,2026-07-24T09:39:21.091971+00:00,,,,,,"{""code"":40410000,""message"":""order not found""}",,,,,,,,,63cf7840-4e16-421e-98a2-24c67ddb6e3b,,
,,,,,174.82,,rejected,,protective_stop_replace,2026-07-24T10:38:20.535719+00:00,,,,,,"{""code"":40410000,""message"":""order not found""}",,,,,,,,,63cf7840-4e16-421e-98a2-24c67ddb6e3b,,
,,,,,174.82,,rejected,,protective_stop_replace,2026-07-24T11:38:07.832324+00:00,,,,,,"{""code"":40410000,""message"":""order not found""}",,,,,,,,,63cf7840-4e16-421e-98a2-24c67ddb6e3b,,
,,,,,174.82,,rejected,,protective_stop_replace,2026-07-24T12:39:40.421971+00:00,,,,,,"{""code"":40410000,""message"":""order not found""}",,,,,,,,,63cf7840-4e16-421e-98a2-24c67ddb6e3b,,
,,,,,174.82,,rejected,,protective_stop_replace,2026-07-24T13:38:20.622612+00:00,,,,,,"{""code"":40410000,""message"":""order not found""}",,,,,,,,,63cf7840-4e16-421e-98a2-24c67ddb6e3b,,
,,,,,174.82,,rejected,,protective_stop_replace,2026-07-24T14:39:13.587834+00:00,,,,,,"{""code"":40410000,""message"":""order not found""}",,,,,,,,,63cf7840-4e16-421e-98a2-24c67ddb6e3b,,
e8f782d7-e30d-41dd-8db7-20db2d9654a8,XBI,15.0,sell,stop,142.37,gtc,canceled,2026-07-24 14:39:13.726973+00:00,protective_stop_submit,2026-07-24T14:39:13.736474+00:00,canceled,0.0,,,2026-07-27T13:36:00.560258+00:00,,,,,,,,,,,,
,,,,,174.82,,rejected,,protective_stop_replace,2026-07-24T15:38:20.833684+00:00,,,,,,"{""code"":40410000,""message"":""order not found""}",,,,,,,,,63cf7840-4e16-421e-98a2-24c67ddb6e3b,,
,,,,,174.82,,rejected,,protective_stop_replace,2026-07-24T16:39:13.456503+00:00,,,,,,"{""code"":40410000,""message"":""order not found""}",,,,,,,,,63cf7840-4e16-421e-98a2-24c67ddb6e3b,,
,,,,,174.82,,rejected,,protective_stop_replace,2026-07-24T17:39:39.103290+00:00,,,,,,"{""code"":40410000,""message"":""order not found""}",,,,,,,,,63cf7840-4e16-421e-98a2-24c67ddb6e3b,,
,,,,,174.82,,rejected,,protective_stop_replace,2026-07-24T18:39:22.445123+00:00,,,,,,"{""code"":40410000,""message"":""order not found""}",,,,,,,,,63cf7840-4e16-421e-98a2-24c67ddb6e3b,,
,,,,,174.82,,rejected,,protective_stop_replace,2026-07-24T19:38:31.744517+00:00,,,,,,"{""code"":40410000,""message"":""order not found""}",,,,,,,,,63cf7840-4e16-421e-98a2-24c67ddb6e3b,,
,,,,,174.82,,rejected,,protective_stop_replace,2026-07-24T20:39:41.422976+00:00,,,,,,"{""code"":40410000,""message"":""order not found""}",,,,,,,,,63cf7840-4e16-421e-98a2-24c67ddb6e3b,,
,,,,,174.82,,rejected,,protective_stop_replace,2026-07-24T21:38:31.676221+00:00,,,,,,"{""code"":40410000,""message"":""order not found""}",,,,,,,,,63cf7840-4e16-421e-98a2-24c67ddb6e3b,,
,,,,,174.82,,rejected,,protective_stop_replace,2026-07-24T22:38:22.579901+00:00,,,,,,"{""code"":40410000,""message"":""order not found""}",,,,,,,,,63cf7840-4e16-421e-98a2-24c67ddb6e3b,,
,,,,,174.82,,rejected,,protective_stop_replace,2026-07-24T23:38:37.370759+00:00,,,,,,"{""code"":40410000,""message"":""order not found""}",,,,,,,,,63cf7840-4e16-421e-98a2-24c67ddb6e3b,,
,,,,,174.82,,rejected,,protective_stop_replace,2026-07-25T00:38:04.563897+00:00,,,,,,"{""code"":40410000,""message"":""order not found""}",,,,,,,,,63cf7840-4e16-421e-98a2-24c67ddb6e3b,,
,,,,,174.82,,rejected,,protective_stop_replace,2026-07-25T01:38:25.807431+00:00,,,,,,"{""code"":40410000,""message"":""order not found""}",,,,,,,,,63cf7840-4e16-421e-98a2-24c67ddb6e3b,,
,,,,,174.82,,rejected,,protective_stop_replace,2026-07-25T02:39:19.478097+00:00,,,,,,"{""code"":40410000,""message"":""order not found""}",,,,,,,,,63cf7840-4e16-421e-98a2-24c67ddb6e3b,,
,,,,,174.82,,rejected,,protective_stop_replace,2026-07-25T03:39:31.121225+00:00,,,,,,"{""code"":40410000,""message"":""order not found""}",,,,,,,,,63cf7840-4e16-421e-98a2-24c67ddb6e3b,,
,,,,,174.82,,rejected,,protective_stop_replace,2026-07-25T04:39:25.424681+00:00,,,,,,"{""code"":40410000,""message"":""order not found""}",,,,,,,,,63cf7840-4e16-421e-98a2-24c67ddb6e3b,,
,,,,,174.82,,rejected,,protective_stop_replace,2026-07-25T05:39:01.983635+00:00,,,,,,"{""code"":40410000,""message"":""order not found""}",,,,,,,,,63cf7840-4e16-421e-98a2-24c67ddb6e3b,,
,,,,,174.82,,rejected,,protective_stop_replace,2026-07-25T06:38:07.966316+00:00,,,,,,"{""code"":40410000,""message"":""order not found""}",,,,,,,,,63cf7840-4e16-421e-98a2-24c67ddb6e3b,,
,,,,,174.82,,rejected,,protective_stop_replace,2026-07-25T07:39:30.089906+00:00,,,,,,"{""code"":40410000,""message"":""order not found""}",,,,,,,,,63cf7840-4e16-421e-98a2-24c67ddb6e3b,,
,,,,,174.82,,rejected,,protective_stop_replace,2026-07-25T08:38:57.176925+00:00,,,,,,"{""code"":40410000,""message"":""order not found""}",,,,,,,,,63cf7840-4e16-421e-98a2-24c67ddb6e3b,,
,,,,,174.82,,rejected,,protective_stop_replace,2026-07-25T09:39:45.673991+00:00,,,,,,"{""code"":40410000,""message"":""order not found""}",,,,,,,,,63cf7840-4e16-421e-98a2-24c67ddb6e3b,,
,,,,,174.82,,rejected,,protective_stop_replace,2026-07-25T10:38:03.946246+00:00,,,,,,"{""code"":40410000,""message"":""order not found""}",,,,,,,,,63cf7840-4e16-421e-98a2-24c67ddb6e3b,,
,,,,,174.82,,rejected,,protective_stop_replace,2026-07-25T11:39:20.703948+00:00,,,,,,"{""code"":40410000,""message"":""order not found""}",,,,,,,,,63cf7840-4e16-421e-98a2-24c67ddb6e3b,,
,,,,,174.82,,rejected,,protective_stop_replace,2026-07-25T12:38:11.170090+00:00,,,,,,"{""code"":40410000,""message"":""order not found""}",,,,,,,,,63cf7840-4e16-421e-98a2-24c67ddb6e3b,,
,,,,,174.82,,rejected,,protective_stop_replace,2026-07-25T13:39:31.280468+00:00,,,,,,"{""code"":40410000,""message"":""order not found""}",,,,,,,,,63cf7840-4e16-421e-98a2-24c67ddb6e3b,,
,,,,,174.82,,rejected,,protective_stop_replace,2026-07-25T14:38:40.476692+00:00,,,,,,"{""code"":40410000,""message"":""order not found""}",,,,,,,,,63cf7840-4e16-421e-98a2-24c67ddb6e3b,,
,,,,,174.82,,rejected,,protective_stop_replace,2026-07-25T15:38:44.694879+00:00,,,,,,"{""code"":40410000,""message"":""order not found""}",,,,,,,,,63cf7840-4e16-421e-98a2-24c67ddb6e3b,,
,,,,,174.82,,rejected,,protective_stop_replace,2026-07-25T16:39:35.820232+00:00,,,,,,"{""code"":40410000,""message"":""order not found""}",,,,,,,,,63cf7840-4e16-421e-98a2-24c67ddb6e3b,,
,,,,,174.82,,rejected,,protective_stop_replace,2026-07-25T17:39:40.475172+00:00,,,,,,"{""code"":40410000,""message"":""order not found""}",,,,,,,,,63cf7840-4e16-421e-98a2-24c67ddb6e3b,,
,,,,,174.82,,rejected,,protective_stop_replace,2026-07-25T18:39:38.338069+00:00,,,,,,"{""code"":40410000,""message"":""order not found""}",,,,,,,,,63cf7840-4e16-421e-98a2-24c67ddb6e3b,,
,,,,,174.82,,rejected,,protective_stop_replace,2026-07-25T19:39:21.819553+00:00,,,,,,"{""code"":40410000,""message"":""order not found""}",,,,,,,,,63cf7840-4e16-421e-98a2-24c67ddb6e3b,,
,,,,,174.82,,rejected,,protective_stop_replace,2026-07-25T20:39:32.724223+00:00,,,,,,"{""code"":40410000,""message"":""order not found""}",,,,,,,,,63cf7840-4e16-421e-98a2-24c67ddb6e3b,,
,,,,,174.82,,rejected,,protective_stop_replace,2026-07-25T21:38:06.631854+00:00,,,,,,"{""code"":40410000,""message"":""order not found""}",,,,,,,,,63cf7840-4e16-421e-98a2-24c67ddb6e3b,,
,,,,,174.82,,rejected,,protective_stop_replace,2026-07-25T23:13:54.946622+00:00,,,,,,"{""code"":40410000,""message"":""order not found""}",,,,,,,,,63cf7840-4e16-421e-98a2-24c67ddb6e3b,,
2463b90b-bbd8-4f7a-be84-447bb46d40d4,,,,,,,canceled,,order_cancel,2026-07-25T23:29:35.633082+00:00,canceled,0.0,,,2026-07-27T08:36:15.552836+00:00,,,,,,,,,,,,
,SPG,5.0,close,,,,rejected,,exit,2026-07-25T23:29:39.413769+00:00,,,,,,"{""available"":""0"",""code"":40310000,""existing_qty"":""5"",""held_for_orders"":""5"",""message"":""insufficient qty available for order (requested: 5, available: 0)"",""symbol"":""SPG""}",226.186,229.78,,,,,,,,,
,,,,,174.82,,rejected,,protective_stop_replace,2026-07-26T00:15:27.914577+00:00,,,,,,"{""code"":40410000,""message"":""order not found""}",,,,,,,,,63cf7840-4e16-421e-98a2-24c67ddb6e3b,,
2463b90b-bbd8-4f7a-be84-447bb46d40d4,,,,,,,canceled,,order_cancel,2026-07-26T00:27:12.577199+00:00,canceled,0.0,,,2026-07-27T08:36:15.552836+00:00,"{""code"":42210000,""message"":""order pending cancel""}",,,,,,,,,,,
,SPG,5.0,close,,,,rejected,,exit,2026-07-26T00:27:16.672513+00:00,,,,,,"{""available"":""0"",""code"":40310000,""existing_qty"":""5"",""held_for_orders"":""5"",""message"":""insufficient qty available for order (requested: 5, available: 0)"",""symbol"":""SPG""}",226.186,229.78,,,,,,,,,
,,,,,174.82,,rejected,,protective_stop_replace,2026-07-26T00:52:45.417870+00:00,,,,,,"{""code"":40410000,""message"":""order not found""}",,,,,,,,,63cf7840-4e16-421e-98a2-24c67ddb6e3b,,
2463b90b-bbd8-4f7a-be84-447bb46d40d4,,,,,,,canceled,,order_cancel,2026-07-26T01:06:47.653023+00:00,canceled,0.0,,,2026-07-27T08:36:15.552836+00:00,"{""code"":42210000,""message"":""order pending cancel""}",,,,,,,,,,,
,SPG,5.0,close,,,,rejected,,exit,2026-07-26T01:06:50.735519+00:00,,,,,,"{""available"":""0"",""code"":40310000,""existing_qty"":""5"",""held_for_orders"":""5"",""message"":""insufficient qty available for order (requested: 5, available: 0)"",""symbol"":""SPG""}",226.186,229.78,,,,,,,,,
,,,,,174.82,,rejected,,protective_stop_replace,2026-07-26T01:38:58.918484+00:00,,,,,,"{""code"":40410000,""message"":""order not found""}",,,,,,,,,63cf7840-4e16-421e-98a2-24c67ddb6e3b,,
2463b90b-bbd8-4f7a-be84-447bb46d40d4,,,,,,,canceled,,order_cancel,2026-07-26T01:56:00.333864+00:00,canceled,0.0,,,2026-07-27T08:36:15.552836+00:00,"{""code"":42210000,""message"":""order pending cancel""}",,,,,,,,,,,
,SPG,5.0,close,,,,rejected,,exit,2026-07-26T01:56:03.579678+00:00,,,,,,"{""available"":""0"",""code"":40310000,""existing_qty"":""5"",""held_for_orders"":""5"",""message"":""insufficient qty available for order (requested: 5, available: 0)"",""symbol"":""SPG""}",226.186,229.78,,,,,,,,,
,,,,,174.82,,rejected,,protective_stop_replace,2026-07-26T02:38:51.122339+00:00,,,,,,"{""code"":40410000,""message"":""order not found""}",,,,,,,,,63cf7840-4e16-421e-98a2-24c67ddb6e3b,,
2463b90b-bbd8-4f7a-be84-447bb46d40d4,,,,,,,canceled,,order_cancel,2026-07-26T02:53:02.946086+00:00,canceled,0.0,,,2026-07-27T08:36:15.552836+00:00,"{""code"":42210000,""message"":""order pending cancel""}",,,,,,,,,,,
,SPG,5.0,close,,,,rejected,,exit,2026-07-26T02:53:05.770842+00:00,,,,,,"{""available"":""0"",""code"":40310000,""existing_qty"":""5"",""held_for_orders"":""5"",""message"":""insufficient qty available for order (requested: 5, available: 0)"",""symbol"":""SPG""}",226.186,229.78,,,,,,,,,
,,,,,174.82,,rejected,,protective_stop_replace,2026-07-26T03:39:49.579493+00:00,,,,,,"{""code"":40410000,""message"":""order not found""}",,,,,,,,,63cf7840-4e16-421e-98a2-24c67ddb6e3b,,
2463b90b-bbd8-4f7a-be84-447bb46d40d4,,,,,,,canceled,,order_cancel,2026-07-26T03:52:24.326359+00:00,canceled,0.0,,,2026-07-27T08:36:15.552836+00:00,"{""code"":42210000,""message"":""order pending cancel""}",,,,,,,,,,,
,SPG,5.0,close,,,,rejected,,exit,2026-07-26T03:52:28.259346+00:00,,,,,,"{""available"":""0"",""code"":40310000,""existing_qty"":""5"",""held_for_orders"":""5"",""message"":""insufficient qty available for order (requested: 5, available: 0)"",""symbol"":""SPG""}",226.186,229.78,,,,,,,,,
,,,,,174.82,,rejected,,protective_stop_replace,2026-07-26T04:39:45.081720+00:00,,,,,,"{""code"":40410000,""message"":""order not found""}",,,,,,,,,63cf7840-4e16-421e-98a2-24c67ddb6e3b,,
2463b90b-bbd8-4f7a-be84-447bb46d40d4,,,,,,,canceled,,order_cancel,2026-07-26T04:56:01.584694+00:00,canceled,0.0,,,2026-07-27T08:36:15.552836+00:00,"{""code"":42210000,""message"":""order pending cancel""}",,,,,,,,,,,
,SPG,5.0,close,,,,rejected,,exit,2026-07-26T04:56:04.759806+00:00,,,,,,"{""available"":""0"",""code"":40310000,""existing_qty"":""5"",""held_for_orders"":""5"",""message"":""insufficient qty available for order (requested: 5, available: 0)"",""symbol"":""SPG""}",226.186,229.78,,,,,,,,,
,,,,,174.82,,rejected,,protective_stop_replace,2026-07-26T05:39:48.636042+00:00,,,,,,"{""code"":40410000,""message"":""order not found""}",,,,,,,,,63cf7840-4e16-421e-98a2-24c67ddb6e3b,,
2463b90b-bbd8-4f7a-be84-447bb46d40d4,,,,,,,canceled,,order_cancel,2026-07-26T05:50:19.591888+00:00,canceled,0.0,,,2026-07-27T08:36:15.552836+00:00,"{""code"":42210000,""message"":""order pending cancel""}",,,,,,,,,,,
,SPG,5.0,close,,,,rejected,,exit,2026-07-26T05:50:23.307567+00:00,,,,,,"{""available"":""0"",""code"":40310000,""existing_qty"":""5"",""held_for_orders"":""5"",""message"":""insufficient qty available for order (requested: 5, available: 0)"",""symbol"":""SPG""}",226.186,229.78,,,,,,,,,
,,,,,174.82,,rejected,,protective_stop_replace,2026-07-26T06:39:31.162482+00:00,,,,,,"{""code"":40410000,""message"":""order not found""}",,,,,,,,,63cf7840-4e16-421e-98a2-24c67ddb6e3b,,
2463b90b-bbd8-4f7a-be84-447bb46d40d4,,,,,,,canceled,,order_cancel,2026-07-26T06:52:50.574142+00:00,canceled,0.0,,,2026-07-27T08:36:15.552836+00:00,"{""code"":42210000,""message"":""order pending cancel""}",,,,,,,,,,,
,SPG,5.0,close,,,,rejected,,exit,2026-07-26T06:52:53.760160+00:00,,,,,,"{""available"":""0"",""code"":40310000,""existing_qty"":""5"",""held_for_orders"":""5"",""message"":""insufficient qty available for order (requested: 5, available: 0)"",""symbol"":""SPG""}",226.186,229.78,,,,,,,,,
,,,,,174.82,,rejected,,protective_stop_replace,2026-07-26T07:38:52.063627+00:00,,,,,,"{""code"":40410000,""message"":""order not found""}",,,,,,,,,63cf7840-4e16-421e-98a2-24c67ddb6e3b,,
2463b90b-bbd8-4f7a-be84-447bb46d40d4,,,,,,,canceled,,order_cancel,2026-07-26T07:53:17.792019+00:00,canceled,0.0,,,2026-07-27T08:36:15.552836+00:00,"{""code"":42210000,""message"":""order pending cancel""}",,,,,,,,,,,
,SPG,5.0,close,,,,rejected,,exit,2026-07-26T07:53:21.271468+00:00,,,,,,"{""available"":""0"",""code"":40310000,""existing_qty"":""5"",""held_for_orders"":""5"",""message"":""insufficient qty available for order (requested: 5, available: 0)"",""symbol"":""SPG""}",226.186,229.78,,,,,,,,,
,,,,,174.82,,rejected,,protective_stop_replace,2026-07-26T08:39:44.266988+00:00,,,,,,"{""code"":40410000,""message"":""order not found""}",,,,,,,,,63cf7840-4e16-421e-98a2-24c67ddb6e3b,,
2463b90b-bbd8-4f7a-be84-447bb46d40d4,,,,,,,canceled,,order_cancel,2026-07-26T08:50:04.815495+00:00,canceled,0.0,,,2026-07-27T08:36:15.552836+00:00,"{""code"":42210000,""message"":""order pending cancel""}",,,,,,,,,,,
,SPG,5.0,close,,,,rejected,,exit,2026-07-26T08:50:09.656821+00:00,,,,,,"{""available"":""0"",""code"":40310000,""existing_qty"":""5"",""held_for_orders"":""5"",""message"":""insufficient qty available for order (requested: 5, available: 0)"",""symbol"":""SPG""}",226.186,229.78,,,,,,,,,
,,,,,174.82,,rejected,,protective_stop_replace,2026-07-26T09:39:51.350341+00:00,,,,,,"{""code"":40410000,""message"":""order not found""}",,,,,,,,,63cf7840-4e16-421e-98a2-24c67ddb6e3b,,
2463b90b-bbd8-4f7a-be84-447bb46d40d4,,,,,,,canceled,,order_cancel,2026-07-26T09:50:02.043972+00:00,canceled,0.0,,,2026-07-27T08:36:15.552836+00:00,"{""code"":42210000,""message"":""order pending cancel""}",,,,,,,,,,,
,SPG,5.0,close,,,,rejected,,exit,2026-07-26T09:50:06.046851+00:00,,,,,,"{""available"":""0"",""code"":40310000,""existing_qty"":""5"",""held_for_orders"":""5"",""message"":""insufficient qty available for order (requested: 5, available: 0)"",""symbol"":""SPG""}",226.186,229.78,,,,,,,,,
,,,,,174.82,,rejected,,protective_stop_replace,2026-07-26T10:39:32.711562+00:00,,,,,,"{""code"":40410000,""message"":""order not found""}",,,,,,,,,63cf7840-4e16-421e-98a2-24c67ddb6e3b,,
2463b90b-bbd8-4f7a-be84-447bb46d40d4,,,,,,,canceled,,order_cancel,2026-07-26T10:53:11.293193+00:00,canceled,0.0,,,2026-07-27T08:36:15.552836+00:00,"{""code"":42210000,""message"":""order pending cancel""}",,,,,,,,,,,
,SPG,5.0,close,,,,rejected,,exit,2026-07-26T10:53:14.150079+00:00,,,,,,"{""available"":""0"",""code"":40310000,""existing_qty"":""5"",""held_for_orders"":""5"",""message"":""insufficient qty available for order (requested: 5, available: 0)"",""symbol"":""SPG""}",226.186,229.78,,,,,,,,,
,,,,,174.82,,rejected,,protective_stop_replace,2026-07-26T11:39:42.593116+00:00,,,,,,"{""code"":40410000,""message"":""order not found""}",,,,,,,,,63cf7840-4e16-421e-98a2-24c67ddb6e3b,,
2463b90b-bbd8-4f7a-be84-447bb46d40d4,,,,,,,canceled,,order_cancel,2026-07-26T11:53:19.784392+00:00,canceled,0.0,,,2026-07-27T08:36:15.552836+00:00,"{""code"":42210000,""message"":""order pending cancel""}",,,,,,,,,,,
,SPG,5.0,close,,,,rejected,,exit,2026-07-26T11:53:23.295284+00:00,,,,,,"{""available"":""0"",""code"":40310000,""existing_qty"":""5"",""held_for_orders"":""5"",""message"":""insufficient qty available for order (requested: 5, available: 0)"",""symbol"":""SPG""}",226.186,229.78,,,,,,,,,
,,,,,174.82,,rejected,,protective_stop_replace,2026-07-26T12:39:33.305112+00:00,,,,,,"{""code"":40410000,""message"":""order not found""}",,,,,,,,,63cf7840-4e16-421e-98a2-24c67ddb6e3b,,
2463b90b-bbd8-4f7a-be84-447bb46d40d4,,,,,,,canceled,,order_cancel,2026-07-26T12:53:56.642755+00:00,canceled,0.0,,,2026-07-27T08:36:15.552836+00:00,"{""code"":42210000,""message"":""order pending cancel""}",,,,,,,,,,,
,SPG,5.0,close,,,,rejected,,exit,2026-07-26T12:54:00.013238+00:00,,,,,,"{""available"":""0"",""code"":40310000,""existing_qty"":""5"",""held_for_orders"":""5"",""message"":""insufficient qty available for order (requested: 5, available: 0)"",""symbol"":""SPG""}",226.186,229.78,,,,,,,,,
,,,,,174.82,,rejected,,protective_stop_replace,2026-07-26T13:39:46.572419+00:00,,,,,,"{""code"":40410000,""message"":""order not found""}",,,,,,,,,63cf7840-4e16-421e-98a2-24c67ddb6e3b,,
2463b90b-bbd8-4f7a-be84-447bb46d40d4,,,,,,,canceled,,order_cancel,2026-07-26T13:52:25.756875+00:00,canceled,0.0,,,2026-07-27T08:36:15.552836+00:00,"{""code"":42210000,""message"":""order pending cancel""}",,,,,,,,,,,
,SPG,5.0,close,,,,rejected,,exit,2026-07-26T13:52:29.705086+00:00,,,,,,"{""available"":""0"",""code"":40310000,""existing_qty"":""5"",""held_for_orders"":""5"",""message"":""insufficient qty available for order (requested: 5, available: 0)"",""symbol"":""SPG""}",226.186,229.78,,,,,,,,,
,,,,,174.82,,rejected,,protective_stop_replace,2026-07-26T14:39:34.955261+00:00,,,,,,"{""code"":40410000,""message"":""order not found""}",,,,,,,,,63cf7840-4e16-421e-98a2-24c67ddb6e3b,,
2463b90b-bbd8-4f7a-be84-447bb46d40d4,,,,,,,canceled,,order_cancel,2026-07-26T14:52:02.041843+00:00,canceled,0.0,,,2026-07-27T08:36:15.552836+00:00,"{""code"":42210000,""message"":""order pending cancel""}",,,,,,,,,,,
,SPG,5.0,close,,,,rejected,,exit,2026-07-26T14:52:04.793945+00:00,,,,,,"{""available"":""0"",""code"":40310000,""existing_qty"":""5"",""held_for_orders"":""5"",""message"":""insufficient qty available for order (requested: 5, available: 0)"",""symbol"":""SPG""}",226.186,229.78,,,,,,,,,
,,,,,174.82,,rejected,,protective_stop_replace,2026-07-26T15:39:05.206186+00:00,,,,,,"{""code"":40410000,""message"":""order not found""}",,,,,,,,,63cf7840-4e16-421e-98a2-24c67ddb6e3b,,
2463b90b-bbd8-4f7a-be84-447bb46d40d4,,,,,,,canceled,,order_cancel,2026-07-26T15:51:58.674099+00:00,canceled,0.0,,,2026-07-27T08:36:15.552836+00:00,"{""code"":42210000,""message"":""order pending cancel""}",,,,,,,,,,,
,SPG,5.0,close,,,,rejected,,exit,2026-07-26T15:52:02.654361+00:00,,,,,,"{""available"":""0"",""code"":40310000,""existing_qty"":""5"",""held_for_orders"":""5"",""message"":""insufficient qty available for order (requested: 5, available: 0)"",""symbol"":""SPG""}",226.186,229.78,,,,,,,,,
,,,,,174.82,,rejected,,protective_stop_replace,2026-07-26T16:38:46.682109+00:00,,,,,,"{""code"":40410000,""message"":""order not found""}",,,,,,,,,63cf7840-4e16-421e-98a2-24c67ddb6e3b,,
2463b90b-bbd8-4f7a-be84-447bb46d40d4,,,,,,,canceled,,order_cancel,2026-07-26T16:53:11.188421+00:00,canceled,0.0,,,2026-07-27T08:36:15.552836+00:00,"{""code"":42210000,""message"":""order pending cancel""}",,,,,,,,,,,
,SPG,5.0,close,,,,rejected,,exit,2026-07-26T16:53:14.529515+00:00,,,,,,"{""available"":""0"",""code"":40310000,""existing_qty"":""5"",""held_for_orders"":""5"",""message"":""insufficient qty available for order (requested: 5, available: 0)"",""symbol"":""SPG""}",226.186,229.78,,,,,,,,,
,,,,,174.82,,rejected,,protective_stop_replace,2026-07-26T17:36:35.499452+00:00,,,,,,"{""code"":40410000,""message"":""order not found""}",,,,,,,,,63cf7840-4e16-421e-98a2-24c67ddb6e3b,,
2463b90b-bbd8-4f7a-be84-447bb46d40d4,,,,,,,canceled,,order_cancel,2026-07-26T17:50:19.503812+00:00,canceled,0.0,,,2026-07-27T08:36:15.552836+00:00,"{""code"":42210000,""message"":""order pending cancel""}",,,,,,,,,,,
,SPG,5.0,close,,,,rejected,,exit,2026-07-26T17:50:22.465488+00:00,,,,,,"{""available"":""0"",""code"":40310000,""existing_qty"":""5"",""held_for_orders"":""5"",""message"":""insufficient qty available for order (requested: 5, available: 0)"",""symbol"":""SPG""}",226.186,229.78,,,,,,,,,
,,,,,174.82,,rejected,,protective_stop_replace,2026-07-26T18:36:44.402954+00:00,,,,,,"{""code"":40410000,""message"":""order not found""}",,,,,,,,,63cf7840-4e16-421e-98a2-24c67ddb6e3b,,
2463b90b-bbd8-4f7a-be84-447bb46d40d4,,,,,,,canceled,,order_cancel,2026-07-26T18:50:43.538368+00:00,canceled,0.0,,,2026-07-27T08:36:15.552836+00:00,"{""code"":42210000,""message"":""order pending cancel""}",,,,,,,,,,,
,SPG,5.0,close,,,,rejected,,exit,2026-07-26T18:50:46.382869+00:00,,,,,,"{""available"":""0"",""code"":40310000,""existing_qty"":""5"",""held_for_orders"":""5"",""message"":""insufficient qty available for order (requested: 5, available: 0)"",""symbol"":""SPG""}",226.186,229.78,,,,,,,,,
,,,,,174.82,,rejected,,protective_stop_replace,2026-07-26T19:12:21.466795+00:00,,,,,,"{""code"":40410000,""message"":""order not found""}",,,,,,,,,63cf7840-4e16-421e-98a2-24c67ddb6e3b,,
,LTC/USD,10.0,sell,limit,,,rejected,,entry,2026-07-26T19:24:38.067638+00:00,,,,,,"{""available"":""0"",""balance"":""0"",""code"":40310000,""message"":""insufficient balance for LTC (requested: 10, available: 0)"",""symbol"":""USD""}",,,46.506744384765625,cross_BTC/USD_state_slope=flat + state_ext=stretched_up,2026-07-25 00:00:00+00:00,1d,rolling,price-crypto-LTC-USD-1d-sell-fcd08cc0,,5.0,2.0
,DOT/USD,614.0,sell,limit,,,rejected,,entry,2026-07-26T19:24:38.200348+00:00,,,,,,"{""available"":""0"",""balance"":""0"",""code"":40310000,""message"":""insufficient balance for DOT (requested: 614, available: 0)"",""symbol"":""USD""}",,,0.8138870000839233,cross_ETH/USD_state_slope=uptrend + state_slope=flat,2026-07-25 00:00:00+00:00,1d,rolling,price-crypto-DOT-USD-1d-sell-d21d7b84,,5.0,2.0
,,,,,174.82,,rejected,,protective_stop_replace,2026-07-26T19:45:57.179896+00:00,,,,,,"{""code"":40410000,""message"":""order not found""}",,,,,,,,,63cf7840-4e16-421e-98a2-24c67ddb6e3b,,
,LTC/USD,10.0,sell,limit,,,rejected,,entry,2026-07-26T19:59:20.881948+00:00,,,,,,"{""available"":""0"",""balance"":""0"",""code"":40310000,""message"":""insufficient balance for LTC (requested: 10, available: 0)"",""symbol"":""USD""}",,,46.506744384765625,cross_BTC/USD_state_slope=flat + state_ext=stretched_up,2026-07-25 00:00:00+00:00,1d,rolling,price-crypto-LTC-USD-1d-sell-fcd08cc0,,5.0,2.0
,DOT/USD,614.0,sell,limit,,,rejected,,entry,2026-07-26T19:59:20.967936+00:00,,,,,,"{""available"":""0"",""balance"":""0"",""code"":40310000,""message"":""insufficient balance for DOT (requested: 614, available: 0)"",""symbol"":""USD""}",,,0.8138870000839233,cross_ETH/USD_state_slope=uptrend + state_slope=flat,2026-07-25 00:00:00+00:00,1d,rolling,price-crypto-DOT-USD-1d-sell-d21d7b84,,5.0,2.0
,,,,,174.82,,rejected,,protective_stop_replace,2026-07-26T20:36:36.901188+00:00,,,,,,"{""code"":40410000,""message"":""order not found""}",,,,,,,,,63cf7840-4e16-421e-98a2-24c67ddb6e3b,,
,LTC/USD,10.0,sell,limit,,,rejected,,entry,2026-07-26T20:49:34.353620+00:00,,,,,,"{""available"":""0"",""balance"":""0"",""code"":40310000,""message"":""insufficient balance for LTC (requested: 10, available: 0)"",""symbol"":""USD""}",,,46.506744384765625,cross_BTC/USD_state_slope=flat + state_ext=stretched_up,2026-07-25 00:00:00+00:00,1d,rolling,price-crypto-LTC-USD-1d-sell-fcd08cc0,,5.0,2.0
,DOT/USD,614.0,sell,limit,,,rejected,,entry,2026-07-26T20:49:34.439305+00:00,,,,,,"{""available"":""0"",""balance"":""0"",""code"":40310000,""message"":""insufficient balance for DOT (requested: 614, available: 0)"",""symbol"":""USD""}",,,0.8138870000839233,cross_ETH/USD_state_slope=uptrend + state_slope=flat,2026-07-25 00:00:00+00:00,1d,rolling,price-crypto-DOT-USD-1d-sell-d21d7b84,,5.0,2.0
,,,,,174.82,,rejected,,protective_stop_replace,2026-07-26T21:36:50.249419+00:00,,,,,,"{""code"":40410000,""message"":""order not found""}",,,,,,,,,63cf7840-4e16-421e-98a2-24c67ddb6e3b,,
,LTC/USD,10.0,sell,limit,,,rejected,,entry,2026-07-26T21:50:05.707415+00:00,,,,,,"{""available"":""0"",""balance"":""0"",""code"":40310000,""message"":""insufficient balance for LTC (requested: 10, available: 0)"",""symbol"":""USD""}",,,46.506744384765625,cross_BTC/USD_state_slope=flat + state_ext=stretched_up,2026-07-25 00:00:00+00:00,1d,rolling,price-crypto-LTC-USD-1d-sell-fcd08cc0,,5.0,2.0
,DOT/USD,614.0,sell,limit,,,rejected,,entry,2026-07-26T21:50:05.797642+00:00,,,,,,"{""available"":""0"",""balance"":""0"",""code"":40310000,""message"":""insufficient balance for DOT (requested: 614, available: 0)"",""symbol"":""USD""}",,,0.8138870000839233,cross_ETH/USD_state_slope=uptrend + state_slope=flat,2026-07-25 00:00:00+00:00,1d,rolling,price-crypto-DOT-USD-1d-sell-d21d7b84,,5.0,2.0
,,,,,174.82,,rejected,,protective_stop_replace,2026-07-26T23:12:39.392775+00:00,,,,,,"{""code"":40410000,""message"":""order not found""}",,,,,,,,,63cf7840-4e16-421e-98a2-24c67ddb6e3b,,
,LTC/USD,10.0,sell,limit,,,rejected,,entry,2026-07-26T23:26:03.354860+00:00,,,,,,"{""available"":""0"",""balance"":""0"",""code"":40310000,""message"":""insufficient balance for LTC (requested: 10, available: 0)"",""symbol"":""USD""}",,,46.506744384765625,cross_BTC/USD_state_slope=flat + state_ext=stretched_up,2026-07-25 00:00:00+00:00,1d,rolling,price-crypto-LTC-USD-1d-sell-fcd08cc0,,5.0,2.0
,DOT/USD,614.0,sell,limit,,,rejected,,entry,2026-07-26T23:26:03.733209+00:00,,,,,,"{""available"":""0"",""balance"":""0"",""code"":40310000,""message"":""insufficient balance for DOT (requested: 614, available: 0)"",""symbol"":""USD""}",,,0.8138870000839233,cross_ETH/USD_state_slope=uptrend + state_slope=flat,2026-07-25 00:00:00+00:00,1d,rolling,price-crypto-DOT-USD-1d-sell-d21d7b84,,5.0,2.0
,,,,,174.82,,rejected,,protective_stop_replace,2026-07-27T00:04:23.304973+00:00,,,,,,"{""code"":40410000,""message"":""order not found""}",,,,,,,,,63cf7840-4e16-421e-98a2-24c67ddb6e3b,,
,LTC/USD,10.0,sell,limit,,,rejected,,entry,2026-07-27T00:15:44.567343+00:00,,,,,,"{""available"":""0"",""balance"":""0"",""code"":40310000,""message"":""insufficient balance for LTC (requested: 10, available: 0)"",""symbol"":""USD""}",,,46.506744384765625,cross_BTC/USD_state_slope=flat + state_ext=stretched_up,2026-07-25 00:00:00+00:00,1d,rolling,price-crypto-LTC-USD-1d-sell-fcd08cc0,,5.0,2.0
,DOT/USD,614.0,sell,limit,,,rejected,,entry,2026-07-27T00:15:44.657032+00:00,,,,,,"{""available"":""0"",""balance"":""0"",""code"":40310000,""message"":""insufficient balance for DOT (requested: 614, available: 0)"",""symbol"":""USD""}",,,0.8138870000839233,cross_ETH/USD_state_slope=uptrend + state_slope=flat,2026-07-25 00:00:00+00:00,1d,rolling,price-crypto-DOT-USD-1d-sell-d21d7b84,,5.0,2.0
,,,,,174.82,,rejected,,protective_stop_replace,2026-07-27T00:37:57.077056+00:00,,,,,,"{""code"":40410000,""message"":""order not found""}",,,,,,,,,63cf7840-4e16-421e-98a2-24c67ddb6e3b,,
,LTC/USD,10.0,sell,limit,,,rejected,,entry,2026-07-27T00:50:10.463372+00:00,,,,,,"{""available"":""0"",""balance"":""0"",""code"":40310000,""message"":""insufficient balance for LTC (requested: 10, available: 0)"",""symbol"":""USD""}",,,46.506744384765625,cross_BTC/USD_state_slope=flat + state_ext=stretched_up,2026-07-25 00:00:00+00:00,1d,rolling,price-crypto-LTC-USD-1d-sell-fcd08cc0,,5.0,2.0
,DOT/USD,614.0,sell,limit,,,rejected,,entry,2026-07-27T00:50:10.576839+00:00,,,,,,"{""available"":""0"",""balance"":""0"",""code"":40310000,""message"":""insufficient balance for DOT (requested: 614, available: 0)"",""symbol"":""USD""}",,,0.8138870000839233,cross_ETH/USD_state_slope=uptrend + state_slope=flat,2026-07-25 00:00:00+00:00,1d,rolling,price-crypto-DOT-USD-1d-sell-d21d7b84,,5.0,2.0
,,,,,174.82,,rejected,,protective_stop_replace,2026-07-27T01:36:55.581422+00:00,,,,,,"{""code"":40410000,""message"":""order not found""}",,,,,,,,,63cf7840-4e16-421e-98a2-24c67ddb6e3b,,
,LTC/USD,10.0,sell,limit,,,rejected,,entry,2026-07-27T01:47:56.347315+00:00,,,,,,"{""available"":""0"",""balance"":""0"",""code"":40310000,""message"":""insufficient balance for LTC (requested: 10, available: 0)"",""symbol"":""USD""}",,,46.506744384765625,cross_BTC/USD_state_slope=flat + state_ext=stretched_up,2026-07-25 00:00:00+00:00,1d,rolling,price-crypto-LTC-USD-1d-sell-fcd08cc0,,5.0,2.0
,DOT/USD,614.0,sell,limit,,,rejected,,entry,2026-07-27T01:47:56.650490+00:00,,,,,,"{""available"":""0"",""balance"":""0"",""code"":40310000,""message"":""insufficient balance for DOT (requested: 614, available: 0)"",""symbol"":""USD""}",,,0.8138870000839233,cross_ETH/USD_state_slope=uptrend + state_slope=flat,2026-07-25 00:00:00+00:00,1d,rolling,price-crypto-DOT-USD-1d-sell-d21d7b84,,5.0,2.0
,,,,,174.82,,rejected,,protective_stop_replace,2026-07-27T02:36:52.615947+00:00,,,,,,"{""code"":40410000,""message"":""order not found""}",,,,,,,,,63cf7840-4e16-421e-98a2-24c67ddb6e3b,,
,LTC/USD,10.0,sell,limit,,,rejected,,entry,2026-07-27T02:47:33.586431+00:00,,,,,,"{""available"":""0"",""balance"":""0"",""code"":40310000,""message"":""insufficient balance for LTC (requested: 10, available: 0)"",""symbol"":""USD""}",,,46.506744384765625,cross_BTC/USD_state_slope=flat + state_ext=stretched_up,2026-07-25 00:00:00+00:00,1d,rolling,price-crypto-LTC-USD-1d-sell-fcd08cc0,,5.0,2.0
,DOT/USD,614.0,sell,limit,,,rejected,,entry,2026-07-27T02:47:33.860799+00:00,,,,,,"{""available"":""0"",""balance"":""0"",""code"":40310000,""message"":""insufficient balance for DOT (requested: 614, available: 0)"",""symbol"":""USD""}",,,0.8138870000839233,cross_ETH/USD_state_slope=uptrend + state_slope=flat,2026-07-25 00:00:00+00:00,1d,rolling,price-crypto-DOT-USD-1d-sell-d21d7b84,,5.0,2.0
,,,,,174.82,,rejected,,protective_stop_replace,2026-07-27T03:36:36.872125+00:00,,,,,,"{""code"":40410000,""message"":""order not found""}",,,,,,,,,63cf7840-4e16-421e-98a2-24c67ddb6e3b,,
,LTC/USD,10.0,sell,limit,,,rejected,,entry,2026-07-27T03:48:01.077239+00:00,,,,,,"{""available"":""0"",""balance"":""0"",""code"":40310000,""message"":""insufficient balance for LTC (requested: 10, available: 0)"",""symbol"":""USD""}",,,46.506744384765625,cross_BTC/USD_state_slope=flat + state_ext=stretched_up,2026-07-25 00:00:00+00:00,1d,rolling,price-crypto-LTC-USD-1d-sell-fcd08cc0,,5.0,2.0
,DOT/USD,614.0,sell,limit,,,rejected,,entry,2026-07-27T03:48:01.402781+00:00,,,,,,"{""available"":""0"",""balance"":""0"",""code"":40310000,""message"":""insufficient balance for DOT (requested: 614, available: 0)"",""symbol"":""USD""}",,,0.8138870000839233,cross_ETH/USD_state_slope=uptrend + state_slope=flat,2026-07-25 00:00:00+00:00,1d,rolling,price-crypto-DOT-USD-1d-sell-d21d7b84,,5.0,2.0
,,,,,174.82,,rejected,,protective_stop_replace,2026-07-27T04:37:04.836239+00:00,,,,,,"{""code"":40410000,""message"":""order not found""}",,,,,,,,,63cf7840-4e16-421e-98a2-24c67ddb6e3b,,
,LTC/USD,10.0,sell,limit,,,rejected,,entry,2026-07-27T04:47:26.883963+00:00,,,,,,"{""available"":""0"",""balance"":""0"",""code"":40310000,""message"":""insufficient balance for LTC (requested: 10, available: 0)"",""symbol"":""USD""}",,,46.506744384765625,cross_BTC/USD_state_slope=flat + state_ext=stretched_up,2026-07-25 00:00:00+00:00,1d,rolling,price-crypto-LTC-USD-1d-sell-fcd08cc0,,5.0,2.0
,DOT/USD,614.0,sell,limit,,,rejected,,entry,2026-07-27T04:47:27.132500+00:00,,,,,,"{""available"":""0"",""balance"":""0"",""code"":40310000,""message"":""insufficient balance for DOT (requested: 614, available: 0)"",""symbol"":""USD""}",,,0.8138870000839233,cross_ETH/USD_state_slope=uptrend + state_slope=flat,2026-07-25 00:00:00+00:00,1d,rolling,price-crypto-DOT-USD-1d-sell-d21d7b84,,5.0,2.0
,,,,,174.82,,rejected,,protective_stop_replace,2026-07-27T05:36:26.295249+00:00,,,,,,"{""code"":40410000,""message"":""order not found""}",,,,,,,,,63cf7840-4e16-421e-98a2-24c67ddb6e3b,,
,,,,,174.82,,rejected,,protective_stop_replace,2026-07-27T06:36:24.047189+00:00,,,,,,"{""code"":40410000,""message"":""order not found""}",,,,,,,,,63cf7840-4e16-421e-98a2-24c67ddb6e3b,,
,,,,,174.82,,rejected,,protective_stop_replace,2026-07-27T07:21:19.637474+00:00,,,,,,"{""code"":40410000,""message"":""order not found""}",,,,,,,,,63cf7840-4e16-421e-98a2-24c67ddb6e3b,,
,,,,,174.82,,rejected,,protective_stop_replace,2026-07-27T07:27:43.767416+00:00,,,,,,"{""code"":40410000,""message"":""order not found""}",,,,,,,,,63cf7840-4e16-421e-98a2-24c67ddb6e3b,,
,,,,,174.82,,rejected,,protective_stop_replace,2026-07-27T07:36:13.751424+00:00,,,,,,"{""code"":40410000,""message"":""order not found""}",,,,,,,,,63cf7840-4e16-421e-98a2-24c67ddb6e3b,,
,,,,,174.82,,rejected,,protective_stop_replace,2026-07-27T08:36:21.777010+00:00,,,,,,"{""code"":40410000,""message"":""order not found""}",,,,,,,,,63cf7840-4e16-421e-98a2-24c67ddb6e3b,,
,,,,,174.82,,rejected,,protective_stop_replace,2026-07-27T10:42:41.932411+00:00,,,,,,"{""code"":40410000,""message"":""order not found""}",,,,,,,,,63cf7840-4e16-421e-98a2-24c67ddb6e3b,,
,,,,,174.82,,rejected,,protective_stop_replace,2026-07-27T12:33:23.669693+00:00,,,,,,"{""code"":40410000,""message"":""order not found""}",,,,,,,,,63cf7840-4e16-421e-98a2-24c67ddb6e3b,,
,,,,,174.82,,rejected,,protective_stop_replace,2026-07-27T12:36:15.388622+00:00,,,,,,"{""code"":40410000,""message"":""order not found""}",,,,,,,,,63cf7840-4e16-421e-98a2-24c67ddb6e3b,,
,,,,,174.82,,rejected,,protective_stop_replace,2026-07-27T13:36:03.359952+00:00,,,,,,"{""code"":40410000,""message"":""order not found""}",,,,,,,,,63cf7840-4e16-421e-98a2-24c67ddb6e3b,,
e41f020d-a737-4782-9c94-a2f69ac2b267,AMAT,1.0,sell,stop,387.89,gtc,canceled,2026-07-29 13:36:21.821760+00:00,protective_stop_submit,2026-07-29T13:36:21.833058+00:00,canceled,0.0,,,2026-07-29T15:36:20.344176+00:00,,,,,,,,,,,,
8bd586d6-5433-4836-bbed-cba99b7fbe59,ASML,1.0,sell,stop,1427.26,gtc,canceled,2026-07-29 13:36:21.970992+00:00,protective_stop_submit,2026-07-29T13:36:22.007194+00:00,canceled,0.0,,,2026-07-29T15:36:20.344176+00:00,,,,,,,,,,,,
d0edb660-b7e9-4d91-b07b-310dbb2d5197,FDX,7.0,sell,stop,295.39,gtc,canceled,2026-07-29 13:36:22.136428+00:00,protective_stop_submit,2026-07-29T13:36:22.228817+00:00,canceled,0.0,,,2026-07-29T15:36:20.344176+00:00,,,,,,,,,,,,
c68ec4ed-f985-4fba-8718-a71bf8c038f4,HON,5.0,sell,stop,231.41,gtc,canceled,2026-07-29 13:36:22.369768+00:00,protective_stop_submit,2026-07-29T13:36:22.464751+00:00,canceled,0.0,,,2026-07-29T17:36:18.754132+00:00,,,,,,,,,,,,
85d1a079-ee79-41ab-8b48-ea289daead44,KLAC,4.0,sell,stop,156.1,gtc,canceled,2026-07-29 13:36:22.607666+00:00,protective_stop_submit,2026-07-29T13:36:22.639749+00:00,canceled,0.0,,,2026-07-29T15:36:20.344176+00:00,,,,,,,,,,,,
5ed19dc9-4294-441e-a244-7fadb35740ae,LRCX,3.0,sell,stop,223.69,gtc,canceled,2026-07-29 13:36:22.762348+00:00,protective_stop_submit,2026-07-29T13:36:22.768062+00:00,canceled,0.0,,,2026-07-29T15:36:20.344176+00:00,,,,,,,,,,,,
28213ce7-9434-47b7-b2eb-b18f9584a1d0,NOW,22.0,buy,stop,124.56,gtc,canceled,2026-07-29 13:36:22.889070+00:00,protective_stop_submit,2026-07-29T13:36:22.912232+00:00,canceled,0.0,,,2026-07-29T15:36:20.344176+00:00,,,,,,,,,,,,
d5203eef-26f7-4a9c-8179-7e8e3a382e51,XLK,5.0,sell,stop,161.91,gtc,canceled,2026-07-29 13:36:23.037401+00:00,protective_stop_submit,2026-07-29T13:36:23.042977+00:00,canceled,0.0,,,2026-07-29T15:36:20.344176+00:00,,,,,,,,,,,,
37a6d1cc-39da-404c-8b0f-e2b37434cd31,KLAC,8.0,sell,stop,144.5,gtc,canceled,2026-07-29 16:36:20.789375+00:00,protective_stop_submit,2026-07-29T16:36:20.814864+00:00,canceled,0.0,,,2026-07-29T17:36:18.754132+00:00,,,,,,,,,,,,
1c6ef376-8883-47d0-9a0d-a45051bb341c,LRCX,3.0,sell,stop,209.25,gtc,canceled,2026-07-29 16:36:20.937402+00:00,protective_stop_submit,2026-07-29T16:36:20.943183+00:00,canceled,0.0,,,2026-07-29T17:36:18.754132+00:00,,,,,,,,,,,,
44dde768-f3c9-4634-9a91-d750c4f28b20,LRCX,3.0,sell,stop,216.05,gtc,replaced,2026-07-29 19:36:35.356096+00:00,protective_stop_submit,2026-07-29T19:36:35.411730+00:00,replaced,0.0,,,2026-07-30T14:36:20.380988+00:00,,,,,,,,,,,,
2b33cc9e-2b85-4dee-86b2-aaa2a0ee12e6,XLF,17.0,sell,stop,55.54,gtc,canceled,2026-07-29 19:36:35.961945+00:00,protective_stop_submit,2026-07-29T19:36:35.990847+00:00,canceled,0.0,,,2026-07-29T20:41:07.025866+00:00,,,,,,,,,,,,
3c72b41f-049a-4e61-869c-c65b7d44de10,FDX,8.0,sell,stop,289.43,gtc,canceled,2026-07-30 14:36:27.751074+00:00,protective_stop_submit,2026-07-30T14:36:27.773843+00:00,canceled,0.0,,,2026-07-30T15:36:17.583672+00:00,,,,,,,,,,,,
e8a6664b-5daf-4548-b1e7-6d8afed86f37,HON,5.0,sell,stop,224.91,gtc,canceled,2026-07-30 14:36:28.139161+00:00,protective_stop_submit,2026-07-30T14:36:28.161348+00:00,canceled,0.0,,,2026-07-30T16:36:06.604675+00:00,,,,,,,,,,,,
534dabf9-c305-4a7a-b651-53e1d3082bf1,KLAC,13.0,sell,stop,157.32,gtc,canceled,2026-07-30 14:36:28.568088+00:00,protective_stop_submit,2026-07-30T14:36:28.596921+00:00,canceled,0.0,,,2026-07-30T16:36:06.604675+00:00,,,,,,,,,,,,
,,,,,260.58,,rejected,,protective_stop_replace,2026-07-30T14:36:28.748885+00:00,,,,,,"{""code"":42210000,""message"":""order already replaced""}",,,,,,,,,44dde768-f3c9-4634-9a91-d750c4f28b20,,
a4523f50-1774-40a2-8270-d9e2cd3f17e3,NOW,23.0,sell,stop,93.91,gtc,canceled,2026-07-30 14:36:29.159343+00:00,protective_stop_submit,2026-07-30T14:36:29.227717+00:00,canceled,0.0,,,2026-07-30T15:36:17.583672+00:00,,,,,,,,,,,,
45dbc266-b36e-416a-bb14-3c08c18e895a,XLF,17.0,sell,stop,55.37,gtc,canceled,2026-07-30 14:36:29.738985+00:00,protective_stop_submit,2026-07-30T14:36:29.761486+00:00,canceled,0.0,,,2026-07-31T08:36:10.640007+00:00,,,,,,,,,,,,
269fed12-2909-4c64-bcc2-df3440f8321c,CRWD,13.0,buy,stop,202.29,gtc,canceled,2026-07-30 15:36:31.818626+00:00,protective_stop_submit,2026-07-30T15:36:31.853199+00:00,canceled,0.0,,,2026-07-30T17:36:14.663761+00:00,,,,,,,,,,,,
,,,,,93.91,,rejected,,protective_stop_replace,2026-07-30T15:36:32.136939+00:00,,,,,,"{""code"":42210000,""message"":""order is not open""}",,,,,,,,,a4523f50-1774-40a2-8270-d9e2cd3f17e3,,
41680664-e2a5-4194-a0c8-b7f17e75307e,HON,5.0,sell,stop,226.51,gtc,canceled,2026-07-30 17:36:19.351743+00:00,protective_stop_submit,2026-07-30T17:36:19.359689+00:00,canceled,0.0,,,2026-07-31T08:36:10.640007+00:00,,,,,,,,,,,,
8b570e43-50e2-48db-93ae-c68a0c248f4a,KLAC,13.0,sell,stop,154.77,gtc,canceled,2026-07-30 17:36:19.848406+00:00,protective_stop_submit,2026-07-30T17:36:19.862340+00:00,canceled,0.0,,,2026-07-30T19:36:27.511174+00:00,,,,,,,,,,,,
6ef18dcf-8be8-41be-b0ce-7df21a38785c,NOW,22.0,sell,stop,96.72,gtc,canceled,2026-07-30 17:36:19.995166+00:00,protective_stop_submit,2026-07-30T17:36:20.000687+00:00,canceled,0.0,,,2026-07-30T18:36:20.013020+00:00,,,,,,,,,,,,
a8bda25a-9fdd-417e-8324-4458a05e4c1d,SMCI,33.0,sell,stop,23.55,gtc,canceled,2026-07-30 18:36:32.279620+00:00,protective_stop_submit,2026-07-30T18:36:32.307905+00:00,canceled,0.0,,,2026-07-30T19:36:27.511174+00:00,,,,,,,,,,,,
e663fc9f-504b-403f-9b2b-bfe2abd2dd61,AEP,7.0,sell,stop,123.1,gtc,canceled,2026-07-30 19:36:42.795082+00:00,protective_stop_submit,2026-07-30T19:36:42.833028+00:00,canceled,0.0,,,2026-07-30T20:36:20.580972+00:00,,,,,,,,,,,,
c803fa0d-3fb2-4589-9632-f9d82a66959d,AEP,7.0,sell,stop,122.4,gtc,canceled,2026-07-31 13:36:20.500800+00:00,protective_stop_submit,2026-07-31T13:36:20.523935+00:00,canceled,0.0,,,2026-07-31T17:36:07.546928+00:00,,,,,,,,,,,,
9ad0ba68-b935-4e40-b17a-60786e8370e9,GDXJ,9.0,sell,stop,88.79,gtc,canceled,2026-07-31 13:36:20.665382+00:00,protective_stop_submit,2026-07-31T13:36:20.724338+00:00,canceled,0.0,,,2026-07-31T15:36:03.994947+00:00,,,,,,,,,,,,
990b43e8-5e83-4818-97b5-ba1a22e63ed0,NOW,22.0,sell,stop,95.04,gtc,canceled,2026-07-31 13:36:20.848831+00:00,protective_stop_submit,2026-07-31T13:36:20.852912+00:00,canceled,0.0,,,2026-07-31T15:36:03.994947+00:00,,,,,,,,,,,,
,,,,,226.51,,rejected,,protective_stop_replace,2026-07-31T14:36:24.350995+00:00,,,,,,"{""code"":42210000,""message"":""order is not open""}",,,,,,,,,41680664-e2a5-4194-a0c8-b7f17e75307e,,
e6a0f8d2-c2c8-493e-b2d8-2c1d6a56693b,XLB,18.0,sell,stop,48.64,gtc,canceled,2026-07-31 14:36:24.690832+00:00,protective_stop_submit,2026-07-31T14:36:24.745700+00:00,canceled,0.0,,,2026-07-31T16:36:15.748748+00:00,,,,,,,,,,,,
,,,,,226.51,,rejected,,protective_stop_replace,2026-07-31T15:36:07.648674+00:00,,,,,,"{""code"":42210000,""message"":""order is not open""}",,,,,,,,,41680664-e2a5-4194-a0c8-b7f17e75307e,,
,,,,,226.51,,rejected,,protective_stop_replace,2026-07-31T16:36:21.166996+00:00,,,,,,"{""code"":42210000,""message"":""order is not open""}",,,,,,,,,41680664-e2a5-4194-a0c8-b7f17e75307e,,
ff4f019e-936f-4b35-9768-8a8afc40898f,NOW,22.0,sell,stop,97.86,gtc,canceled,2026-07-31 16:36:21.421025+00:00,protective_stop_submit,2026-07-31T16:36:21.457969+00:00,canceled,0.0,,,2026-07-31T18:36:31.674645+00:00,,,,,,,,,,,,
,,,,,226.51,,rejected,,protective_stop_replace,2026-07-31T17:36:10.905592+00:00,,,,,,"{""code"":42210000,""message"":""order is not open""}",,,,,,,,,41680664-e2a5-4194-a0c8-b7f17e75307e,,
7d99527a-6ce1-4e04-a085-72d2ec8c9bc4,AMAT,1.0,sell,stop,435.9,gtc,pending_new,2026-07-31 18:36:48.815063+00:00,protective_stop_submit,2026-07-31T18:36:48.853363+00:00,,,,,,,,,,,,,,,,,
ff4be9a6-6a5c-4508-a2f3-a70ccc4981b8,CRWD,13.0,buy,stop,210.7,gtc,pending_new,2026-07-31 18:36:49.548757+00:00,protective_stop_submit,2026-07-31T18:36:49.663129+00:00,,,,,,,,,,,,,,,,,
87b219b9-b0ca-45d6-b7a5-4dd9fb7375bb,SMCI,32.0,sell,stop,23.85,gtc,pending_new,2026-07-31 18:36:50.346987+00:00,protective_stop_submit,2026-07-31T18:36:50.387480+00:00,,,,,,,,,,,,,,,,,
