symbol,timeframe,slice_combination,sample_count,mean_fwd_ret_5,side,tradeable_mean_fwd_ret_5,win_rate,mean_mfe_5,mean_mae_5,fwd_ret_ratio,research_shard_id
XYZ,1h,cross_TLT_state_ext=stretched_down + state_ext=stretched_down,16,0.0467203727614356,long,0.0467203727614356,0.875,0.0723182162698573,-0.0095792923844862,0.977529565810872,1h-11
XYZ,1h,cross_USO_state_ext=stretched_down + cross_TLT_state_slope=downtrend + state_ext=stretched_down,26,0.0205026403239832,long,0.0205026403239832,0.7692307692307693,0.0470754531869464,-0.0211614896782756,0.3914240700791228,1h-11
XYZ,1h,cross_USO_state_slope=flat + cross_TLT_state_slope=flat + state_ext=stretched_up,92,0.0168348265204724,long,0.0168348265204724,0.6304347826086957,0.0326417652049359,-0.0080956444895625,0.3929062887305378,1h-11
XYZ,1h,state_vix=vix_high + state_breadth=breadth_weak + state_ext=stretched_down,84,0.0165961648772768,long,0.0165961648772768,0.6309523809523809,0.0355175704873125,-0.0152525002113942,0.4418165349983121,1h-11
XYZ,1h,cross_USO_state_ext=stretched_down + cross_TLT_state_slope=downtrend + state_ext=stretched_up,15,-0.0164576678946395,short,0.0164576678946395,0.0,0.0056046184692322,-0.0262636967251033,-0.9634323666786692,1h-11
XYZ,1h,state_vix=vix_high + state_session=afternoon + state_ext=stretched_down,35,0.0164212907704436,long,0.0164212907704436,0.7142857142857143,0.0396892737652092,-0.0197526795607226,0.4842484550069001,1h-11
XYZ,1h,state_vix=vix_high + state_ext=stretched_down,93,0.0156801620969556,long,0.0156801620969556,0.6451612903225806,0.0370541711089166,-0.0182323038713962,0.4348647845332388,1h-11
XYZ,1h,state_vix=vix_low + state_breadth=breadth_mixed + state_ext=stretched_up,64,0.0156075539513168,long,0.0156075539513168,0.609375,0.0305404347419961,-0.0075368345805718,0.3325552180074478,1h-11
XYZ,1h,state_vix=vix_high + state_session=morning + state_ext=stretched_down,28,0.0153631592225074,long,0.0153631592225074,0.6785714285714286,0.0299416471309915,-0.0126775492578253,0.4753932499747846,1h-11
XYZ,1h,state_vix=vix_high + state_session=lunch + state_ext=stretched_down,30,0.0151113813273711,long,0.0151113813273711,0.5333333333333333,0.0406182403893052,-0.0216429698731816,0.3558870978841597,1h-11
XYZ,1h,cross_USO_state_ext=neutral + cross_TLT_state_slope=flat + state_ext=stretched_up,164,0.0137835665392982,long,0.0137835665392982,0.6829268292682927,0.0274080929579302,-0.0100246427637322,0.3803216298472385,1h-11
XYZ,1h,state_vix=vix_high + state_breadth=breadth_weak + state_ext=stretched_up,32,-0.0135377829114404,short,0.0135377829114404,0.40625,0.0176272710441684,-0.0337686514278616,-0.4640766038116913,1h-11
XYZ,1h,state_volume=vol_surge + state_ext=neutral + state_slope=downtrend,28,0.0133671337097542,long,0.0133671337097542,0.6428571428571429,0.0308524733136467,-0.0126990734446556,0.3624040406844271,1h-11
XYZ,1h,state_vix=vix_high + state_ext=stretched_up,34,-0.0124935348056058,short,0.0124935348056058,0.4411764705882353,0.0176493285688493,-0.0319781486008385,-0.4369156690267862,1h-11
XYZ,1h,cross_USO_state_ext=stretched_up + cross_TLT_state_slope=downtrend + state_ext=stretched_up,74,0.0114338755864642,long,0.0114338755864642,0.6891891891891891,0.0269765701824603,-0.0134852688522198,0.3782126813708376,1h-11
XYZ,1h,state_vix=vix_high + state_breadth=breadth_mixed + state_ext=neutral,24,0.0108933106150831,long,0.0108933106150831,0.7916666666666666,0.0210211166838435,-0.008531937352309,0.7497532751538971,1h-11
XYZ,1h,state_vix=vix_low + state_session=afternoon + state_ext=stretched_up,118,0.0103437778871079,long,0.0103437778871079,0.5677966101694916,0.0273762855765539,-0.0096788779854202,0.304398264997026,1h-11
XYZ,1h,state_volume=vol_surge + state_ext=neutral + state_slope=flat,27,-0.0094314531382164,short,0.0094314531382164,0.4814814814814814,0.0161932169493935,-0.0237433298278675,-0.3057765100095249,1h-11
XYZ,1h,state_ext=stretched_up + state_slope=uptrend + state_vol=mid_vol,218,0.0093648789672314,long,0.0093648789672314,0.5688073394495413,0.0248907155065927,-0.0116754295158341,0.2620322591228954,1h-11
XYZ,1h,state_vix=vix_low + state_session=lunch + state_ext=stretched_up,91,0.0092910848909944,long,0.0092910848909944,0.5274725274725275,0.0254602492401214,-0.0144121261667615,0.2542012248485918,1h-11
XYZ,1h,state_vix=vix_high + state_session=afternoon + state_ext=neutral,50,-0.0091481227703601,short,0.0091481227703601,0.42,0.0161611065430788,-0.0243223986564164,-0.3222215591691909,1h-11
XYZ,1h,cross_USO_state_slope=downtrend + cross_TLT_state_slope=downtrend + state_ext=stretched_up,38,-0.009008024731235,short,0.009008024731235,0.3157894736842105,0.0143560265954209,-0.0284252532211039,-0.3287731896259683,1h-11
XYZ,1h,cross_USO_state_vol=mid_vol + state_ext=stretched_up,138,0.008900299126943,long,0.008900299126943,0.572463768115942,0.0266630281397408,-0.0125034096256445,0.2153682916068702,1h-11
XYZ,1h,state_session=lunch + state_slope=uptrend + state_vol=mid_vol,96,0.008818498368149,long,0.008818498368149,0.5729166666666666,0.0262023190553235,-0.0155332806843956,0.2234806213123281,1h-11
XYZ,1h,state_volume=vol_quiet + state_ext=stretched_down + state_slope=downtrend,49,0.0087643081852696,long,0.0087643081852696,0.6938775510204082,0.0189192988975318,-0.0116118040802052,0.4510864324801075,1h-11
XYZ,1h,state_ext=stretched_up + state_vol=mid_vol,259,0.0085285606468078,long,0.0085285606468078,0.5714285714285714,0.0235397560452738,-0.0116711570483607,0.2523335572158557,1h-11
XYZ,1h,cross_TLT_state_vol=high_vol + state_ext=stretched_down,133,0.0083912193344425,long,0.0083912193344425,0.6240601503759399,0.0290374890121263,-0.0184231158142289,0.2802053212039141,1h-11
XYZ,1h,state_session=afternoon + state_slope=uptrend + state_vol=mid_vol,143,0.0080616642939038,long,0.0080616642939038,0.5384615384615384,0.026591054956744,-0.0142114357244948,0.2208337909846478,1h-11
XYZ,1h,state_volume=vol_surge + state_ext=neutral,108,-0.0077783733664406,short,0.0077783733664406,0.4722222222222222,0.0207450933207396,-0.0258346526346943,-0.178785586390602,1h-11
XYZ,1h,state_vix=vix_high + state_session=morning + state_ext=neutral,33,0.0076730855069397,long,0.0076730855069397,0.5454545454545454,0.020307899399031,-0.0155963296676531,0.2526968756377221,1h-11
XYZ,1h,cross_USO_state_slope=flat + cross_TLT_state_slope=uptrend + state_ext=stretched_down,50,-0.0076345396397774,short,0.0076345396397774,0.44,0.0164292066312414,-0.0247050052647607,-0.2324069180041945,1h-11
XYZ,1h,cross_USO_state_slope=uptrend + cross_TLT_state_slope=downtrend + state_ext=stretched_up,95,0.0075354227777657,long,0.0075354227777657,0.5894736842105263,0.0228805191655305,-0.012634492005173,0.2875334332905487,1h-11
XYZ,1h,state_volume=vol_quiet + state_ext=neutral + state_slope=uptrend,60,0.0075151803659987,long,0.0075151803659987,0.65,0.0214025636230936,-0.0116018373854592,0.3491302547910736,1h-11
XYZ,1h,state_session=lunch + state_slope=flat + state_vol=mid_vol,90,-0.007512278877854,short,0.007512278877854,0.4777777777777778,0.0152387300391413,-0.0246825256853959,-0.1862583660093666,1h-11
XYZ,1h,state_ext=neutral + state_slope=flat + state_vol=mid_vol,218,-0.0074835319116714,short,0.0074835319116714,0.4678899082568807,0.0129501104853814,-0.0222678577471842,-0.1950046872561705,1h-11
XYZ,1h,state_volume=vol_quiet + state_ext=stretched_down,67,0.0073387763154496,long,0.0073387763154496,0.6268656716417911,0.019161789567722,-0.01371295782749,0.2808171824027334,1h-11
XYZ,1h,state_volume=vol_quiet + state_ext=stretched_up + state_slope=flat,16,0.0072619328197782,long,0.0072619328197782,0.5625,0.0202686492976362,-0.0109397740014508,0.4169691953085085,1h-11
XYZ,1h,cross_USO_state_slope=downtrend + cross_TLT_state_slope=downtrend + state_ext=neutral,109,-0.0072173540923202,short,0.0072173540923202,0.5321100917431193,0.0179290443434038,-0.0278379466096964,-0.1424917769666398,1h-11
XYZ,1h,cross_USO_state_slope=flat + cross_TLT_state_slope=flat + state_ext=stretched_down,83,0.0071695829916996,long,0.0071695829916996,0.5301204819277109,0.0225707015387578,-0.0158014112814606,0.2302337029900399,1h-11
XYZ,1h,cross_USO_state_ext=stretched_down + state_ext=stretched_down,154,0.006948564216161,long,0.006948564216161,0.6753246753246753,0.0251440364093136,-0.018464841641368,0.2350753454315838,1h-11
XYZ,1h,cross_USO_state_slope=flat + cross_TLT_state_slope=downtrend + state_ext=stretched_up,23,0.006898408321756,long,0.006898408321756,0.5652173913043478,0.0262660870683654,-0.0155414140811364,0.2968666799730893,1h-11
XYZ,1h,state_session=lunch + state_ext=neutral + state_slope=downtrend,79,0.0068766235383407,long,0.0068766235383407,0.569620253164557,0.0238618079935969,-0.0166123766255833,0.2423875711576631,1h-11
XYZ,1h,state_vix=vix_high + state_session=afternoon + state_ext=stretched_up,20,-0.006788714581595,short,0.006788714581595,0.6,0.0207939876134539,-0.0296303797373273,-0.2217124898297082,1h-11
XYZ,1h,state_ext=stretched_up + state_ret_1=ret_flat,235,0.0067483709458959,long,0.0067483709458959,0.5787234042553191,0.0218285364640921,-0.0132157524701326,0.2453354200363347,1h-11
XYZ,1h,state_session=afternoon + state_ext=stretched_up,306,0.0066994645466694,long,0.0066994645466694,0.5882352941176471,0.0234734802382833,-0.0151721765646042,0.2232456703384828,1h-11
XYZ,1h,cross_TLT_state_slope=flat + state_ext=stretched_up,298,0.0066224221352064,long,0.0066224221352064,0.5738255033557047,0.0209728431304824,-0.0134597387354588,0.2150719045216543,1h-11
XYZ,1h,state_session=afternoon + state_ext=stretched_up + state_slope=uptrend,270,0.0066058555534492,long,0.0066058555534492,0.5777777777777777,0.0233695095091156,-0.0153478107060396,0.2158809340064373,1h-11
XYZ,1h,state_vix=vix_mid + state_session=lunch + state_ext=stretched_down,118,-0.0066056756606894,short,0.0066056756606894,0.4576271186440678,0.0169938262782452,-0.0248274041645442,-0.1979558409654739,1h-11
XYZ,1h,state_breadth=breadth_weak + state_ext=stretched_down,210,0.0065442974203179,long,0.0065442974203179,0.5714285714285714,0.0256733963905174,-0.0177452085642204,0.1914012437540224,1h-11
XYZ,1h,state_vix=vix_low + state_ext=stretched_up,316,0.006437559744666,long,0.006437559744666,0.5253164556962026,0.0212233285396439,-0.0114309691545656,0.2138054145203952,1h-11
XYZ,1h,cross_USO_state_slope=flat + cross_TLT_state_ext=neutral + state_ext=stretched_up,232,0.006350350530152,long,0.006350350530152,0.5387931034482759,0.0227731992124968,-0.013211782115827,0.1937059354736555,1h-11
XYZ,1h,state_session=lunch + state_slope=downtrend + state_vol=high_vol,84,0.0063234863309803,long,0.0063234863309803,0.5833333333333334,0.0231277250622397,-0.0166764558922777,0.2881440344830032,1h-11
XYZ,1h,cross_USO_state_slope=flat + state_ext=stretched_up,234,0.0062769481557662,long,0.0062769481557662,0.5341880341880342,0.0226599822179957,-0.0132629467672028,0.1922341455641154,1h-11
XYZ,1h,cross_USO_state_ext=stretched_down + cross_TLT_state_slope=downtrend + state_ext=neutral,55,-0.0061536626637266,short,0.0061536626637266,0.509090909090909,0.01731432084284,-0.0240007539438974,-0.1452344038425025,1h-11
XYZ,1h,cross_USO_state_slope=downtrend + cross_TLT_state_slope=downtrend + state_ext=stretched_down,58,0.0061295990369844,long,0.0061295990369844,0.5172413793103449,0.0313142994511512,-0.020883032746747,0.1505735937996838,1h-11
XYZ,1h,cross_USO_state_ext=stretched_down + cross_TLT_state_slope=uptrend + state_ext=neutral,82,-0.0061119171782543,short,0.0061119171782543,0.4878048780487805,0.0161950451480375,-0.0219533089763717,-0.1911090529731345,1h-11
XYZ,1h,state_volume=vol_surge + state_slope=flat,81,-0.0060913937160478,short,0.0060913937160478,0.4320987654320987,0.0177834250914744,-0.0190627314004605,-0.2276918829563044,1h-11
XYZ,1h,state_slope=uptrend + state_vol=mid_vol,324,0.0060495685682708,long,0.0060495685682708,0.5370370370370371,0.0221800157741868,-0.013688743800047,0.1821789340172573,1h-11
XYZ,1h,cross_TLT_state_vol=low_vol + state_ext=stretched_up,385,0.0060278830160901,long,0.0060278830160901,0.5662337662337662,0.020706998645068,-0.0139523373315822,0.207632116429927,1h-11
XYZ,1h,cross_USO_state_slope=uptrend + state_ext=stretched_up,243,0.0059962255630529,long,0.0059962255630529,0.5761316872427984,0.0203801050587538,-0.0138095168665066,0.2346337954829649,1h-11
XYZ,1h,cross_USO_state_slope=uptrend + cross_TLT_state_ext=neutral + state_ext=stretched_up,242,0.0059651412612501,long,0.0059651412612501,0.5743801652892562,0.0203658779325795,-0.0137189176293256,0.2329765750471137,1h-11
XYZ,1h,state_session=afternoon + state_slope=flat + state_vol=mid_vol,126,-0.0059556546130682,short,0.0059556546130682,0.5238095238095238,0.0163811556553997,-0.0230790174276542,-0.1457531679766576,1h-11
XYZ,1h,state_volume=vol_surge + state_ext=stretched_down + state_slope=flat,33,-0.0059232951585546,short,0.0059232951585546,0.3333333333333333,0.0190886325995811,-0.0187306678159033,-0.2141454544374911,1h-11
XYZ,1h,state_session=lunch + state_ext=stretched_down + state_slope=flat,37,-0.0058821341825693,short,0.0058821341825693,0.4324324324324324,0.0199929760642448,-0.0245145620837966,-0.1841644101883036,1h-11
XYZ,1h,cross_TLT_state_slope=uptrend + state_slope=downtrend,205,0.005857274031676,long,0.005857274031676,0.6536585365853659,0.0204907129737981,-0.0154211570917227,0.2538209117418231,1h-11
XYZ,1h,cross_USO_state_slope=uptrend + cross_TLT_state_slope=flat + state_ext=stretched_up,102,0.0058500824874409,long,0.0058500824874409,0.5490196078431373,0.0180494880271345,-0.0142268082429072,0.247113423099914,1h-11
XYZ,1h,state_vix=vix_mid + state_session=afternoon + state_ext=neutral,261,-0.0057640276662749,short,0.0057640276662749,0.4712643678160919,0.0184600095090219,-0.023854066471734,-0.1667217631844401,1h-11
XYZ,1h,state_vix=vix_mid + state_session=afternoon + state_ext=stretched_up,168,0.0057455038823453,long,0.0057455038823453,0.6011904761904762,0.0210512113250729,-0.017309350188945,0.2176272539112333,1h-11
XYZ,1h,state_ext=stretched_up + state_ret_5=ret_flat,187,0.0057450399278284,long,0.0057450399278284,0.5668449197860963,0.0213923566839924,-0.014273020197042,0.2035300033319225,1h-11
XYZ,1h,state_vix=vix_mid + state_breadth=breadth_strong + state_ext=neutral,236,-0.0057360909994804,short,0.0057360909994804,0.4745762711864407,0.0133910381053905,-0.0186369607248734,-0.2006589237563405,1h-11
XYZ,1h,state_session=afternoon + state_ext=stretched_up + state_slope=flat,27,0.0056433061531764,long,0.0056433061531764,0.7037037037037037,0.0231019733374987,-0.015041402910515,0.2283405496744605,1h-11
XYZ,1h,cross_USO_state_ext=neutral + state_ext=stretched_up,400,0.0055169751227805,long,0.0055169751227805,0.58,0.0212227262879546,-0.0134455857998539,0.1853555094032683,1h-11
XYZ,1h,cross_USO_state_vol=low_vol + state_ext=stretched_down,197,-0.0054575078639367,short,0.0054575078639367,0.4619289340101523,0.0167296406254084,-0.0222266607261535,-0.1636309084071364,1h-11
XYZ,1h,cross_TLT_state_slope=flat + state_slope=uptrend,351,0.0053681155573935,long,0.0053681155573935,0.5783475783475783,0.0209592716239724,-0.0148718164434116,0.1764392002638561,1h-11
XYZ,1h,state_breadth=breadth_mixed + state_ext=stretched_up,205,0.0052603808671064,long,0.0052603808671064,0.5365853658536586,0.0205167635286374,-0.0120618557896289,0.1682511784339816,1h-11
XYZ,1h,cross_TLT_state_ext=stretched_up + state_ext=stretched_down,15,0.0052574942956823,long,0.0052574942956823,0.6,0.0280325641247653,-0.0170650551794438,0.408860368710855,1h-11
XYZ,1h,state_volume=vol_surge + state_ext=stretched_up + state_slope=uptrend,118,0.0052078345469552,long,0.0052078345469552,0.5169491525423728,0.0247134720642668,-0.0179770032178248,0.1231695624849326,1h-11
XYZ,1h,state_slope=flat + state_vol=mid_vol,317,-0.005166429808694,short,0.005166429808694,0.4763406940063091,0.0136161157129478,-0.0199921186857729,-0.1506970120551274,1h-11
XYZ,1h,state_ext=neutral + state_slope=downtrend + state_vol=high_vol,70,0.005138209485912,long,0.005138209485912,0.6428571428571429,0.0174404168695289,-0.012386844412057,0.2271683444138186,1h-11
XYZ,1h,cross_USO_state_ext=stretched_up + cross_TLT_state_slope=downtrend + state_ext=neutral,105,-0.005100308806713,short,0.005100308806713,0.3619047619047619,0.0125971151502407,-0.0190073630584556,-0.2637661802315633,1h-11
XYZ,1h,cross_USO_state_slope=uptrend + cross_TLT_state_slope=uptrend + state_ext=stretched_down,38,0.00509418825817,long,0.00509418825817,0.6578947368421053,0.0149701137784388,-0.0113328325810941,0.4056844662475312,1h-11
XYZ,1h,state_vix=vix_high + state_breadth=breadth_weak + state_ext=neutral,87,-0.0049980870626847,short,0.0049980870626847,0.3793103448275862,0.0190143993751696,-0.0232066221176599,-0.1644776098527116,1h-11
XYZ,1h,state_volume=vol_surge + state_slope=downtrend,179,0.0049760056794211,long,0.0049760056794211,0.5865921787709497,0.0236566387246349,-0.0180249241588879,0.1728867476240274,1h-11
XYZ,1h,cross_USO_state_slope=downtrend + cross_TLT_state_slope=flat + state_ext=stretched_down,51,-0.0049023785683989,short,0.0049023785683989,0.5294117647058824,0.01503923024742,-0.0253095556376678,-0.1611088010319266,1h-11
XYZ,1h,cross_TLT_state_slope=downtrend + state_ext=neutral,371,-0.0048882876065307,short,0.0048882876065307,0.4339622641509434,0.015193434354544,-0.0208284648527713,-0.1522442417786564,1h-11
XYZ,1h,state_ext=stretched_down + state_slope=downtrend + state_vol=mid_vol,222,0.0048725908638981,long,0.0048725908638981,0.536036036036036,0.018924339543154,-0.0143860298368961,0.1902656435776043,1h-11
XYZ,1h,state_session=lunch + state_slope=downtrend + state_vol=mid_vol,102,0.0048438984351434,long,0.0048438984351434,0.5392156862745098,0.0221125538164259,-0.0183534830708726,0.1525528147394612,1h-11
XYZ,1h,state_session=afternoon + state_ret_5=ret_up,308,0.004808604726476,long,0.004808604726476,0.6168831168831169,0.0233893337567534,-0.0167736644360767,0.1498180297167034,1h-11
XYZ,1h,state_session=afternoon + state_ext=neutral + state_slope=flat,292,-0.0047860504815419,short,0.0047860504815419,0.4897260273972603,0.0158809159340426,-0.021072769211963,-0.1466711205650308,1h-11
XYZ,1h,cross_USO_state_slope=uptrend + state_slope=uptrend,312,0.004671740761297,long,0.004671740761297,0.5384615384615384,0.0205233647958136,-0.015305412448919,0.1768365668032883,1h-11
XYZ,1h,cross_USO_state_ext=stretched_down + cross_TLT_state_slope=uptrend + state_ext=stretched_down,100,0.0046575750629906,long,0.0046575750629906,0.68,0.0214425711089962,-0.0186537887307543,0.2121603813001136,1h-11
XYZ,1h,cross_TLT_state_vol=high_vol + state_ext=neutral,207,-0.0046303077086512,short,0.0046303077086512,0.5024154589371981,0.0172584992162463,-0.0222413424491292,-0.108763181203849,1h-11
XYZ,1h,state_vix=vix_low + state_breadth=breadth_weak + state_ext=neutral,25,0.0045445688255239,long,0.0045445688255239,0.64,0.0200255650955799,-0.011649465347821,0.2495406103935977,1h-11
XYZ,1h,state_session=lunch + state_ext=stretched_up + state_slope=flat,31,0.004519530429037,long,0.004519530429037,0.5483870967741935,0.0212975658366243,-0.0168395434207281,0.2136147441543307,1h-11
XYZ,1h,state_session=afternoon + state_ext=neutral,562,-0.0045010403760513,short,0.0045010403760513,0.4804270462633452,0.0168262604405406,-0.0217197104286783,-0.1364976941886841,1h-11
XYZ,1h,state_volume=vol_normal + state_ext=stretched_up + state_slope=uptrend,417,0.0044965024730231,long,0.0044965024730231,0.5539568345323741,0.0193767477992748,-0.0144827134210861,0.1776934801636591,1h-11
XYZ,1h,cross_USO_state_ext=neutral + cross_TLT_state_slope=downtrend + state_ext=neutral,211,-0.0044529423261282,short,0.0044529423261282,0.4502369668246445,0.0159326038313002,-0.020907800342777,-0.1302402769548512,1h-11
XYZ,1h,cross_USO_state_ext=stretched_up + state_ext=neutral,278,-0.004439138287611,short,0.004439138287611,0.3992805755395683,0.0126953911435522,-0.0187468802140228,-0.2117082674202606,1h-11
XYZ,1h,cross_USO_state_vol=low_vol + state_ext=stretched_up,230,0.004434408556616,long,0.004434408556616,0.5869565217391305,0.0168526613598039,-0.0123585873381074,0.1962108621498615,1h-11
XYZ,1h,state_session=lunch + state_slope=downtrend + state_vol=low_vol,36,-0.0044304960955864,short,0.0044304960955864,0.5,0.0190389686459224,-0.0258468848655953,-0.1245677724303007,1h-11
XYZ,1h,cross_USO_state_slope=flat + cross_TLT_state_slope=downtrend + state_ext=neutral,104,-0.0043305115379114,short,0.0043305115379114,0.4230769230769231,0.0137552752880766,-0.0176582844443507,-0.2361360660916526,1h-11
XYZ,1h,state_volume=vol_normal + state_ext=stretched_up,518,0.0043296548787123,long,0.0043296548787123,0.5617760617760618,0.0187166615535819,-0.0142465381994974,0.1779114409278339,1h-11
XYZ,1h,state_volume=vol_quiet + state_slope=downtrend,95,0.0043209228336083,long,0.0043209228336083,0.6105263157894737,0.0172265938306102,-0.0128298524777741,0.2232987561099557,1h-11
XYZ,1h,state_ext=stretched_up + state_slope=flat + state_vol=high_vol,43,0.0042889113921579,long,0.0042889113921579,0.6046511627906976,0.020937999305435,-0.0161630059614971,0.213906178391478,1h-11
XYZ,1h,cross_USO_state_ext=neutral + cross_TLT_state_slope=uptrend + state_ext=stretched_down,79,-0.004288767718163,short,0.004288767718163,0.4810126582278481,0.0174871814375495,-0.0233796166080384,-0.1394195517636724,1h-11
XYZ,1h,state_vix=vix_low + state_breadth=breadth_strong + state_ext=stretched_up,229,0.0042690736001051,long,0.0042690736001051,0.4934497816593886,0.0190744703901184,-0.0126612150957705,0.175709958842582,1h-11
XYZ,1h,state_breadth=breadth_strong + state_ext=stretched_up,396,0.0042339997975939,long,0.0042339997975939,0.5454545454545454,0.0185706775836959,-0.014497193874243,0.1714492039081181,1h-11
XYZ,1h,cross_USO_state_ext=stretched_up + cross_TLT_state_slope=uptrend + state_ext=stretched_down,35,0.0042319586021199,long,0.0042319586021199,0.6571428571428571,0.0142263919726289,-0.0106431079449747,0.3965719668126493,1h-11
XYZ,1h,cross_USO_state_vol=high_vol + state_ext=stretched_down,331,0.0042099325015651,long,0.0042099325015651,0.5891238670694864,0.0213036126441608,-0.0179032871057208,0.1650583361531711,1h-11
XYZ,1h,cross_USO_state_slope=downtrend + state_slope=downtrend,233,0.0041994429487896,long,0.0041994429487896,0.6266094420600858,0.0226091644726907,-0.0190636426071797,0.1459410954454664,1h-11
XYZ,1h,state_vix=vix_mid + state_breadth=breadth_strong + state_ext=stretched_up,167,0.004185904583372,long,0.004185904583372,0.6167664670658682,0.0178798479269848,-0.0170147935165795,0.1654114966279452,1h-11
XYZ,1h,cross_USO_state_ext=stretched_up + cross_TLT_state_slope=flat + state_ext=neutral,132,-0.0041793234380186,short,0.0041793234380186,0.4242424242424242,0.0134728869666134,-0.0182367908170822,-0.1884927024090515,1h-11
XYZ,1h,cross_USO_state_slope=flat + cross_TLT_state_slope=flat + state_ext=neutral,157,-0.0041571903089257,short,0.0041571903089257,0.4777070063694267,0.0116819521574024,-0.0182303127362633,-0.1592968316248165,1h-11
XYZ,1h,state_session=morning + state_slope=flat + state_vol=high_vol,49,0.0041068650706178,long,0.0041068650706178,0.4897959183673469,0.0177898173793168,-0.0156151139031254,0.1234188011413276,1h-11
XYZ,1h,cross_TLT_state_slope=downtrend + state_slope=flat,272,-0.0041018798667814,short,0.0041018798667814,0.4411764705882353,0.016345653230855,-0.0223793360269084,-0.1100263869922974,1h-11
XYZ,1h,state_session=lunch + state_ext=stretched_up + state_slope=uptrend,177,0.0040932918183369,long,0.0040932918183369,0.5423728813559322,0.0228587088727501,-0.0186404733345152,0.1168901307758173,1h-11
XYZ,1h,cross_USO_state_slope=flat + cross_TLT_state_ext=neutral + state_ext=neutral,357,-0.0040589117481592,short,0.0040589117481592,0.4509803921568627,0.0126332730110326,-0.0179544283108565,-0.1691828455280016,1h-11
XYZ,1h,state_slope=downtrend + state_vol=mid_vol,346,0.0040490551232147,long,0.0040490551232147,0.523121387283237,0.0191738747411371,-0.0154346596595982,0.1540762728072961,1h-11
XYZ,1h,cross_USO_state_slope=flat + state_ext=neutral,359,-0.0040435034969989,short,0.0040435034969989,0.4484679665738161,0.0127600136999894,-0.0179172463800644,-0.1690070776057217,1h-11
XYZ,1h,cross_USO_state_ext=stretched_up + state_ext=stretched_up,172,0.0040309879721632,long,0.0040309879721632,0.5116279069767442,0.0196333162525899,-0.0164393966567692,0.1647179618068771,1h-11
XYZ,1h,state_vix=vix_mid + state_breadth=breadth_weak + state_ext=stretched_up,101,0.004007593471199,long,0.004007593471199,0.594059405940594,0.0219038552352601,-0.0183106173466001,0.1344890880467001,1h-11
XYZ,1h,cross_USO_state_ext=stretched_down + state_ext=neutral,216,-0.004007496417017,short,0.004007496417017,0.5231481481481481,0.0172446025293405,-0.0208882854334972,-0.1158944897269625,1h-11
XYZ,1h,state_vix=vix_mid + state_breadth=breadth_weak + state_ext=neutral,166,-0.0039494232782177,short,0.0039494232782177,0.4457831325301205,0.0188438641826892,-0.0217464772593609,-0.1374410834791011,1h-11
XYZ,1h,state_ext=neutral + state_ret_1=ret_down,353,-0.0039286593421453,short,0.0039286593421453,0.4447592067988669,0.0149338049509863,-0.019519625960169,-0.1359745470318874,1h-11
XYZ,1h,state_ext=stretched_up + state_slope=uptrend,613,0.0039170331846164,long,0.0039170331846164,0.5399673735725938,0.020071785693345,-0.0153529580598065,0.1353292391113116,1h-11
XYZ,1h,state_session=lunch + state_slope=downtrend,222,0.0038997866339903,long,0.0038997866339903,0.5495495495495496,0.0219982534493549,-0.0189340784835214,0.1332975361736102,1h-11
XYZ,1h,cross_TLT_state_ext=neutral + state_ext=stretched_up,750,0.0038812124175413,long,0.0038812124175413,0.5466666666666666,0.0194272963978454,-0.0148216687371603,0.1422786472977688,1h-11
XYZ,1h,state_volume=vol_normal + state_ext=stretched_up + state_slope=flat,76,0.0038563903717801,long,0.0038563903717801,0.631578947368421,0.0155266053788155,-0.0128521420094539,0.2157949717374748,1h-11
XYZ,1h,state_session=lunch + state_ext=stretched_up,216,0.0038404898369734,long,0.0038404898369734,0.5324074074074074,0.0222960882711333,-0.0185358963768481,0.1165147757980761,1h-11
XYZ,1h,state_ext=neutral + state_slope=flat,610,-0.0038088550989627,short,0.0038088550989627,0.4721311475409836,0.0143044691250202,-0.0192365332019405,-0.1286148285415751,1h-11
XYZ,1h,cross_USO_state_slope=uptrend + state_slope=flat,290,-0.0038085505585466,short,0.0038085505585466,0.4344827586206896,0.0133055709675131,-0.0179745983255812,-0.1605837226915686,1h-11
XYZ,1h,state_session=afternoon + state_slope=downtrend + state_vol=mid_vol,150,0.0037930066416735,long,0.0037930066416735,0.5133333333333333,0.0207312947949877,-0.0168241602904571,0.1389198318164039,1h-11
XYZ,1h,state_session=afternoon + state_ext=stretched_down + state_slope=downtrend,224,0.0037870238001817,long,0.0037870238001817,0.625,0.0211386286778093,-0.0184504095523674,0.1406977606585988,1h-11
XYZ,1h,cross_TLT_state_vol=high_vol + state_ext=stretched_up,116,-0.0037729265603168,short,0.0037729265603168,0.5258620689655172,0.0152199600220406,-0.0213749211872537,-0.1563992531069644,1h-11
XYZ,1h,cross_USO_state_vol=low_vol + state_ext=neutral,421,-0.0037140131422492,short,0.0037140131422492,0.4798099762470308,0.0138896059978454,-0.0188254281453679,-0.1372992072318301,1h-11
XYZ,1h,state_session=afternoon + state_slope=uptrend,385,0.0036958315330858,long,0.0036958315330858,0.535064935064935,0.0222447773181367,-0.0173463154030869,0.1214952481904435,1h-11
XYZ,1h,state_vix=vix_low + state_session=afternoon + state_ext=stretched_down,83,0.0036939785091639,long,0.0036939785091639,0.6265060240963856,0.020270660247406,-0.0179337012322914,0.1408648629114343,1h-11
XYZ,1h,state_breadth=breadth_strong + state_ext=neutral,697,-0.0036930527852249,short,0.0036930527852249,0.48493543758967,0.0131283118691182,-0.0180865663132457,-0.1257378567521194,1h-11
XYZ,1h,state_session=afternoon + state_ext=stretched_down + state_slope=flat,27,0.0036881422318571,long,0.0036881422318571,0.5555555555555556,0.0231079472756493,-0.0265177529942998,0.083764755217463,1h-11
XYZ,1h,state_ext=stretched_down + state_ret_1=ret_down,312,0.0036834045255104,long,0.0036834045255104,0.5737179487179487,0.0206271262774383,-0.0166637547549531,0.1301748430316909,1h-11
XYZ,1h,cross_USO_state_slope=downtrend + cross_TLT_state_slope=uptrend + state_ext=stretched_down,126,0.0036762796493395,long,0.0036762796493395,0.6507936507936508,0.0208995516536928,-0.0191982496973411,0.1608098569517,1h-11
XYZ,1h,cross_USO_state_slope=uptrend + cross_TLT_state_slope=downtrend + state_ext=neutral,158,-0.003648670291248,short,0.003648670291248,0.3734177215189873,0.0142528460895242,-0.0180795107449922,-0.1742185398860799,1h-11
XYZ,1h,state_ext=stretched_down + state_ret_1=ret_flat,189,0.0036375367264555,long,0.0036375367264555,0.5661375661375662,0.0186240935198668,-0.0177180444056523,0.1309217576979652,1h-11
XYZ,1h,state_volume=vol_surge + state_ext=neutral + state_slope=uptrend,27,-0.0036312934883972,short,0.0036312934883972,0.4814814814814814,0.0277725762212265,-0.0187452176510004,-0.130822470538377,1h-11
XYZ,1h,state_session=morning + state_slope=downtrend + state_vol=mid_vol,94,0.0035951535744325,long,0.0035951535744325,0.5212765957446809,0.0134998505522323,-0.0100501375045045,0.2181333366034367,1h-11
XYZ,1h,state_volume=vol_normal + state_ext=neutral + state_slope=flat,379,-0.0035927001824368,short,0.0035927001824368,0.4986807387862796,0.014506175771171,-0.0199963360485279,-0.1066205924568604,1h-11
XYZ,1h,cross_USO_state_ext=stretched_up + cross_TLT_state_slope=uptrend + state_ext=neutral,41,-0.0035823737910377,short,0.0035823737910377,0.4146341463414634,0.0104439162814459,-0.0197220290367233,-0.1669588171204368,1h-11
XYZ,1h,cross_USO_state_slope=flat + state_slope=uptrend,256,0.0035684525925615,long,0.0035684525925615,0.4921875,0.0210728509668782,-0.0148959518723736,0.1076988519516962,1h-11
XYZ,1h,cross_USO_state_slope=flat + cross_TLT_state_slope=uptrend + state_ext=neutral,98,-0.0035567926222293,short,0.0035567926222293,0.4285714285714285,0.0134309163226945,-0.0176905180473195,-0.1384675539595339,1h-11
XYZ,1h,state_volume=vol_surge + state_ext=stretched_up,145,0.0035437239335671,long,0.0035437239335671,0.5103448275862069,0.023399841425755,-0.0177132441779244,0.0900055597398153,1h-11
XYZ,1h,state_session=lunch + state_ext=neutral + state_slope=flat,167,-0.0035301035527082,short,0.0035301035527082,0.5089820359281437,0.016770382055063,-0.0215514990482165,-0.1074924608155499,1h-11
XYZ,1h,state_ext=stretched_down + state_vol=mid_vol,284,0.0035268353347828,long,0.0035268353347828,0.5176056338028169,0.0180940524215864,-0.0148167567410839,0.1390362103279279,1h-11
XYZ,1h,cross_TLT_state_vol=mid_vol + state_ext=stretched_up,256,0.0035206717845204,long,0.0035206717845204,0.5234375,0.0194629192714204,-0.0137609697701033,0.1355976441912362,1h-11
XYZ,1h,state_breadth=breadth_weak + state_ext=neutral,278,-0.0035137540215813,short,0.0035137540215813,0.4424460431654676,0.0190035011775384,-0.0212954243992297,-0.1231608285493988,1h-11
XYZ,1h,state_ext=stretched_down + state_slope=downtrend + state_vol=low_vol,74,-0.0034945420164687,short,0.0034945420164687,0.5,0.0137237403211942,-0.0239924469136042,-0.1079517354155683,1h-11
XYZ,1h,state_ext=stretched_up + state_ret_5=ret_up,512,0.0034844289463746,long,0.0034844289463746,0.55078125,0.0192622863949297,-0.0147849244035777,0.1251294958703434,1h-11
XYZ,1h,state_ext=stretched_up + state_slope=flat + state_vol=mid_vol,40,0.0034776900804884,long,0.0034776900804884,0.575,0.0160510459523844,-0.0119513078227135,0.1717464294105642,1h-11
XYZ,1h,state_volume=vol_quiet + state_ext=neutral + state_slope=flat,204,-0.003466269639666,short,0.003466269639666,0.4215686274509804,0.0136797484870337,-0.0172284509090156,-0.1754005506679035,1h-11
XYZ,1h,cross_USO_state_ext=stretched_up + cross_TLT_state_slope=flat + state_ext=stretched_up,68,-0.003432135965754,short,0.003432135965754,0.3235294117647059,0.0122322827332704,-0.0198482902732912,-0.1982950055162952,1h-11
XYZ,1h,state_slope=downtrend + state_vol=high_vol,285,0.0034210644124001,long,0.0034210644124001,0.6210526315789474,0.0203522647063516,-0.0165511800626104,0.1543279979059809,1h-11
XYZ,1h,cross_TLT_state_slope=downtrend + state_ext=stretched_up,156,0.0034116898429564,long,0.0034116898429564,0.5192307692307693,0.0213031944482295,-0.0169095441458944,0.1269345713447197,1h-11
XYZ,1h,state_ext=stretched_down + state_ret_1=ret_up,142,-0.0033994344429422,short,0.0033994344429422,0.4577464788732394,0.0168005370825527,-0.021942358346789,-0.1458605924963409,1h-11
XYZ,1h,state_volume=vol_surge + state_slope=uptrend,146,0.003397716316259,long,0.003397716316259,0.5068493150684932,0.0251280745321241,-0.0181655302264697,0.0850369744610237,1h-11
XYZ,1h,state_vix=vix_mid + state_ext=neutral,566,-0.0033792906309059,short,0.0033792906309059,0.4858657243816254,0.0164916349900198,-0.0198559127365907,-0.1147395118152532,1h-11
XYZ,1h,state_ext=neutral + state_vol=mid_vol,444,-0.0033496473045169,short,0.0033496473045169,0.4752252252252252,0.0155434386234639,-0.0200050861865608,-0.1009584729979242,1h-11
XYZ,1h,state_session=morning + state_slope=flat + state_vol=low_vol,104,-0.0033194246903916,short,0.0033194246903916,0.4423076923076923,0.0077452706778799,-0.0120452577291918,-0.2456641735209101,1h-11
XYZ,1h,state_session=afternoon + state_slope=flat,346,-0.0033109180179605,short,0.0033109180179605,0.5115606936416185,0.0170083679459406,-0.0210270110385064,-0.0997277692252213,1h-11
XYZ,1h,state_volume=vol_normal + state_ext=neutral + state_slope=uptrend,171,-0.0032644712752544,short,0.0032644712752544,0.4561403508771929,0.0144376003491553,-0.0186551068790612,-0.129300921184285,1h-11
XYZ,1h,state_session=morning + state_slope=uptrend + state_vol=high_vol,94,0.0032529130178628,long,0.0032529130178628,0.5531914893617021,0.0157119378837771,-0.0113135386216786,0.1767477500464407,1h-11
XYZ,1h,state_ext=stretched_up + state_slope=flat,113,0.0032388644012036,long,0.0032388644012036,0.6017699115044248,0.0166162486419627,-0.0127141458132901,0.1787415888029648,1h-11
XYZ,1h,state_ext=neutral + state_slope=downtrend,261,0.0031802473549036,long,0.0031802473549036,0.5517241379310345,0.0185678822810369,-0.0153929622486987,0.1201315457126802,1h-11
XYZ,1h,state_ext=neutral + state_ret_5=ret_down,312,-0.0031528204356553,short,0.0031528204356553,0.4743589743589743,0.0145965404927998,-0.0198231203358155,-0.111408290437275,1h-11
XYZ,1h,cross_USO_state_slope=uptrend + cross_TLT_state_slope=uptrend + state_ext=stretched_up,46,0.0031415050916334,long,0.0031415050916334,0.6086956521739131,0.0203840962996536,-0.0153109003759375,0.1106377960040462,1h-11
XYZ,1h,state_vix=vix_mid + state_breadth=breadth_strong + state_ext=stretched_down,199,-0.0031086592951036,short,0.0031086592951036,0.4874371859296482,0.0138311074316662,-0.0186382474661625,-0.117444903080151,1h-11
XYZ,1h,state_session=afternoon + state_slope=downtrend,334,0.003103971514248,long,0.003103971514248,0.6017964071856288,0.0207236788584091,-0.0186881616654166,0.1089063274516828,1h-11
XYZ,1h,state_volume=vol_surge + state_ext=stretched_down + state_slope=downtrend,149,0.0030950318030776,long,0.0030950318030776,0.5704697986577181,0.0220436050644828,-0.0191797329329979,0.1152167128070063,1h-11
XYZ,1h,cross_USO_state_slope=flat + state_slope=downtrend,214,0.0030868567686659,long,0.0030868567686659,0.5280373831775701,0.0195816343549788,-0.0165663519225153,0.1070744777157887,1h-11
XYZ,1h,state_vix=vix_high + state_session=lunch + state_ext=neutral,35,0.0030525762790758,long,0.0030525762790758,0.5142857142857142,0.0236970043907385,-0.0157951680493764,0.1429341919784375,1h-11
XYZ,1h,state_ext=stretched_down + state_slope=flat + state_vol=high_vol,32,-0.0029816251692759,short,0.0029816251692759,0.40625,0.0282680195100248,-0.0306947191631701,-0.055926183290597,1h-11
XYZ,1h,cross_USO_state_slope=uptrend + cross_TLT_state_ext=neutral + state_ext=neutral,431,-0.0028958138654019,short,0.0028958138654019,0.4385150812064965,0.0153014442938896,-0.018352113710163,-0.1088751154646395,1h-11
XYZ,1h,state_vix=vix_mid + state_ext=stretched_up,407,0.0028866800027303,long,0.0028866800027303,0.5700245700245701,0.0182151552445287,-0.0163992768704073,0.1170484389880309,1h-11
XYZ,1h,state_ext=stretched_down + state_slope=downtrend + state_vol=high_vol,208,0.0028799185657332,long,0.0028799185657332,0.6153846153846154,0.0212853206773828,-0.0178838255996224,0.1331426129231284,1h-11
XYZ,1h,state_vix=vix_low + state_breadth=breadth_strong + state_ext=neutral,454,-0.0028554631896357,short,0.0028554631896357,0.486784140969163,0.0128662924338269,-0.0179474161153577,-0.0955292995678346,1h-11
XYZ,1h,state_session=morning + state_ext=neutral + state_slope=uptrend,69,0.002848953361296,long,0.002848953361296,0.5942028985507246,0.0123949924251205,-0.0091700726072364,0.2114239977016164,1h-11
XYZ,1h,state_session=lunch + state_slope=flat,235,-0.0028385566585412,short,0.0028385566585412,0.502127659574468,0.0178749721638635,-0.0213964467412562,-0.0902882710855679,1h-11
XYZ,1h,state_ext=stretched_down + state_slope=downtrend,504,0.0028217105639667,long,0.0028217105639667,0.5634920634920635,0.019135132665167,-0.0172400305954744,0.1114939217547499,1h-11
XYZ,1h,state_session=afternoon + state_ext=neutral + state_slope=uptrend,112,-0.0028187433556645,short,0.0028187433556645,0.4375,0.0190102595670019,-0.0208765631395153,-0.1022248496251539,1h-11
XYZ,1h,state_ext=neutral + state_vol=high_vol,212,0.0028037606975468,long,0.0028037606975468,0.5613207547169812,0.0205004143854926,-0.0169210957891077,0.0967546371313678,1h-11
XYZ,1h,state_session=afternoon + state_slope=downtrend + state_vol=high_vol,114,0.0027977071872512,long,0.0027977071872512,0.7017543859649122,0.0226341113912719,-0.0195154996573035,0.1073611026845866,1h-11
XYZ,1h,state_volume=vol_quiet + state_slope=uptrend,139,0.0027939957546988,long,0.0027939957546988,0.5683453237410072,0.0188410460975701,-0.0140816319406122,0.1284806704530723,1h-11
XYZ,1h,cross_TLT_state_slope=flat + state_slope=downtrend,316,0.0027563462625409,long,0.0027563462625409,0.5348101265822784,0.0184341736061118,-0.016995113254499,0.0984792964517075,1h-11
XYZ,1h,state_session=morning + state_vol=high_vol,230,0.0027474004283671,long,0.0027474004283671,0.5391304347826087,0.0157652219571245,-0.0126961316245695,0.1272977921591035,1h-11
XYZ,1h,cross_USO_state_slope=uptrend + cross_TLT_state_slope=flat + state_ext=neutral,208,-0.0027079128913728,short,0.0027079128913728,0.4903846153846153,0.0163559217054787,-0.0183780050593552,-0.0888368793591143,1h-11
XYZ,1h,cross_USO_state_vol=mid_vol + state_ext=stretched_down,179,0.0027048542677244,long,0.0027048542677244,0.5083798882681564,0.0170589536267384,-0.0157705906199259,0.107219342004403,1h-11
XYZ,1h,cross_USO_state_slope=downtrend + cross_TLT_state_slope=uptrend + state_ext=stretched_up,138,0.0027015534337815,long,0.0027015534337815,0.572463768115942,0.0182178965233,-0.0146339044760007,0.1093862394147809,1h-11
XYZ,1h,state_session=lunch + state_slope=uptrend,256,0.002700390790203,long,0.002700390790203,0.53515625,0.0220117446222856,-0.0185292885218951,0.0809318384203568,1h-11
XYZ,1h,state_ext=stretched_up + state_ret_1=ret_up,345,0.0026931763136432,long,0.0026931763136432,0.5420289855072464,0.018756497509867,-0.0150685286454559,0.0965964286056783,1h-11
XYZ,1h,cross_USO_state_ext=stretched_up + cross_TLT_state_slope=uptrend + state_ext=stretched_up,30,0.0026869461161664,long,0.0026869461161664,0.5,0.0182956325360336,-0.0159994197105415,0.1646510236260187,1h-11
XYZ,1h,state_session=afternoon + state_ext=stretched_down,283,0.0026815501691383,long,0.0026815501691383,0.5901060070671378,0.0210526991333679,-0.0203344404421729,0.0908093348455023,1h-11
XYZ,1h,cross_TLT_state_ext=neutral + state_ext=neutral,1205,-0.0026799397530122,short,0.0026799397530122,0.4896265560165975,0.0155275286575075,-0.0186374883722142,-0.0928196560519996,1h-11
XYZ,1h,state_ext=neutral + state_slope=downtrend + state_vol=low_vol,68,0.0026376174149459,long,0.0026376174149459,0.5588235294117647,0.0179560266150543,-0.0147547668794318,0.0926448283977091,1h-11
XYZ,1h,state_ext=stretched_down + state_vol=low_vol,94,-0.0026335273680507,short,0.0026335273680507,0.5106382978723404,0.0134649903604322,-0.0227783838427657,-0.0879097899875722,1h-11
XYZ,1h,state_volume=vol_normal + state_ext=neutral + state_slope=downtrend,186,0.0025894660185204,long,0.0025894660185204,0.5483870967741935,0.0175894184892175,-0.0160789528220035,0.0989343144203001,1h-11
XYZ,1h,cross_USO_state_slope=uptrend + state_ext=neutral,435,-0.0025525084295765,short,0.0025525084295765,0.4436781609195402,0.0155169273974805,-0.018242904572882,-0.0954434799991687,1h-11
XYZ,1h,cross_USO_state_ext=stretched_down + cross_TLT_state_slope=flat + state_ext=stretched_down,28,0.0025447405202206,long,0.0025447405202206,0.5714285714285714,0.0179986683312169,-0.0152860002878597,0.1231249801497023,1h-11
XYZ,1h,state_ext=stretched_down + state_ret_5=ret_flat,140,0.0025260396126471,long,0.0025260396126471,0.5857142857142857,0.0171587892268418,-0.0171152691635319,0.1139370668715671,1h-11
XYZ,1h,state_ext=neutral + state_slope=flat + state_vol=low_vol,312,-0.0025120242396494,short,0.0025120242396494,0.4743589743589743,0.0133993315861844,-0.0166973180140761,-0.1263941904435322,1h-11
XYZ,1h,state_vix=vix_low + state_breadth=breadth_weak + state_ext=stretched_up,23,0.0025116335654833,long,0.0025116335654833,0.6086956521739131,0.0166926206827218,-0.0100178514241169,0.1602512506571053,1h-11
XYZ,1h,state_ext=stretched_down + state_slope=flat + state_vol=mid_vol,59,-0.00246535416663,short,0.00246535416663,0.4406779661016949,0.0144261484253547,-0.0170348529083951,-0.1062080607364521,1h-11
XYZ,1h,cross_USO_state_slope=downtrend + state_slope=flat,301,-0.0024437671362378,short,0.0024437671362378,0.5415282392026578,0.0176375588316765,-0.0212312943744671,-0.0639745681733162,1h-11
XYZ,1h,cross_USO_state_slope=downtrend + state_ext=stretched_down,235,0.0024200283956321,long,0.0024200283956321,0.5914893617021276,0.0221981856134063,-0.0209403519093505,0.0808184555794326,1h-11
XYZ,1h,state_session=morning + state_vol=low_vol,206,-0.0024101703082893,short,0.0024101703082893,0.4466019417475728,0.0087650787852601,-0.0112315885723834,-0.1887252192985992,1h-11
XYZ,1h,state_volume=vol_normal + state_slope=uptrend,600,0.0023700929219335,long,0.0023700929219335,0.5283333333333333,0.0182184275423374,-0.0157897657932301,0.0916785577486865,1h-11
XYZ,1h,state_ext=neutral + state_slope=downtrend + state_vol=mid_vol,123,0.0023659504991844,long,0.0023659504991844,0.4959349593495935,0.0195477909321945,-0.0174565844736992,0.0860466698857273,1h-11
XYZ,1h,state_ext=stretched_down + state_ret_5=ret_up,50,0.0023208293031674,long,0.0023208293031674,0.58,0.0213530218074496,-0.0187150231192679,0.1207497529558051,1h-11
XYZ,1h,state_session=afternoon + state_vol=mid_vol,419,0.0023182732912474,long,0.0023182732912474,0.5250596658711217,0.021423008808217,-0.0178134022626629,0.0655588416204241,1h-11
XYZ,1h,state_session=lunch + state_ext=stretched_down + state_slope=downtrend,142,0.0023158112446927,long,0.0023158112446927,0.5422535211267606,0.0210542765867436,-0.0202707809138619,0.0777103023755078,1h-11
XYZ,1h,state_session=lunch + state_vol=mid_vol,288,0.0023074596691669,long,0.0023074596691669,0.53125,0.021327738965657,-0.0193912414257521,0.0612041017134238,1h-11
XYZ,1h,state_ext=neutral + state_slope=uptrend + state_vol=high_vol,62,0.0023058499148123,long,0.0023058499148123,0.5806451612903226,0.0226330329564155,-0.0169332928151787,0.0767752919626116,1h-11
XYZ,1h,state_vix=vix_low + state_session=afternoon + state_ext=neutral,251,-0.0022620212427294,short,0.0022620212427294,0.50199203187251,0.0152599225441242,-0.0189818564899355,-0.070551869845946,1h-11
XYZ,1h,state_ext=neutral + state_slope=uptrend + state_vol=low_vol,94,-0.0022343209299575,short,0.0022343209299575,0.4893617021276595,0.015237868628951,-0.0157607856784224,-0.1110860034238655,1h-11
XYZ,1h,state_session=afternoon + state_slope=flat + state_vol=low_vol,158,-0.0022313915625874,short,0.0022313915625874,0.5,0.0148419592546317,-0.017726168041951,-0.102519743573103,1h-11
XYZ,1h,state_session=morning + state_ext=neutral + state_slope=flat,151,-0.00222746739374,short,0.00222746739374,0.3973509933774834,0.0085287742405719,-0.0131254059750882,-0.1292549577551773,1h-11
XYZ,1h,state_volume=vol_quiet + state_slope=flat,232,-0.0022060520335491,short,0.0022060520335491,0.4353448275862069,0.0146228540061505,-0.0169810006463166,-0.1010107132160961,1h-11
XYZ,1h,state_vix=vix_low + state_session=lunch + state_ext=neutral,156,-0.0021960509244918,short,0.0021960509244918,0.5256410256410257,0.0172009661388589,-0.020537524660392,-0.0654107992050449,1h-11
XYZ,1h,state_ext=stretched_down + state_vol=high_vol,251,0.0021870684880243,long,0.0021870684880243,0.5896414342629482,0.0225393295726375,-0.0198112303224049,0.0769862877807707,1h-11
XYZ,1h,state_vix=vix_mid + state_ext=stretched_down,413,-0.0021795361848884,short,0.0021795361848884,0.5084745762711864,0.0160731587631311,-0.0195536945017849,-0.0798719391796037,1h-11
XYZ,1h,state_volume=vol_normal + state_slope=flat,521,-0.0021697574438909,short,0.0021697574438909,0.5201535508637236,0.0149844961775012,-0.0191862194190067,-0.0677754567127748,1h-11
XYZ,1h,state_vix=vix_low + state_breadth=breadth_mixed + state_ext=neutral,67,0.0021687016593676,long,0.0021687016593676,0.5223880597014925,0.019716305973539,-0.0136783299038029,0.093615088172842,1h-11
XYZ,1h,state_session=afternoon + state_slope=downtrend + state_vol=low_vol,70,0.0021262410023025,long,0.0021262410023025,0.6285714285714286,0.0175960831550785,-0.0213350713106857,0.0614745437508376,1h-11
XYZ,1h,cross_TLT_state_vol=low_vol + state_ext=neutral,675,-0.0021165419683615,short,0.0021165419683615,0.4933333333333333,0.0155391739034733,-0.0181831046367435,-0.078479420324455,1h-11
XYZ,1h,state_volume=vol_normal + state_ext=neutral,796,-0.0020996109025912,short,0.0020996109025912,0.5025125628140703,0.0152510992096676,-0.0185508211809054,-0.0714001408888325,1h-11
XYZ,1h,state_session=morning + state_slope=flat + state_vol=mid_vol,101,-0.0020914917732924,short,0.0020914917732924,0.4158415841584158,0.0087207659891225,-0.0119615655031679,-0.1633033971268967,1h-11
XYZ,1h,cross_USO_state_slope=flat + cross_TLT_state_slope=downtrend + state_ext=stretched_down,54,0.0020701153162022,long,0.0020701153162022,0.4814814814814814,0.0219903253425064,-0.0173064775450854,0.0716380670488754,1h-11
XYZ,1h,state_volume=vol_surge + state_ext=stretched_up + state_slope=flat,21,-0.0020611864778919,short,0.0020611864778919,0.5238095238095238,0.0177769380471251,-0.0135666333409558,-0.1071890251606315,1h-11
XYZ,1h,cross_USO_state_ext=neutral + cross_TLT_state_slope=uptrend + state_ext=neutral,208,0.0020346624900607,long,0.0020346624900607,0.5192307692307693,0.0171588471756948,-0.0152264616389456,0.0847085194131519,1h-11
XYZ,1h,cross_TLT_state_slope=downtrend + state_slope=uptrend,192,0.0020312856279051,long,0.0020312856279051,0.4583333333333333,0.0210962259030738,-0.0168110092472165,0.0750628025410733,1h-11
XYZ,1h,cross_USO_state_slope=uptrend + state_slope=downtrend,326,0.0020174256122745,long,0.0020174256122745,0.5337423312883436,0.0159899313534764,-0.0148748949097603,0.0963758702965333,1h-11
XYZ,1h,state_slope=flat + state_vol=low_vol,362,-0.0020172545356216,short,0.0020172545356216,0.4917127071823204,0.0131657570533549,-0.0161296329769444,-0.1047576086463899,1h-11
XYZ,1h,state_vix=vix_low + state_session=morning + state_ext=stretched_down,62,-0.0020094663388461,short,0.0020094663388461,0.3387096774193548,0.0101449921506232,-0.0140242431084037,-0.1146013679525067,1h-11
XYZ,1h,cross_USO_state_slope=flat + cross_TLT_state_slope=uptrend + state_ext=stretched_up,119,-0.0020055593515509,short,0.0020055593515509,0.453781512605042,0.0142459952738192,-0.0168174598875594,-0.0964197062577771,1h-11
XYZ,1h,cross_USO_state_slope=uptrend + cross_TLT_state_slope=flat + state_ext=stretched_down,120,-0.0020052694465977,short,0.0020052694465977,0.5,0.0161825068689984,-0.0188952939468133,-0.0659929578975151,1h-11
XYZ,1h,state_ext=stretched_down + state_ret_5=ret_down,449,0.0020031617818466,long,0.0020031617818466,0.5300668151447662,0.0195969310497867,-0.0181718723682205,0.0683131929348091,1h-11
XYZ,1h,cross_USO_state_vol=high_vol + state_ext=neutral,500,-0.0020006450071811,short,0.0020006450071811,0.502,0.0177742050345519,-0.0198511982284806,-0.0580108045168614,1h-11
XYZ,1h,state_vix=vix_low + state_breadth=breadth_mixed + state_ext=stretched_down,58,0.0019786574042804,long,0.0019786574042804,0.5172413793103449,0.0161847698623573,-0.0142593165870621,0.113170754812452,1h-11
XYZ,1h,state_breadth=breadth_mixed + state_ext=neutral,255,0.0019740616035622,long,0.0019740616035622,0.5607843137254902,0.0191035225795764,-0.0170644049129274,0.0702863341652692,1h-11
XYZ,1h,state_volume=vol_normal + state_slope=downtrend,497,0.0019730363752532,long,0.0019730363752532,0.5412474849094567,0.0176410371837604,-0.0168219303698066,0.0767616665416481,1h-11
XYZ,1h,state_session=afternoon + state_volume=vol_surge,179,-0.0019616399862856,short,0.0019616399862856,0.5363128491620112,0.0243819674046467,-0.0253726317253936,-0.0448960623243884,1h-11
XYZ,1h,cross_TLT_state_slope=flat + state_slope=flat,360,-0.0019597061858894,short,0.0019597061858894,0.5277777777777778,0.0147274756529615,-0.0162930608870406,-0.0792087185267546,1h-11
XYZ,1h,state_ext=stretched_up + state_ret_1=ret_down,154,0.0019264392227812,long,0.0019264392227812,0.525974025974026,0.0179333868398534,-0.0173598880963847,0.0719024017414584,1h-11
XYZ,1h,state_session=morning + state_ext=stretched_down + state_slope=flat,48,-0.0019248716643406,short,0.0019248716643406,0.4166666666666667,0.0140938204409807,-0.0153223842999048,-0.067570642492453,1h-11
XYZ,1h,state_session=morning + state_ext=neutral + state_slope=downtrend,73,0.0019193803493288,long,0.0019193803493288,0.5342465753424658,0.0115539694694779,-0.0082538430392709,0.1562839447171732,1h-11
XYZ,1h,cross_TLT_state_slope=flat + state_ext=neutral,528,-0.0019111671633586,short,0.0019111671633586,0.5265151515151515,0.0158007695647052,-0.0177550169474766,-0.06747496758547,1h-11
XYZ,1h,state_session=morning + state_slope=downtrend + state_vol=low_vol,36,-0.0019049204367343,short,0.0019049204367343,0.3611111111111111,0.0088732750412045,-0.0098561770138512,-0.173727381722885,1h-11
XYZ,1h,state_session=lunch + state_vol=high_vol,220,0.001902935071995,long,0.001902935071995,0.5590909090909091,0.0229664674902889,-0.0197494576162886,0.0682411553653768,1h-11
XYZ,1h,state_vix=vix_low + state_ext=neutral,546,-0.0019001154876903,short,0.0019001154876903,0.4981684981684982,0.0140346673856667,-0.0171351861787962,-0.0660757556231207,1h-11
XYZ,1h,cross_TLT_state_vol=mid_vol + state_ext=neutral,348,-0.0018975752185579,short,0.0018975752185579,0.4798850574712643,0.0150671069980334,-0.0172423403429396,-0.0862749485652105,1h-11
XYZ,1h,state_ext=stretched_down + state_slope=flat,112,-0.0018790443248506,short,0.0018790443248506,0.4553571428571428,0.0182156970713095,-0.0210579694137679,-0.055617493963449,1h-11
XYZ,1h,state_breadth=breadth_strong + state_ext=stretched_down,334,-0.0018269139540125,short,0.0018269139540125,0.5029940119760479,0.0146241216041515,-0.0186113719254995,-0.0700269334231622,1h-11
XYZ,1h,state_session=morning + state_slope=downtrend,217,0.0018168626113331,long,0.0018168626113331,0.5069124423963134,0.0132064594049321,-0.0110185823036042,0.1170598853685844,1h-11
XYZ,1h,cross_USO_state_ext=stretched_down + cross_TLT_state_slope=uptrend + state_ext=stretched_up,104,0.0017764458231979,long,0.0017764458231979,0.5384615384615384,0.0177590596615856,-0.0168933269655173,0.0665373779369471,1h-11
XYZ,1h,state_session=morning + state_ext=stretched_down + state_slope=downtrend,138,0.0017753883786387,long,0.0017753883786387,0.4855072463768116,0.0139083098847631,-0.0121567593523219,0.1110724163868622,1h-11
XYZ,1h,cross_TLT_state_slope=downtrend + state_ext=stretched_down,239,0.0017700517463424,long,0.0017700517463424,0.4895397489539749,0.0200621327593543,-0.0174600786833811,0.0631506489511784,1h-11
XYZ,1h,cross_USO_state_slope=flat + state_ext=stretched_down,187,0.0017386878791289,long,0.0017386878791289,0.4919786096256685,0.0207609953356915,-0.018616669449379,0.0553557562016976,1h-11
XYZ,1h,state_session=morning + state_volume=vol_quiet,141,0.0017196043748594,long,0.0017196043748594,0.5177304964539007,0.012064097291949,-0.010428260648754,0.0957195763644987,1h-11
XYZ,1h,state_ext=neutral + state_vol=low_vol,474,-0.0017181851180808,short,0.0017181851180808,0.4894514767932489,0.0144176390629422,-0.0162329139703899,-0.0803500842781772,1h-11
XYZ,1h,cross_TLT_state_slope=uptrend + state_slope=flat,203,-0.0017076716587673,short,0.0017076716587673,0.4778325123152709,0.0142640956696161,-0.0176196797328756,-0.0748822041613865,1h-11
XYZ,1h,state_ext=stretched_up + state_slope=uptrend + state_vol=low_vol,151,0.0016753841890792,long,0.0016753841890792,0.4635761589403973,0.0182467063273849,-0.0157474833327225,0.0666415737524894,1h-11
XYZ,1h,state_volume=vol_normal + state_ext=stretched_down + state_slope=downtrend,305,0.0016710567601503,long,0.0016710567601503,0.5377049180327869,0.0177093016685678,-0.0172236594014149,0.0660222877348723,1h-11
XYZ,1h,cross_USO_state_slope=downtrend + cross_TLT_state_slope=flat + state_ext=stretched_up,104,-0.0016541409356819,short,0.0016541409356819,0.5480769230769231,0.0135174718775187,-0.0174525808591388,-0.0827615546778242,1h-11
XYZ,1h,state_ext=stretched_up + state_vol=low_vol,181,0.0016322867226776,long,0.0016322867226776,0.4917127071823204,0.0170746571477781,-0.014593960723149,0.0697574728169038,1h-11
XYZ,1h,state_vix=vix_mid + state_session=morning + state_ext=neutral,147,-0.0016160263938676,short,0.0016160263938676,0.4761904761904761,0.009582414874368,-0.0117231231923354,-0.1199782066178512,1h-11
XYZ,1h,state_ext=neutral + state_ret_1=ret_flat,443,-0.0016126151955769,short,0.0016126151955769,0.5169300225733634,0.0158802241265328,-0.0175319886606932,-0.0573005504651536,1h-11
XYZ,1h,state_session=lunch + state_ret_5=ret_up,264,0.0015793545963175,long,0.0015793545963175,0.5265151515151515,0.0215740198197147,-0.0194713823284051,0.0439885685315644,1h-11
XYZ,1h,cross_USO_state_vol=mid_vol + state_ext=neutral,309,-0.0015649633136424,short,0.0015649633136424,0.4886731391585761,0.0147902210859359,-0.0162679080669076,-0.0759487650391059,1h-11
XYZ,1h,state_vix=vix_mid + state_breadth=breadth_mixed + state_ext=stretched_down,96,-0.001463802392242,short,0.001463802392242,0.5416666666666666,0.0179545748500196,-0.0202442634383029,-0.0593142181365783,1h-11
XYZ,1h,state_session=lunch + state_slope=uptrend + state_vol=high_vol,92,-0.0014637731214756,short,0.0014637731214756,0.5760869565217391,0.0209838468335985,-0.0209596165350462,-0.0479409951403119,1h-11
XYZ,1h,state_session=morning + state_slope=downtrend + state_vol=high_vol,87,0.0014355389239662,long,0.0014355389239662,0.5517241379310345,0.0146825038790467,-0.01254594324092,0.0902591642659782,1h-11
XYZ,1h,state_session=morning + state_ret_5=ret_flat,200,0.0014308336684936,long,0.0014308336684936,0.495,0.0116006760017068,-0.0103336117854307,0.1027559287142578,1h-11
XYZ,1h,state_ext=neutral + state_slope=uptrend + state_vol=mid_vol,103,-0.0014256830860275,short,0.0014256830860275,0.4660194174757281,0.0162503337703389,-0.0182592756085613,-0.0553324132085538,1h-11
XYZ,1h,state_volume=vol_normal + state_ext=stretched_down,416,0.0014236494149,long,0.0014236494149,0.53125,0.017888298414686,-0.0175821672430365,0.0532214786742071,1h-11
XYZ,1h,state_ext=stretched_up + state_slope=flat + state_vol=low_vol,30,0.0014153628084561,long,0.0014153628084561,0.6333333333333333,0.0111753429437567,-0.0087878969216289,0.1244684164751406,1h-11
XYZ,1h,state_session=morning + state_slope=flat,254,-0.0013985214505629,short,0.0013985214505629,0.4409448818897638,0.0100708919960134,-0.0127006515783821,-0.0740364034678196,1h-11
XYZ,1h,state_session=morning + state_ext=stretched_down,220,0.0013971342008371,long,0.0013971342008371,0.4818181818181818,0.0146089737678206,-0.0127077769615073,0.070990981672665,1h-11
XYZ,1h,state_session=afternoon + state_volume=vol_quiet,188,-0.0013921900096968,short,0.0013921900096968,0.4787234042553192,0.0168130230470765,-0.0177290335535681,-0.0623492441102545,1h-11
XYZ,1h,cross_USO_state_vol=high_vol + state_ext=stretched_up,389,0.0013784375565432,long,0.0013784375565432,0.5115681233933161,0.0184180133119598,-0.0174961526360498,0.0586728784212982,1h-11
XYZ,1h,cross_USO_state_ext=neutral + cross_TLT_state_slope=flat + state_ext=neutral,317,-0.0013609936829055,short,0.0013609936829055,0.5583596214511041,0.0161508910180729,-0.0175890716396032,-0.0455739533313369,1h-11
XYZ,1h,state_ext=neutral + state_ret_5=ret_flat,534,-0.0013541616104333,short,0.0013541616104333,0.4831460674157303,0.0161295734918306,-0.0172249007240011,-0.0535252845537954,1h-11
XYZ,1h,state_session=afternoon + state_ext=neutral + state_slope=downtrend,109,0.0013456562807332,long,0.0013456562807332,0.5504587155963303,0.0194283914916017,-0.0192904114827752,0.0427495683762627,1h-11
XYZ,1h,state_session=lunch + state_ret_5=ret_flat,216,0.0013446974486666,long,0.0013446974486666,0.5185185185185185,0.0194989231513121,-0.0181872234390988,0.0520310159014549,1h-11
XYZ,1h,cross_USO_state_slope=flat + state_slope=flat,244,-0.0013434808501163,short,0.0013434808501163,0.4836065573770491,0.0142458997781858,-0.0160910786200587,-0.0658162573164558,1h-11
XYZ,1h,cross_USO_state_ext=stretched_up + cross_TLT_state_slope=flat + state_ext=stretched_down,91,-0.0013414753098273,short,0.0013414753098273,0.5164835164835165,0.0169341726838245,-0.0179009370287195,-0.0452607742340389,1h-11
XYZ,1h,state_session=morning + state_ext=stretched_up + state_slope=flat,55,0.0013366721436382,long,0.0013366721436382,0.5818181818181818,0.010793786827163,-0.0092464500413692,0.116908853763223,1h-11
XYZ,1h,state_ext=stretched_up + state_ret_5=ret_down,35,-0.001333298464199,short,0.001333298464199,0.4571428571428571,0.0142793699769315,-0.0211094545293731,-0.0735869524393496,1h-11
XYZ,1h,state_session=lunch + state_volume=vol_quiet,147,0.001321406479105,long,0.001321406479105,0.5306122448979592,0.0198419243166162,-0.017210116427317,0.0559196122689526,1h-11
XYZ,1h,state_session=afternoon + state_slope=uptrend + state_vol=low_vol,111,0.0013176873783237,long,0.0013176873783237,0.4864864864864865,0.0208818202114668,-0.0164791673221397,0.0496598444729717,1h-11
XYZ,1h,state_session=afternoon + state_vol=high_vol,307,0.0013034110113472,long,0.0013034110113472,0.6091205211726385,0.0211725250758426,-0.0215255067836199,0.0449540344011265,1h-11
XYZ,1h,state_session=lunch + state_ext=stretched_down,204,-0.0012927485260054,short,0.0012927485260054,0.5098039215686274,0.0207299000193392,-0.0224373448007156,-0.0387868598254392,1h-11
XYZ,1h,cross_USO_state_ext=neutral + state_ext=neutral,736,-0.0012877663455998,short,0.0012877663455998,0.5163043478260869,0.0163731685783668,-0.0178728065257892,-0.0432657453235192,1h-11
XYZ,1h,cross_TLT_state_slope=uptrend + state_ext=stretched_down,214,0.0012853430263475,long,0.0012853430263475,0.602803738317757,0.0188021876799441,-0.019088211977498,0.0521708924215952,1h-11
XYZ,1h,cross_USO_state_slope=downtrend + cross_TLT_state_ext=neutral + state_ext=neutral,417,-0.0012762593100685,short,0.0012762593100685,0.5755395683453237,0.0182390193685647,-0.0195172219963118,-0.0370711039834481,1h-11
XYZ,1h,cross_USO_state_slope=downtrend + cross_TLT_state_slope=flat + state_ext=neutral,163,0.0012688864886719,long,0.0012688864886719,0.6196319018404908,0.0190595590595865,-0.0165022380142847,0.0463070035196588,1h-11
XYZ,1h,state_session=afternoon + state_volume=vol_normal,779,0.0012652319602836,long,0.0012652319602836,0.5507060333761232,0.0193023188217103,-0.0187079094018235,0.041679052196429,1h-11
XYZ,1h,state_session=morning + state_slope=uptrend + state_vol=low_vol,66,-0.0012529966664307,short,0.0012529966664307,0.5,0.0103130329966775,-0.0106996677208544,-0.09984267203885,1h-11
XYZ,1h,state_volume=vol_surge + state_ext=stretched_down,222,-0.0012209698796433,short,0.0012209698796433,0.509009009009009,0.0209033798551433,-0.0217830760314616,-0.0395418236605765,1h-11
XYZ,1h,state_vix=vix_low + state_ext=stretched_down,201,0.0012160243387425,long,0.0012160243387425,0.5323383084577115,0.0165001751507784,-0.016697989187739,0.0524489087187226,1h-11
XYZ,1h,state_session=lunch + state_ext=neutral + state_slope=uptrend,78,-0.0012152225211984,short,0.0012152225211984,0.5128205128205128,0.0195511349221351,-0.0184765809547382,-0.0424636044408741,1h-11
XYZ,1h,state_session=afternoon + state_ret_5=ret_down,318,-0.0012024571564485,short,0.0012024571564485,0.5031446540880503,0.0180305835198831,-0.0217955703840413,-0.0380844220622654,1h-11
XYZ,1h,state_vix=vix_mid + state_breadth=breadth_weak + state_ext=stretched_down,118,-0.0011949170760852,short,0.0011949170760852,0.5169491525423728,0.0183236017344889,-0.0205357228253708,-0.0389931657556565,1h-11
XYZ,1h,state_slope=flat + state_vol=high_vol,155,0.0011662651199592,long,0.0011662651199592,0.4967741935483871,0.0227543304517041,-0.0215972213772361,0.0330118820364883,1h-11
XYZ,1h,state_session=lunch + state_ext=neutral,349,-0.001164627996417,short,0.001164627996417,0.5214899713467048,0.0189694378432728,-0.0201888850408704,-0.0372016419085714,1h-11
XYZ,1h,cross_USO_state_ext=neutral + cross_TLT_state_slope=flat + state_ext=stretched_down,135,0.0011499501211785,long,0.0011499501211785,0.5037037037037037,0.0187947953119483,-0.0208351590357507,0.0343082440796929,1h-11
XYZ,1h,state_ext=neutral + state_slope=flat + state_vol=high_vol,80,0.0011469988643466,long,0.0011469988643466,0.475,0.0215251328194955,-0.0208791130488221,0.0347149452752512,1h-11
XYZ,1h,state_vix=vix_mid + state_session=morning + state_ext=stretched_up,119,0.0011376609584107,long,0.0011376609584107,0.5546218487394958,0.0125705200682589,-0.0102705937225187,0.0786609944137053,1h-11
XYZ,1h,state_volume=vol_quiet + state_ext=stretched_up + state_slope=uptrend,78,-0.0011336495592501,short,0.0011336495592501,0.5,0.0167655268479412,-0.0160357104405786,-0.0532869494513245,1h-11
XYZ,1h,state_vix=vix_low + state_session=lunch + state_ext=stretched_down,56,0.0011144212291984,long,0.0011144212291984,0.6071428571428571,0.0179478730613058,-0.0178267062809701,0.0467834316795624,1h-11
XYZ,1h,cross_USO_state_slope=downtrend + state_ext=neutral,436,-0.0011136164635427,short,0.0011136164635427,0.573394495412844,0.0182892124351441,-0.0195181949918987,-0.0323464309907528,1h-11
XYZ,1h,cross_USO_state_ext=stretched_up + cross_TLT_state_slope=downtrend + state_ext=stretched_down,90,-0.0011013631226714,short,0.0011013631226714,0.4222222222222222,0.0119389431781156,-0.0156947621950941,-0.0733028151660496,1h-11
XYZ,1h,state_volume=vol_quiet + state_ext=neutral,315,-0.0010936032545061,short,0.0010936032545061,0.4793650793650794,0.0154374588622819,-0.0158372704810494,-0.0534236946368549,1h-11
XYZ,1h,state_vix=vix_mid + state_session=lunch + state_ext=neutral,158,-0.0010804518752941,short,0.0010804518752941,0.5189873417721519,0.0196682780757239,-0.0208179503197117,-0.0349489605147493,1h-11
XYZ,1h,state_ext=stretched_up + state_vol=high_vol,294,0.0010453861784792,long,0.0010453861784792,0.5680272108843537,0.0176024813735695,-0.0180728925632357,0.0454321129474996,1h-11
XYZ,1h,state_session=lunch + state_vol=low_vol,204,-0.0010420227476526,short,0.0010420227476526,0.4901960784313725,0.0171075455742126,-0.0198038815344608,-0.0411261305689983,1h-11
XYZ,1h,cross_USO_state_ext=neutral + cross_TLT_state_slope=downtrend + state_ext=stretched_up,67,-0.0010002710369785,short,0.0010002710369785,0.4477611940298507,0.0185516845281083,-0.0185973662808762,-0.0475702316465842,1h-11
XYZ,1h,state_session=afternoon + state_slope=uptrend + state_vol=high_vol,131,0.0009451438718767,long,0.0009451438718767,0.5725190839694656,0.0186552394289727,-0.021503118693345,0.0371144636482737,1h-11
XYZ,1h,state_volume=vol_normal + state_ext=stretched_down + state_slope=flat,66,-0.0009378170814986,short,0.0009378170814986,0.5151515151515151,0.017106967915369,-0.0218279721544229,-0.027395417741614,1h-11
XYZ,1h,state_slope=uptrend + state_vol=high_vol,317,0.0009303487183571,long,0.0009303487183571,0.5678233438485805,0.0184582726654938,-0.0183238671939755,0.0368267427254526,1h-11
XYZ,1h,cross_TLT_state_slope=uptrend + state_ext=stretched_up,303,0.0009196767169717,long,0.0009196767169717,0.5313531353135313,0.0169868369227193,-0.0155942506983525,0.0384716269984689,1h-11
XYZ,1h,state_vix=vix_low + state_session=morning + state_ext=neutral,139,-0.0009144732383674,short,0.0009144732383674,0.460431654676259,0.0082686123477474,-0.0099820994793365,-0.0783434076140726,1h-11
XYZ,1h,cross_TLT_state_slope=downtrend + state_slope=downtrend,252,0.0008928242448709,long,0.0008928242448709,0.5158730158730159,0.0184338399848244,-0.0170811539176516,0.0360481408309702,1h-11
XYZ,1h,state_session=lunch + state_volume=vol_surge,139,-0.0008868565042426,short,0.0008868565042426,0.5107913669064749,0.0262727764115563,-0.0249754231543268,-0.0208400140887158,1h-11
XYZ,1h,cross_USO_state_slope=flat + cross_TLT_state_ext=neutral + state_ext=stretched_down,180,0.0008650413354485,long,0.0008650413354485,0.4833333333333333,0.0202425070789512,-0.0191741410531842,0.0275487440125462,1h-11
XYZ,1h,state_ext=neutral + state_slope=uptrend,259,-0.0008259028206891,short,0.0008259028206891,0.5019305019305019,0.0174107802037223,-0.0170350710270062,-0.0330418828509717,1h-11
XYZ,1h,state_vix=vix_high + state_ext=neutral,118,-0.0008250351442486,short,0.0008250351442486,0.4830508474576271,0.019556026788117,-0.0193527940134029,-0.0296025300073103,1h-11
XYZ,1h,cross_USO_state_ext=stretched_down + cross_TLT_state_slope=flat + state_ext=stretched_up,66,-0.0008126950073049,short,0.0008126950073049,0.5606060606060606,0.0139876482109215,-0.0154132877474368,-0.0388165272254755,1h-11
XYZ,1h,state_ext=neutral + state_ret_1=ret_up,339,0.00078895478541,long,0.00078895478541,0.5191740412979351,0.0170801962432748,-0.0167525252935799,0.0294739252871073,1h-11
XYZ,1h,state_session=morning + state_volume=vol_surge,157,-0.0007826309226389,short,0.0007826309226389,0.4522292993630573,0.0143803141820259,-0.0138924896307873,-0.0418586457476898,1h-11
XYZ,1h,state_session=lunch + state_ret_5=ret_down,237,0.0007801590720798,long,0.0007801590720798,0.540084388185654,0.0206286577221374,-0.0210620730745715,0.0251132834817994,1h-11
XYZ,1h,cross_TLT_state_vol=low_vol + state_ext=stretched_down,344,-0.0007599106165166,short,0.0007599106165166,0.4912790697674418,0.0154521462383952,-0.0178656388673402,-0.0289492478633842,1h-11
XYZ,1h,state_session=morning + state_slope=uptrend,245,0.0007499690711994,long,0.0007499690711994,0.5183673469387755,0.0123508733125177,-0.0109443813752028,0.0491522557509886,1h-11
XYZ,1h,state_vix=vix_mid + state_session=afternoon + state_ext=stretched_down,165,-0.0007422223961211,short,0.0007422223961211,0.5454545454545454,0.0174928755904611,-0.0216654888377544,-0.0252428437875846,1h-11
XYZ,1h,state_session=afternoon + state_slope=flat + state_vol=high_vol,62,-0.0006871820335307,short,0.0006871820335307,0.5161290322580645,0.0238038731368268,-0.0252686302066213,-0.0173502674550666,1h-11
XYZ,1h,cross_TLT_state_slope=uptrend + state_ext=neutral,331,-0.0006792892329811,short,0.0006792892329811,0.4984894259818731,0.0160883216985586,-0.0174497841313258,-0.0260155579128378,1h-11
XYZ,1h,state_session=morning + state_ext=stretched_up + state_slope=uptrend,166,-0.0006442910187173,short,0.0006442910187173,0.4759036144578313,0.0117364192294128,-0.0118559675892861,-0.041581938699831,1h-11
XYZ,1h,cross_USO_state_ext=stretched_down + state_ext=stretched_up,185,-0.0006256893150764,short,0.0006256893150764,0.5027027027027027,0.0154280879122389,-0.0171250726844388,-0.0255483460446617,1h-11
XYZ,1h,state_vix=vix_mid + state_session=lunch + state_ext=stretched_up,120,0.0006187704568864,long,0.0006187704568864,0.5416666666666666,0.0198422732815675,-0.0212027850127775,0.0209807738984809,1h-11
XYZ,1h,cross_USO_state_slope=uptrend + cross_TLT_state_ext=neutral + state_ext=stretched_down,281,-0.0006123265586658,short,0.0006123265586658,0.505338078291815,0.0149776188344547,-0.0167716437305836,-0.0254762362190321,1h-11
XYZ,1h,state_vix=vix_mid + state_breadth=breadth_mixed + state_ext=neutral,164,0.0005892880668825,long,0.0005892880668825,0.5426829268292683,0.0185725546167842,-0.0196963942243066,0.018935920417822,1h-11
XYZ,1h,cross_USO_state_ext=neutral + state_ext=stretched_down,337,-0.0005770711673087,short,0.0005770711673087,0.4896142433234421,0.0190361061165404,-0.020385660706219,-0.018880623514187,1h-11
XYZ,1h,cross_USO_state_slope=downtrend + cross_TLT_state_slope=uptrend + state_ext=neutral,164,0.0005751604896631,long,0.0005751604896631,0.5548780487804879,0.0177629430584098,-0.0169861709736738,0.0219983342611873,1h-11
XYZ,1h,state_slope=downtrend + state_vol=low_vol,142,-0.0005580149648053,short,0.0005580149648053,0.528169014084507,0.0157504689689582,-0.0195687691507611,-0.0182282078629421,1h-11
XYZ,1h,state_ext=stretched_down + state_slope=flat + state_vol=low_vol,20,0.0005522268310959,long,0.0005522268310959,0.55,0.0125076155056129,-0.018286350480663,0.0293935743403624,1h-11
XYZ,1h,state_vix=vix_mid + state_breadth=breadth_mixed + state_ext=stretched_up,139,0.0005112644251585,long,0.0005112644251585,0.4964028776978417,0.0159377280716218,-0.0142709555178446,0.0266878202616296,1h-11
XYZ,1h,cross_USO_state_slope=downtrend + state_ext=stretched_up,280,-0.0005054329401285,short,0.0005054329401285,0.5285714285714286,0.0159479135932262,-0.0175525244622874,-0.0213209497376432,1h-11
XYZ,1h,state_session=lunch + state_slope=flat + state_vol=high_vol,44,0.0005031816184618,long,0.0005031816184618,0.4772727272727273,0.0268040916805535,-0.0230857649865437,0.015964980847573,1h-11
XYZ,1h,state_session=morning + state_slope=uptrend + state_vol=mid_vol,85,-0.0004627484853037,short,0.0004627484853037,0.4941176470588235,0.0102162543848362,-0.0107261498460059,-0.0357311480342968,1h-11
XYZ,1h,state_session=morning + state_ret_5=ret_up,279,-0.0004475918091334,short,0.0004475918091334,0.4946236559139785,0.0106090744764266,-0.0112981840621645,-0.0314472011460189,1h-11
XYZ,1h,state_ext=neutral + state_ret_5=ret_up,289,-0.0004392641220345,short,0.0004392641220345,0.5397923875432526,0.0170569068644681,-0.0171394272794439,-0.0136429702255526,1h-11
XYZ,1h,state_ext=stretched_up + state_slope=uptrend + state_vol=high_vol,244,0.000436945552305,long,0.000436945552305,0.5614754098360656,0.0168958032547056,-0.0183944658728214,0.0188506832459588,1h-11
XYZ,1h,cross_USO_state_slope=uptrend + cross_TLT_state_slope=uptrend + state_ext=neutral,69,0.000426008993579,long,0.000426008993579,0.463768115942029,0.015882348130719,-0.0182097933210002,0.0159671350993464,1h-11
XYZ,1h,state_volume=vol_quiet + state_ext=neutral + state_slope=downtrend,46,-0.0004122485192483,short,0.0004122485192483,0.5217391304347826,0.0154234949549763,-0.0141273388143149,-0.0225203395888786,1h-11
XYZ,1h,cross_TLT_state_slope=flat + state_ext=stretched_down,254,0.0004111092430354,long,0.0004111092430354,0.515748031496063,0.0180404322622643,-0.0191722037303145,0.0133030390646043,1h-11
XYZ,1h,state_session=morning + state_ext=stretched_up,235,-0.0004051680809871,short,0.0004051680809871,0.502127659574468,0.0115803283187746,-0.0116064227462083,-0.0261740634630738,1h-11
XYZ,1h,state_session=morning + state_ext=neutral,319,-0.0003493913426414,short,0.0003493913426414,0.4764890282131661,0.0101194758088934,-0.0113651718367825,-0.0224243466746664,1h-11
XYZ,1h,cross_USO_state_slope=uptrend + cross_TLT_state_slope=downtrend + state_ext=stretched_down,127,-0.0003485086916864,short,0.0003485086916864,0.4803149606299212,0.0141034865576659,-0.0159621505400169,-0.0181245413785075,1h-11
XYZ,1h,cross_USO_state_ext=stretched_up + state_ext=stretched_down,216,-0.0003383258479653,short,0.0003383258479653,0.5,0.0144140662930576,-0.0158056603946577,-0.0153903171000082,1h-11
XYZ,1h,cross_USO_state_ext=stretched_down + cross_TLT_state_slope=flat + state_ext=neutral,79,-0.0003289945690363,short,0.0003289945690363,0.569620253164557,0.0182854784536997,-0.0176159095020071,-0.0105677264096568,1h-11
XYZ,1h,state_session=lunch + state_volume=vol_normal,481,0.0003254611459073,long,0.0003254611459073,0.5239085239085239,0.0189017888855643,-0.0197696656253762,0.0104028236652018,1h-11
XYZ,1h,state_session=lunch + state_slope=flat + state_vol=low_vol,100,-0.0003246610720547,short,0.0003246610720547,0.53,0.0161546634058317,-0.0178548578318966,-0.016109426417959,1h-11
XYZ,1h,cross_USO_state_slope=uptrend + state_ext=stretched_down,285,-0.000320399240791,short,0.000320399240791,0.512280701754386,0.0150944138269616,-0.0165799158957239,-0.0133431828860856,1h-11
XYZ,1h,state_session=morning + state_vol=mid_vol,280,0.0003120362344403,long,0.0003120362344403,0.475,0.0107791604982939,-0.0109448349219782,0.021754253378752,1h-11
XYZ,1h,state_session=lunch + state_slope=uptrend + state_vol=low_vol,68,-0.0003030687334492,short,0.0003030687334492,0.4264705882352941,0.0174863247838676,-0.0194708558041017,-0.011651121014563,1h-11
XYZ,1h,state_vix=vix_low + state_session=morning + state_ext=stretched_up,107,-0.0002970620228481,short,0.0002970620228481,0.4766355140186916,0.0108344620527389,-0.0108278053213818,-0.0202354359112505,1h-11
XYZ,1h,state_volume=vol_quiet + state_ext=stretched_up,94,0.0002953857393079,long,0.0002953857393079,0.5106382978723404,0.0173618030095914,-0.0151683170041313,0.0141835602864454,1h-11
XYZ,1h,state_session=afternoon + state_ret_5=ret_flat,445,0.0002881445611064,long,0.0002881445611064,0.5280898876404494,0.019064923225342,-0.0185800602841043,0.0098146747819475,1h-11
XYZ,1h,state_session=morning + state_ret_5=ret_down,241,0.0002761738321385,long,0.0002761738321385,0.4730290456431535,0.0134033327171411,-0.0131124997752486,0.0131399646543187,1h-11
XYZ,1h,state_breadth=breadth_mixed + state_ext=stretched_down,163,0.0002356707062493,long,0.0002356707062493,0.5460122699386503,0.0191712750295313,-0.0195391649963768,0.010744736563793,1h-11
XYZ,1h,cross_USO_state_slope=downtrend + state_slope=uptrend,318,-0.0002300923781336,short,0.0002300923781336,0.5534591194968553,0.0170668873853457,-0.0173413533500878,-0.0092486311162481,1h-11
XYZ,1h,cross_TLT_state_vol=mid_vol + state_ext=stretched_down,230,-0.0002265017245822,short,0.0002265017245822,0.5434782608695652,0.0183620145347309,-0.0197022684450221,-0.0077672262618612,1h-11
XYZ,1h,state_breadth=breadth_weak + state_ext=stretched_up,156,0.000187983714302,long,0.000187983714302,0.5576923076923077,0.0202582841530594,-0.0202588447464927,0.0065362798316778,1h-11
XYZ,1h,state_slope=uptrend + state_vol=low_vol,245,0.0001753340617753,long,0.0001753340617753,0.473469387755102,0.0170922951288021,-0.0157525870898482,0.0075010891254553,1h-11
XYZ,1h,state_session=afternoon + state_vol=low_vol,339,-0.0001694976334327,short,0.0001694976334327,0.5221238938053098,0.0173883109928027,-0.0180630593366778,-0.0064192581008284,1h-11
XYZ,1h,cross_USO_state_ext=neutral + cross_TLT_state_slope=downtrend + state_ext=stretched_down,123,-8.864715453081358e-05,short,8.864715453081358e-05,0.4796747967479675,0.0202957972406071,-0.017969361594589,-0.0033005565761571,1h-11
XYZ,1h,cross_USO_state_ext=neutral + cross_TLT_state_slope=uptrend + state_ext=stretched_up,169,7.87177286677872e-05,long,7.87177286677872e-05,0.5325443786982249,0.0162792923473257,-0.01472289565604,0.0033794630255015,1h-11
XYZ,1h,cross_TLT_state_slope=uptrend + state_slope=uptrend,343,6.916094393879068e-05,long,6.916094393879068e-05,0.521865889212828,0.0169621869940236,-0.0164882839114147,0.0026754579566811,1h-11
XYZ,1h,state_vix=vix_low + state_breadth=breadth_strong + state_ext=stretched_down,135,6.247362285494326e-05,long,6.247362285494326e-05,0.5259259259259259,0.0157930832361855,-0.0185717553877815,0.0024501782214653,1h-11
XYZ,1h,state_session=morning + state_volume=vol_normal,470,4.584382354543282e-05,long,4.584382354543282e-05,0.4914893617021276,0.0109539808087053,-0.011441854107696,0.0029076036062449,1h-11
XYZ,1h,cross_TLT_state_ext=neutral + state_ext=stretched_down,676,-3.529712407247078e-05,short,3.529712407247078e-05,0.5236686390532544,0.0174899523157095,-0.0188140997191851,-0.0013139410924019,1h-11
XYZ,1h,cross_USO_state_slope=downtrend + cross_TLT_state_ext=neutral + state_ext=stretched_down,215,-3.490480590057051e-05,short,3.490480590057051e-05,0.5813953488372093,0.0184690492964031,-0.0211821122432649,-0.0013244609510741,1h-11
XYZ,1h,cross_USO_state_slope=downtrend + cross_TLT_state_ext=neutral + state_ext=stretched_up,276,-2.1507953122535323e-05,short,2.1507953122535323e-05,0.5289855072463768,0.015791839207973,-0.0171418117235564,-0.0009384969865934,1h-11
XYZ,1h,state_vix=vix_mid + state_session=morning + state_ext=stretched_down,130,1.3753684326400783e-05,long,1.3753684326400783e-05,0.5076923076923077,0.0134355276608779,-0.012086434458396,0.0008809851860273,1h-11
