symbol,timeframe,slice_combination,window,diagnostic_status,window_start_utc,window_end_utc,window_rows,slice_n,slice_mean_ret_costadj,slice_win_rate,slice_t_stat_nw,slice_p_value_nw,slice_pass,baseline_n,baseline_mean_ret_costadj,excess_vs_baseline,best_parent_filter,best_parent_n,best_parent_mean_ret_costadj,excess_vs_best_parent,best_parent_p_value_nw,bin_mode
ABBV,1d,cross_USO_state_slope=flat + cross_TLT_state_slope=uptrend + state_ext=stretched_up,all,ok,2021-07-12 00:00:00+00:00,2026-07-09 00:00:00+00:00,1254.0,63.0,0.0180491989305497,0.8095238095238095,4.441346165050387,8.939784638783976e-06,True,1254.0,0.0040771393461533,0.0139720595843963,cross_TLT_state_slope=uptrend + state_ext=stretched_up,217.0,0.0113844843088834,0.0066647146216662,8.506614379166777e-05,rolling
ABBV,1d,cross_USO_state_slope=flat + cross_TLT_state_slope=uptrend + state_ext=stretched_up,calendar_2024,ok,2024-01-02 00:00:00+00:00,2024-12-31 00:00:00+00:00,252.0,28.0,0.0059098631244402,0.6785714285714286,1.9849344055174396,0.0471517698814312,True,252.0,0.0033874088431481,0.002522454281292,cross_TLT_state_slope=uptrend + state_ext=stretched_up,58.0,0.007770049019987,-0.0018601858955467,0.0802291319584345,rolling
ABBV,1d,cross_USO_state_slope=flat + cross_TLT_state_slope=uptrend + state_ext=stretched_up,calendar_2025,ok,2025-01-02 00:00:00+00:00,2025-12-31 00:00:00+00:00,250.0,23.0,0.0239042790455089,0.8695652173913043,3.4051836965604494,0.0006611956048727,True,250.0,0.0057980270669655,0.0181062519785434,cross_USO_state_slope=flat + cross_TLT_state_slope=uptrend,39.0,0.0214239525004024,0.0024803265451065,0.0060696065930179,rolling
ABBV,1d,cross_USO_state_slope=flat + cross_TLT_state_slope=uptrend + state_ext=stretched_up,calendar_2026_ytd,ok,2026-01-02 00:00:00+00:00,2026-07-09 00:00:00+00:00,129.0,0.0,,,,,False,129.0,0.0046711860824212,,cross_USO_state_slope=flat + cross_TLT_state_slope=uptrend,2.0,0.0372714081065329,,0.0,rolling
ABBV,1d,cross_USO_state_slope=flat + cross_TLT_state_slope=uptrend + state_ext=stretched_up,latest_12m,ok,2025-07-09 00:00:00+00:00,2026-07-09 00:00:00+00:00,252.0,19.0,0.0239248924041432,0.8421052631578947,2.823322209163669,0.0047528778792496,True,252.0,0.0061183674228051,0.017806524981338,cross_USO_state_slope=flat + cross_TLT_state_slope=uptrend,31.0,0.0204832980216919,0.0034415943824512,0.0137525488849712,rolling
ABBV,1d,cross_USO_state_slope=flat + cross_TLT_state_slope=uptrend + state_ext=stretched_up,latest_6m,ok,2026-01-09 00:00:00+00:00,2026-07-09 00:00:00+00:00,124.0,0.0,,,,,False,124.0,0.0059757593575805,,cross_USO_state_slope=flat + cross_TLT_state_slope=uptrend,2.0,0.0372714081065329,,0.0,rolling
AFRM,1h,state_session=afternoon + state_ext=neutral + state_slope=flat,all,ok,2025-07-11 13:00:00+00:00,2026-07-15 14:00:00+00:00,1795.0,101.0,0.0103252434117703,0.6039603960396039,3.3162912740697656,0.0009122069993452,True,1795.0,-0.0011875096308049,0.0115127530425752,state_ext=neutral + state_slope=flat,312.0,0.0091393439961577,0.0011858994156126,0.0001883735657275,rolling
AFRM,1h,state_session=afternoon + state_ext=neutral + state_slope=flat,calendar_2024,empty_window,,,,,,,,,,,,,,,,,,rolling
AFRM,1h,state_session=afternoon + state_ext=neutral + state_slope=flat,calendar_2025,ok,2025-07-11 13:00:00+00:00,2025-12-31 20:00:00+00:00,841.0,45.0,0.0017887069155562,0.4888888888888889,0.5721525274391226,0.5672186457091943,False,841.0,-0.0011208513682383,0.0029095582837946,state_ext=neutral + state_slope=flat,143.0,0.0068290891669783,-0.005040382251422,0.0152961725605069,rolling
AFRM,1h,state_session=afternoon + state_ext=neutral + state_slope=flat,calendar_2026_ytd,ok,2026-01-02 14:00:00+00:00,2026-07-15 14:00:00+00:00,954.0,56.0,0.0171849602390852,0.6964285714285714,4.296309153348559,1.7366534522444965e-05,True,954.0,-0.0012462723130046,0.0184312325520898,state_session=afternoon + state_slope=flat,73.0,0.0116384372129078,0.0055465230261773,0.0014415602990864,rolling
AFRM,1h,state_session=afternoon + state_ext=neutral + state_slope=flat,latest_12m,ok,2025-07-15 14:00:00+00:00,2026-07-15 14:00:00+00:00,1780.0,101.0,0.0103252434117703,0.6039603960396039,3.3162912740697656,0.0009122069993452,True,1780.0,-0.0013075786555764,0.0116328220673467,state_ext=neutral + state_slope=flat,312.0,0.0091393439961577,0.0011858994156126,0.0001883735657275,rolling
AFRM,1h,state_session=afternoon + state_ext=neutral + state_slope=flat,latest_6m,ok,2026-01-15 14:00:00+00:00,2026-07-15 14:00:00+00:00,891.0,53.0,0.0161517663885021,0.6981132075471698,3.921188929546422,8.811314268797332e-05,True,891.0,-0.0013613444021392,0.0175131107906414,state_session=afternoon + state_slope=flat,70.0,0.0106184537392016,0.0055333126493004,0.0038138156318239,rolling
AMC,1h,cross_TLT_state_slope=flat + state_slope=flat,all,ok,2025-07-11 13:00:00+00:00,2026-07-15 14:00:00+00:00,1795.0,161.0,0.007903804919305,0.6832298136645962,3.046590041397878,0.0023145314556218,True,1795.0,0.000351108197199,0.0075526967221059,state_slope=flat,404.0,0.0040894153400756,0.0038143895792293,0.0353322898847952,rolling
AMC,1h,cross_TLT_state_slope=flat + state_slope=flat,calendar_2024,empty_window,,,,,,,,,,,,,,,,,,rolling
AMC,1h,cross_TLT_state_slope=flat + state_slope=flat,calendar_2025,ok,2025-07-11 13:00:00+00:00,2025-12-31 20:00:00+00:00,841.0,96.0,0.0045032097564603,0.6666666666666666,1.2548292731155106,0.2095407434762504,False,841.0,0.0039560551253174,0.0005471546311429,cross_TLT_state_slope=flat,242.0,0.0047005294101251,-0.0001973196536647,0.0567468941677078,rolling
AMC,1h,cross_TLT_state_slope=flat + state_slope=flat,calendar_2026_ytd,ok,2026-01-02 14:00:00+00:00,2026-07-15 14:00:00+00:00,954.0,65.0,0.0129262223905832,0.7076923076923077,4.736242711911725,2.177168304307031e-06,True,954.0,-0.0028268376796851,0.0157530600702684,state_slope=flat,217.0,0.0038667042313458,0.0090595181592374,0.171795819047265,rolling
AMC,1h,cross_TLT_state_slope=flat + state_slope=flat,latest_12m,ok,2025-07-15 14:00:00+00:00,2026-07-15 14:00:00+00:00,1780.0,161.0,0.007903804919305,0.6832298136645962,3.046590041397878,0.0023145314556218,True,1780.0,0.0002154221825097,0.0076883827367953,state_slope=flat,404.0,0.0040894153400756,0.0038143895792293,0.0353322898847952,rolling
AMC,1h,cross_TLT_state_slope=flat + state_slope=flat,latest_6m,ok,2026-01-15 14:00:00+00:00,2026-07-15 14:00:00+00:00,891.0,56.0,0.0126304120002464,0.6785714285714286,4.076052523868491,4.580667634002111e-05,True,891.0,-0.0027693979242745,0.015399809924521,state_slope=flat,197.0,0.0033472594277279,0.0092831525725184,0.2755581948894519,rolling
AXP,1d,cross_TLT_state_slope=uptrend + state_ext=neutral,all,ok,2021-07-12 00:00:00+00:00,2026-07-09 00:00:00+00:00,1254.0,83.0,0.0200759448312345,0.7469879518072289,3.9985613723356215,6.372865731796296e-05,True,1254.0,0.0037439424558564,0.016332002375378,cross_TLT_state_slope=uptrend,405.0,0.008969457303047,0.0111064875281875,0.0139096190062895,rolling
AXP,1d,cross_TLT_state_slope=uptrend + state_ext=neutral,calendar_2024,ok,2024-01-02 00:00:00+00:00,2024-12-31 00:00:00+00:00,252.0,29.0,0.0164619084775678,0.7241379310344828,2.993135030067775,0.0027612755037762,True,252.0,0.0100036000088284,0.0064583084687394,state_ext=neutral,68.0,0.017537404358785,-0.0010754958812171,0.0081816103045804,rolling
AXP,1d,cross_TLT_state_slope=uptrend + state_ext=neutral,calendar_2025,ok,2025-01-02 00:00:00+00:00,2025-12-31 00:00:00+00:00,250.0,17.0,0.0288314759085929,0.8235294117647058,2.3667208486073714,0.0179464633442969,True,250.0,0.0054961758479972,0.0233353000605957,cross_TLT_state_slope=uptrend,99.0,0.008311913320819,0.0205195625877738,0.2734163469731845,rolling
AXP,1d,cross_TLT_state_slope=uptrend + state_ext=neutral,calendar_2026_ytd,ok,2026-01-02 00:00:00+00:00,2026-07-09 00:00:00+00:00,129.0,3.0,0.0692286966806521,1.0,7.43860359390125,1.0169642905566435e-13,False,129.0,-0.0023532482884881,0.0715819449691402,state_ext=neutral,42.0,-0.0022803020865973,0.0715089987672494,0.8145096863613093,rolling
AXP,1d,cross_TLT_state_slope=uptrend + state_ext=neutral,latest_12m,ok,2025-07-09 00:00:00+00:00,2026-07-09 00:00:00+00:00,252.0,11.0,0.0471258470347829,1.0,4.8205219267050925,1.4318311727379296e-06,False,252.0,0.0025409773025149,0.0445848697322679,cross_TLT_state_slope=uptrend,81.0,0.0068481029009749,0.0402777441338079,0.3187305011973986,rolling
AXP,1d,cross_TLT_state_slope=uptrend + state_ext=neutral,latest_6m,ok,2026-01-09 00:00:00+00:00,2026-07-09 00:00:00+00:00,124.0,3.0,0.0692286966806521,1.0,7.43860359390125,1.0169642905566435e-13,False,124.0,-0.0005709748165576,0.0697996714972097,state_ext=neutral,38.0,0.0018462265079226,0.0673824701727294,0.8497488544517158,rolling
CBOE,1d,cross_USO_state_slope=flat + state_ext=neutral,all,ok,2021-07-12 00:00:00+00:00,2026-07-09 00:00:00+00:00,1254.0,157.0,0.0125210485131171,0.6305732484076433,3.506554252725776,0.0004539488862773,True,1254.0,0.0039784065173889,0.0085426419957281,cross_USO_state_slope=flat,387.0,0.0085568132971837,0.0039642352159334,0.0006236175522158,rolling
CBOE,1d,cross_USO_state_slope=flat + state_ext=neutral,calendar_2024,ok,2024-01-02 00:00:00+00:00,2024-12-31 00:00:00+00:00,252.0,41.0,0.0145860944378214,0.6341463414634146,2.005374634650085,0.044923011324117,True,252.0,0.0024381121577171,0.0121479822801042,cross_USO_state_slope=flat,126.0,0.0056709339327558,0.0089151605050656,0.2355226301670985,rolling
CBOE,1d,cross_USO_state_slope=flat + state_ext=neutral,calendar_2025,ok,2025-01-02 00:00:00+00:00,2025-12-31 00:00:00+00:00,250.0,38.0,0.0153593188743259,0.6578947368421053,2.600777100327104,0.0093012867021646,True,250.0,0.0058437038602377,0.0095156150140881,cross_USO_state_slope=flat,102.0,0.010528568584964,0.0048307502893618,0.0047303124701241,rolling
CBOE,1d,cross_USO_state_slope=flat + state_ext=neutral,calendar_2026_ytd,ok,2026-01-02 00:00:00+00:00,2026-07-09 00:00:00+00:00,129.0,4.0,0.075509984847528,1.0,4.710142141079813,2.4754408913807424e-06,False,129.0,0.0047570699395156,0.0707529149080123,cross_USO_state_slope=flat,16.0,0.0230113508600368,0.0524986339874911,0.3553590733617926,rolling
CBOE,1d,cross_USO_state_slope=flat + state_ext=neutral,latest_12m,ok,2025-07-09 00:00:00+00:00,2026-07-09 00:00:00+00:00,252.0,31.0,0.0197457319097303,0.6451612903225806,2.219304671092868,0.0264660040466608,True,252.0,0.00414440839527,0.0156013235144603,cross_USO_state_slope=flat,90.0,0.0104819607509707,0.0092637711587596,0.0675332618870157,rolling
CBOE,1d,cross_USO_state_slope=flat + state_ext=neutral,latest_6m,ok,2026-01-09 00:00:00+00:00,2026-07-09 00:00:00+00:00,124.0,1.0,0.1354051467631529,1.0,,,False,124.0,0.0028724281853477,0.1325327185778052,state_ext=neutral,23.0,0.0144613758871117,0.1209437708760411,0.3601026017041016,rolling
DE,1d,cross_USO_state_ext=stretched_down + state_ext=stretched_down,all,ok,2021-07-12 00:00:00+00:00,2026-07-09 00:00:00+00:00,1254.0,139.0,0.0184081685519489,0.6762589928057554,3.500311996526273,0.0004647139073528,True,1254.0,0.0029807664598807,0.0154274020920682,state_ext=stretched_down,386.0,0.0099842865406767,0.0084238820112721,0.0021604936391232,rolling
DE,1d,cross_USO_state_ext=stretched_down + state_ext=stretched_down,calendar_2024,ok,2024-01-02 00:00:00+00:00,2024-12-31 00:00:00+00:00,252.0,19.0,0.0132422313131568,0.631578947368421,1.5192194738130202,0.1287072611110298,False,252.0,0.0017394416603606,0.0115027896527962,state_ext=stretched_down,79.0,0.0097180445709599,0.0035241867421969,0.1014707245227555,rolling
DE,1d,cross_USO_state_ext=stretched_down + state_ext=stretched_down,calendar_2025,ok,2025-01-02 00:00:00+00:00,2025-12-31 00:00:00+00:00,250.0,26.0,0.0243430929232775,0.7692307692307693,2.939108529303077,0.003291577923377,True,250.0,0.0034531589409643,0.0208899339823132,state_ext=stretched_down,62.0,0.0162671096305078,0.0080759832927696,0.0043991794677804,rolling
DE,1d,cross_USO_state_ext=stretched_down + state_ext=stretched_down,calendar_2026_ytd,ok,2026-01-02 00:00:00+00:00,2026-07-09 00:00:00+00:00,129.0,5.0,0.0873086399412111,1.0,9.167671412635874,0.0,False,129.0,0.009031528636543,0.0782771113046681,cross_USO_state_ext=stretched_down,32.0,0.0173087405016588,0.0699998994395523,0.2040496636499753,rolling
DE,1d,cross_USO_state_ext=stretched_down + state_ext=stretched_down,latest_12m,ok,2025-07-09 00:00:00+00:00,2026-07-09 00:00:00+00:00,252.0,18.0,0.03167655323823,0.7777777777777778,2.161022634114554,0.0306935910485308,True,252.0,0.0035469139712935,0.0281296392669365,state_ext=stretched_down,75.0,0.0085199058889917,0.0231566473492383,0.1809311724699851,rolling
DE,1d,cross_USO_state_ext=stretched_down + state_ext=stretched_down,latest_6m,ok,2026-01-09 00:00:00+00:00,2026-07-09 00:00:00+00:00,124.0,5.0,0.0873086399412111,1.0,9.167671412635874,0.0,False,124.0,0.0075295869187889,0.0797790530224222,cross_USO_state_ext=stretched_down,31.0,0.0153686509968247,0.0719399889443864,0.2796940757865129,rolling
ETN,1d,state_ext=neutral + state_vol=mid_vol,all,ok,2021-07-12 04:00:00+00:00,2026-07-07 04:00:00+00:00,1252.0,78.0,0.0167436528985143,0.6923076923076923,3.401417076872956,0.0006703746335054,True,1252.0,0.0047820700110695,0.0119615828874447,state_vol=mid_vol,279.0,0.0129829801297315,0.0037606727687828,7.252906703669737e-05,rolling
ETN,1d,state_ext=neutral + state_vol=mid_vol,calendar_2024,ok,2024-01-02 05:00:00+00:00,2024-12-31 05:00:00+00:00,252.0,12.0,-0.0013753807768164,0.4166666666666667,-0.1314436342696121,0.8954243729167943,False,252.0,0.0081423865151249,-0.0095177672919413,state_vol=mid_vol,47.0,0.0074131754575296,-0.008788556234346,0.1691461741287663,rolling
ETN,1d,state_ext=neutral + state_vol=mid_vol,calendar_2025,ok,2025-01-02 05:00:00+00:00,2025-12-31 05:00:00+00:00,250.0,33.0,0.0158874456438015,0.696969696969697,2.347615978857387,0.0188939899476916,True,250.0,4.692000952435893e-05,0.0158405256342772,state_ext=neutral,58.0,0.0074367515530417,0.0084506940907598,0.3199433693244797,rolling
ETN,1d,state_ext=neutral + state_vol=mid_vol,calendar_2026_ytd,ok,2026-01-02 05:00:00+00:00,2026-07-07 04:00:00+00:00,127.0,2.0,0.0711625269524136,1.0,13.716982213501094,0.0,False,127.0,0.0099159613872656,0.061246565565148,state_vol=mid_vol,21.0,0.0376336606514509,0.0335288663009626,0.0001450772014939,rolling
ETN,1d,state_ext=neutral + state_vol=mid_vol,latest_12m,ok,2025-07-07 04:00:00+00:00,2026-07-07 04:00:00+00:00,252.0,20.0,0.014549879556871,0.75,2.381009484534343,0.0172652674147495,True,252.0,0.0033958008426144,0.0111540787142566,state_vol=mid_vol,73.0,0.0143859873606494,0.0001638921962216,0.0164833463315345,rolling
ETN,1d,state_ext=neutral + state_vol=mid_vol,latest_6m,ok,2026-01-07 05:00:00+00:00,2026-07-07 04:00:00+00:00,124.0,2.0,0.0711625269524136,1.0,13.716982213501094,0.0,False,124.0,0.0100728087673964,0.0610897181850171,state_vol=mid_vol,21.0,0.0376336606514509,0.0335288663009626,0.0001450772014939,rolling
ETN,1h,cross_TLT_state_slope=flat + state_slope=downtrend,all,ok,2025-07-11 13:00:00+00:00,2026-07-15 14:00:00+00:00,1795.0,176.0,0.0079464906618861,0.7556818181818182,3.791723580414727,0.0001496053776521,True,1795.0,0.0003780219048701,0.007568468757016,state_slope=downtrend,548.0,0.0035278356096269,0.0044186550522592,0.0256634637546389,rolling
ETN,1h,cross_TLT_state_slope=flat + state_slope=downtrend,calendar_2024,empty_window,,,,,,,,,,,,,,,,,,rolling
ETN,1h,cross_TLT_state_slope=flat + state_slope=downtrend,calendar_2025,ok,2025-07-11 13:00:00+00:00,2025-12-31 20:00:00+00:00,841.0,94.0,0.0040621638604775,0.7340425531914894,1.45351677661584,0.1460803251120292,False,841.0,-0.0006064932792394,0.004668657139717,state_slope=downtrend,216.0,0.0016155053180398,0.0024466585424377,0.4498081780744569,rolling
ETN,1h,cross_TLT_state_slope=flat + state_slope=downtrend,calendar_2026_ytd,ok,2026-01-02 14:00:00+00:00,2026-07-15 14:00:00+00:00,954.0,82.0,0.0123992555317936,0.7804878048780488,4.757540836803405,1.9596562172985443e-06,True,954.0,0.0012459226070045,0.011153332924789,state_slope=downtrend,332.0,0.0047720023053583,0.0076272532264353,0.0265796120641088,rolling
ETN,1h,cross_TLT_state_slope=flat + state_slope=downtrend,latest_12m,ok,2025-07-15 14:00:00+00:00,2026-07-15 14:00:00+00:00,1780.0,176.0,0.0079464906618861,0.7556818181818182,3.791723580414727,0.0001496053776521,True,1780.0,0.0003499524005473,0.0075965382613388,state_slope=downtrend,548.0,0.0035278356096269,0.0044186550522592,0.0256634637546389,rolling
ETN,1h,cross_TLT_state_slope=flat + state_slope=downtrend,latest_6m,ok,2026-01-15 14:00:00+00:00,2026-07-15 14:00:00+00:00,891.0,75.0,0.0125369327400479,0.76,4.413614664858877,1.0165883489898777e-05,True,891.0,0.0011714162200056,0.0113655165200422,state_slope=downtrend,322.0,0.0046044729382452,0.0079324598018027,0.037825693398287,rolling
GD,1d,cross_USO_state_slope=downtrend + cross_TLT_state_slope=uptrend + state_ext=neutral,all,ok,2021-07-12 04:00:00+00:00,2026-07-07 04:00:00+00:00,1252.0,115.0,0.0149251962644403,0.7913043478260869,3.821617327686385,0.0001325793103146,True,1252.0,0.003324644604643,0.0116005516597972,cross_TLT_state_slope=uptrend + state_ext=neutral,199.0,0.0126323269083749,0.0022928693560653,7.121178367430758e-06,rolling
GD,1d,cross_USO_state_slope=downtrend + cross_TLT_state_slope=uptrend + state_ext=neutral,calendar_2024,ok,2024-01-02 05:00:00+00:00,2024-12-31 05:00:00+00:00,252.0,25.0,0.0095305843169314,0.8,2.2076787347032147,0.0272666762474822,True,252.0,0.0008794707615892,0.0086511135553422,cross_USO_state_slope=downtrend + state_ext=neutral,37.0,0.0102708776206898,-0.0007402933037583,0.0088850154913198,rolling
GD,1d,cross_USO_state_slope=downtrend + cross_TLT_state_slope=uptrend + state_ext=neutral,calendar_2025,ok,2025-01-02 05:00:00+00:00,2025-12-31 05:00:00+00:00,250.0,21.0,0.026809724881287,0.9523809523809524,3.6225982620102526,0.0002916586118741,True,250.0,0.0065759762244694,0.0202337486568175,cross_TLT_state_slope=uptrend + state_ext=neutral,45.0,0.0209865752791316,0.0058231496021554,9.862300953633608e-05,rolling
GD,1d,cross_USO_state_slope=downtrend + cross_TLT_state_slope=uptrend + state_ext=neutral,calendar_2026_ytd,ok,2026-01-02 05:00:00+00:00,2026-07-07 04:00:00+00:00,127.0,11.0,0.0490945927222063,0.9090909090909092,3.888824108214328,0.0001007310854854,False,127.0,0.0033691906331435,0.0457254020890628,cross_TLT_state_slope=uptrend + state_ext=neutral,17.0,0.0375708884864023,0.011523704235804,0.0004947268181725,rolling
GD,1d,cross_USO_state_slope=downtrend + cross_TLT_state_slope=uptrend + state_ext=neutral,latest_12m,ok,2025-07-07 04:00:00+00:00,2026-07-07 04:00:00+00:00,252.0,22.0,0.0357699284769057,0.9545454545454546,4.361462878357063,1.2919571833247543e-05,True,252.0,0.0049882302838688,0.0307816981930369,cross_TLT_state_slope=uptrend + state_ext=neutral,46.0,0.0241980714145634,0.0115718570623422,0.0001208650722692,rolling
GD,1d,cross_USO_state_slope=downtrend + cross_TLT_state_slope=uptrend + state_ext=neutral,latest_6m,ok,2026-01-07 05:00:00+00:00,2026-07-07 04:00:00+00:00,124.0,11.0,0.0490945927222063,0.9090909090909092,3.888824108214328,0.0001007310854854,False,124.0,0.0030292601408395,0.0460653325813668,cross_TLT_state_slope=uptrend + state_ext=neutral,17.0,0.0375708884864023,0.011523704235804,0.0004947268181725,rolling
HOOD,1d,cross_TLT_state_ext=stretched_up + state_ext=stretched_up,all,ok,2021-07-29 04:00:00+00:00,2026-07-07 04:00:00+00:00,1239.0,136.0,0.0402600550024001,0.7132352941176471,4.254123228376858,2.098697080255008e-05,True,1239.0,0.008299355747728,0.031960699254672,cross_TLT_state_ext=stretched_up,258.0,0.0267167075103518,0.0135433474920483,0.0029475817031978,rolling
HOOD,1d,cross_TLT_state_ext=stretched_up + state_ext=stretched_up,calendar_2024,ok,2024-01-02 05:00:00+00:00,2024-12-31 05:00:00+00:00,252.0,38.0,0.0384021888438718,0.8157894736842105,3.999934383038019,6.336004903695347e-05,True,252.0,0.0277481986813642,0.0106539901625075,cross_TLT_state_ext=stretched_up,60.0,0.0444590080168337,-0.0060568191729619,5.9606576870763206e-05,rolling
HOOD,1d,cross_TLT_state_ext=stretched_up + state_ext=stretched_up,calendar_2025,ok,2025-01-02 05:00:00+00:00,2025-12-31 05:00:00+00:00,250.0,29.0,0.0516820866178897,0.7586206896551724,3.6252083216181488,0.0002887286104902,True,250.0,0.0264806638360856,0.0252014227818041,cross_TLT_state_ext=stretched_up,46.0,0.0359669333602,0.0157151532576896,0.0797025191988705,rolling
HOOD,1d,cross_TLT_state_ext=stretched_up + state_ext=stretched_up,calendar_2026_ytd,ok,2026-01-02 05:00:00+00:00,2026-07-07 04:00:00+00:00,127.0,5.0,0.1003736456116378,0.8,3.6072644507433584,0.0003094422365128,False,127.0,0.0030180190129884,0.0973556265986494,cross_TLT_state_ext=stretched_up,17.0,0.0585730446518779,0.0418006009597599,0.0069015422322642,rolling
HOOD,1d,cross_TLT_state_ext=stretched_up + state_ext=stretched_up,latest_12m,ok,2025-07-07 04:00:00+00:00,2026-07-07 04:00:00+00:00,252.0,19.0,0.045556964991019,0.6842105263157895,2.653821168753037,0.0079585992941253,True,252.0,0.0073777136789578,0.0381792513120612,cross_TLT_state_ext=stretched_up,39.0,0.0522554038649178,-0.0066984388738988,2.91777380323488e-05,rolling
HOOD,1d,cross_TLT_state_ext=stretched_up + state_ext=stretched_up,latest_6m,ok,2026-01-07 05:00:00+00:00,2026-07-07 04:00:00+00:00,124.0,5.0,0.1003736456116378,0.8,3.6072644507433584,0.0003094422365128,False,124.0,0.003562724730136,0.0968109208815018,cross_TLT_state_ext=stretched_up,17.0,0.0585730446518779,0.0418006009597599,0.0069015422322642,rolling
HUM,1h,cross_USO_state_ext=neutral + state_ext=stretched_up,all,ok,2025-07-11 13:00:00+00:00,2026-07-15 14:00:00+00:00,1793.0,289.0,0.0085799800511409,0.671280276816609,4.317179379393153,1.5803572371630992e-05,True,1793.0,0.0017622734023726,0.0068177066487682,state_ext=stretched_up,543.0,0.0064333277974187,0.0021466522537221,7.461841261391378e-05,rolling
HUM,1h,cross_USO_state_ext=neutral + state_ext=stretched_up,calendar_2024,empty_window,,,,,,,,,,,,,,,,,,rolling
HUM,1h,cross_USO_state_ext=neutral + state_ext=stretched_up,calendar_2025,ok,2025-07-11 13:00:00+00:00,2025-12-31 20:00:00+00:00,839.0,171.0,0.0060735954327324,0.6549707602339181,2.6463943469375413,0.0081354914435463,True,839.0,0.0008848598398144,0.0051887355929179,state_ext=stretched_up,229.0,0.0041143474607065,0.0019592479720259,0.0443586989440019,rolling
HUM,1h,cross_USO_state_ext=neutral + state_ext=stretched_up,calendar_2026_ytd,ok,2026-01-02 14:00:00+00:00,2026-07-15 14:00:00+00:00,954.0,118.0,0.0122121136930718,0.6949152542372882,3.576453758200056,0.0003482868915238,True,954.0,0.0025339190826518,0.0096781946104199,state_ext=stretched_up,314.0,0.0081245586799254,0.0040875550131463,0.0006801124803041,rolling
HUM,1h,cross_USO_state_ext=neutral + state_ext=stretched_up,latest_12m,ok,2025-07-15 14:00:00+00:00,2026-07-15 14:00:00+00:00,1778.0,289.0,0.0085799800511409,0.671280276816609,4.317179379393153,1.5803572371630992e-05,True,1778.0,0.0018577674720985,0.0067222125790423,state_ext=stretched_up,543.0,0.0064333277974187,0.0021466522537221,7.461841261391378e-05,rolling
HUM,1h,cross_USO_state_ext=neutral + state_ext=stretched_up,latest_6m,ok,2026-01-15 14:00:00+00:00,2026-07-15 14:00:00+00:00,891.0,101.0,0.0125176157336412,0.7029702970297029,3.5131347975960927,0.0004428527429185,True,891.0,0.0023441148386234,0.0101735008950178,state_ext=stretched_up,297.0,0.0079944821508817,0.0045231335827594,0.0010686905648076,rolling
HUM,1h,cross_TLT_state_slope=flat + state_ext=stretched_up,all,ok,2025-07-11 13:00:00+00:00,2026-07-15 14:00:00+00:00,1793.0,180.0,0.0106600424001543,0.6555555555555556,4.231445311748471,2.321944536065601e-05,True,1793.0,0.0017622734023726,0.0088977689977816,state_ext=stretched_up,543.0,0.0064333277974187,0.0042267146027355,7.461841261391378e-05,rolling
HUM,1h,cross_TLT_state_slope=flat + state_ext=stretched_up,calendar_2024,empty_window,,,,,,,,,,,,,,,,,,rolling
HUM,1h,cross_TLT_state_slope=flat + state_ext=stretched_up,calendar_2025,ok,2025-07-11 13:00:00+00:00,2025-12-31 20:00:00+00:00,839.0,50.0,0.010856022302578,0.62,2.6923015892944737,0.0070960744083954,True,839.0,0.0008848598398144,0.0099711624627635,state_ext=stretched_up,229.0,0.0041143474607065,0.0067416748418715,0.0443586989440019,rolling
HUM,1h,cross_TLT_state_slope=flat + state_ext=stretched_up,calendar_2026_ytd,ok,2026-01-02 14:00:00+00:00,2026-07-15 14:00:00+00:00,954.0,130.0,0.0105846655146067,0.6692307692307692,3.429431308630826,0.0006048475146136,True,954.0,0.0025339190826518,0.0080507464319549,state_ext=stretched_up,314.0,0.0081245586799254,0.0024601068346813,0.0006801124803041,rolling
HUM,1h,cross_TLT_state_slope=flat + state_ext=stretched_up,latest_12m,ok,2025-07-15 14:00:00+00:00,2026-07-15 14:00:00+00:00,1778.0,180.0,0.0106600424001543,0.6555555555555556,4.231445311748471,2.321944536065601e-05,True,1778.0,0.0018577674720985,0.0088022749280557,state_ext=stretched_up,543.0,0.0064333277974187,0.0042267146027355,7.461841261391378e-05,rolling
HUM,1h,cross_TLT_state_slope=flat + state_ext=stretched_up,latest_6m,ok,2026-01-15 14:00:00+00:00,2026-07-15 14:00:00+00:00,891.0,122.0,0.0118114472585322,0.6967213114754098,3.796856624411198,0.00014654248801,True,891.0,0.0023441148386234,0.0094673324199088,state_ext=stretched_up,297.0,0.0079944821508817,0.0038169651076504,0.0010686905648076,rolling
HUM,1h,cross_USO_state_slope=downtrend + cross_TLT_state_slope=flat + state_ext=stretched_up,all,ok,2025-07-11 13:00:00+00:00,2026-07-15 14:00:00+00:00,1793.0,55.0,0.0174342480757201,0.8363636363636363,4.439188809488718,9.029857449327494e-06,True,1793.0,0.0017622734023726,0.0156719746733474,cross_TLT_state_slope=flat + state_ext=stretched_up,180.0,0.0106600424001543,0.0067742056755658,2.321944536065601e-05,rolling
HUM,1h,cross_USO_state_slope=downtrend + cross_TLT_state_slope=flat + state_ext=stretched_up,calendar_2024,empty_window,,,,,,,,,,,,,,,,,,rolling
HUM,1h,cross_USO_state_slope=downtrend + cross_TLT_state_slope=flat + state_ext=stretched_up,calendar_2025,ok,2025-07-11 13:00:00+00:00,2025-12-31 20:00:00+00:00,839.0,16.0,0.0282339820261722,0.9375,4.326424364671965,1.5154932463401494e-05,True,839.0,0.0008848598398144,0.0273491221863578,cross_USO_state_slope=downtrend + cross_TLT_state_slope=flat,71.0,0.0160365877739002,0.012197394252272,0.0107644647656495,rolling
HUM,1h,cross_USO_state_slope=downtrend + cross_TLT_state_slope=flat + state_ext=stretched_up,calendar_2026_ytd,ok,2026-01-02 14:00:00+00:00,2026-07-15 14:00:00+00:00,954.0,39.0,0.0130035879934834,0.7948717948717948,3.315998868294615,0.0009131619860074,True,954.0,0.0025339190826518,0.0104696689108315,cross_TLT_state_slope=flat + state_ext=stretched_up,130.0,0.0105846655146067,0.0024189224788766,0.0006048475146136,rolling
HUM,1h,cross_USO_state_slope=downtrend + cross_TLT_state_slope=flat + state_ext=stretched_up,latest_12m,ok,2025-07-15 14:00:00+00:00,2026-07-15 14:00:00+00:00,1778.0,55.0,0.0174342480757201,0.8363636363636363,4.439188809488718,9.029857449327494e-06,True,1778.0,0.0018577674720985,0.0155764806036216,cross_TLT_state_slope=flat + state_ext=stretched_up,180.0,0.0106600424001543,0.0067742056755658,2.321944536065601e-05,rolling
HUM,1h,cross_USO_state_slope=downtrend + cross_TLT_state_slope=flat + state_ext=stretched_up,latest_6m,ok,2026-01-15 14:00:00+00:00,2026-07-15 14:00:00+00:00,891.0,39.0,0.0130035879934834,0.7948717948717948,3.315998868294615,0.0009131619860074,True,891.0,0.0023441148386234,0.01065947315486,cross_TLT_state_slope=flat + state_ext=stretched_up,122.0,0.0118114472585322,0.0011921407349511,0.00014654248801,rolling
IVV,1d,state_ext=neutral + state_slope=uptrend,all,ok,2021-07-12 04:00:00+00:00,2026-07-07 04:00:00+00:00,1252.0,91.0,0.0092811507366985,0.7692307692307693,3.3073443113808136,0.000941850495201,True,1252.0,0.0025242015314054,0.006756949205293,state_slope=uptrend,365.0,0.0040858284693263,0.0051953222673721,0.0404526341534428,rolling
IVV,1d,state_ext=neutral + state_slope=uptrend,calendar_2024,ok,2024-01-02 05:00:00+00:00,2024-12-31 05:00:00+00:00,252.0,30.0,0.0087233433903986,0.8333333333333334,2.3830266024026847,0.0171709534342943,True,252.0,0.0047332960296044,0.0039900473607941,state_ext=neutral,116.0,0.0049580659490835,0.0037652774413151,0.1053765004061544,rolling
IVV,1d,state_ext=neutral + state_slope=uptrend,calendar_2025,ok,2025-01-02 05:00:00+00:00,2025-12-31 05:00:00+00:00,250.0,22.0,0.0098752363822767,0.9090909090909092,5.06215380839188,4.14546365234969e-07,True,250.0,0.0034145284592608,0.0064607079230159,state_slope=uptrend,68.0,0.0082508603241559,0.0016243760581208,0.0033639184326692,rolling
IVV,1d,state_ext=neutral + state_slope=uptrend,calendar_2026_ytd,ok,2026-01-02 05:00:00+00:00,2026-07-07 04:00:00+00:00,127.0,2.0,-0.0073891673053026,0.5,-0.4889833887369161,0.6248534571979347,False,127.0,0.0035980934597165,-0.0109872607650191,state_slope=uptrend,37.0,0.0060627433544511,-0.0134519106597537,0.1901422467099751,rolling
IVV,1d,state_ext=neutral + state_slope=uptrend,latest_12m,ok,2025-07-07 04:00:00+00:00,2026-07-07 04:00:00+00:00,252.0,15.0,0.0074357461176812,0.9333333333333332,2.618702902335876,0.0088264782737454,True,252.0,0.00387054322049,0.0035652028971911,state_slope=uptrend,67.0,0.0054950442772516,0.0019407018404295,0.0466063662688642,rolling
IVV,1d,state_ext=neutral + state_slope=uptrend,latest_6m,ok,2026-01-07 05:00:00+00:00,2026-07-07 04:00:00+00:00,124.0,2.0,-0.0073891673053026,0.5,-0.4889833887369161,0.6248534571979347,False,124.0,0.0034521607965833,-0.0108413281018859,state_slope=uptrend,37.0,0.0060627433544511,-0.0134519106597537,0.1901422467099751,rolling
KLAC,1d,state_ext=stretched_down + state_slope=downtrend,all,ok,2021-07-12 00:00:00+00:00,2026-07-08 04:00:00+00:00,1254.0,177.0,0.0247295164809787,0.6779661016949152,3.590669253737625,0.0003298299653298,True,1254.0,0.0098357530264218,0.0148937634545568,state_ext=stretched_down,381.0,0.0188405390217529,0.0058889774592258,1.5072119640802129e-05,rolling
KLAC,1d,state_ext=stretched_down + state_slope=downtrend,calendar_2024,ok,2024-01-02 00:00:00+00:00,2024-12-31 00:00:00+00:00,252.0,56.0,0.0294199493959394,0.6964285714285714,2.8135106423475444,0.0049003764048327,True,252.0,0.0053429296362849,0.0240770197596544,state_slope=downtrend,76.0,0.0243245610429331,0.0050953883530063,0.0159340667753888,rolling
KLAC,1d,state_ext=stretched_down + state_slope=downtrend,calendar_2025,ok,2025-01-02 00:00:00+00:00,2025-12-31 00:00:00+00:00,250.0,34.0,0.0466055174956245,0.7941176470588235,3.782619669517226,0.0001551864427433,True,250.0,0.0154605158665877,0.0311450016290367,state_slope=downtrend,58.0,0.0300027678059272,0.0166027496896973,0.0033871418613442,rolling
KLAC,1d,state_ext=stretched_down + state_slope=downtrend,calendar_2026_ytd,ok,2026-01-02 00:00:00+00:00,2026-07-08 04:00:00+00:00,129.0,8.0,0.0405980588262706,1.0,5.114470633462415,3.146220304284242e-07,False,129.0,0.0245216206312253,0.0160764381950452,state_ext=stretched_down,27.0,0.0508181575038449,-0.0102200986775742,9.267061895634755e-08,rolling
KLAC,1d,state_ext=stretched_down + state_slope=downtrend,latest_12m,ok,2025-07-09 00:00:00+00:00,2026-07-08 04:00:00+00:00,252.0,23.0,0.0441014517440858,0.9130434782608696,5.962202515209013,2.488604433636965e-09,True,252.0,0.0205336867753592,0.0235677649687265,state_ext=stretched_down,57.0,0.0433576365173269,0.0007438152267589,6.249565709381956e-08,rolling
KLAC,1d,state_ext=stretched_down + state_slope=downtrend,latest_6m,ok,2026-01-09 00:00:00+00:00,2026-07-08 04:00:00+00:00,124.0,8.0,0.0405980588262706,1.0,5.114470633462415,3.146220304284242e-07,False,124.0,0.0222166424174012,0.0183814164088693,state_ext=stretched_down,27.0,0.0508181575038449,-0.0102200986775742,9.267061895634755e-08,rolling
PSX,1d,cross_USO_state_ext=stretched_down + cross_TLT_state_slope=uptrend + state_ext=stretched_down,all,ok,2021-07-12 04:00:00+00:00,2026-07-07 04:00:00+00:00,1252.0,96.0,0.0189055424886796,0.6875,4.192225423554223,2.76231311300279e-05,True,1252.0,0.0053396309244932,0.0135659115641863,cross_USO_state_ext=stretched_down + cross_TLT_state_slope=uptrend,191.0,0.0165240349197473,0.0023815075689323,0.0009003858139318,rolling
PSX,1d,cross_USO_state_ext=stretched_down + cross_TLT_state_slope=uptrend + state_ext=stretched_down,calendar_2024,ok,2024-01-02 05:00:00+00:00,2024-12-31 05:00:00+00:00,252.0,29.0,0.0039878499954392,0.5517241379310345,0.6714192440001736,0.501953488966655,False,252.0,-0.001855553584715,0.0058434035801542,cross_USO_state_ext=stretched_down + state_ext=stretched_down,46.0,0.0039531022954592,3.474769997997059e-05,0.354745918629991,rolling
PSX,1d,cross_USO_state_ext=stretched_down + cross_TLT_state_slope=uptrend + state_ext=stretched_down,calendar_2025,ok,2025-01-02 05:00:00+00:00,2025-12-31 05:00:00+00:00,250.0,19.0,0.0233903508969812,0.7894736842105263,4.450173626948171,8.580089391863055e-06,True,250.0,0.0054989820819632,0.0178913688150179,cross_USO_state_ext=stretched_down + cross_TLT_state_slope=uptrend,47.0,0.0301845208555374,-0.0067941699585562,0.000183516872414,rolling
PSX,1d,cross_USO_state_ext=stretched_down + cross_TLT_state_slope=uptrend + state_ext=stretched_down,calendar_2026_ytd,ok,2026-01-02 05:00:00+00:00,2026-07-07 04:00:00+00:00,127.0,12.0,0.0290621114765863,0.75,2.954076966035188,0.0031360578208119,False,127.0,0.0149351437932962,0.01412696768329,cross_USO_state_ext=stretched_down + state_ext=stretched_down,12.0,0.0290621114765863,0.0,0.0031360578208119,rolling
PSX,1d,cross_USO_state_ext=stretched_down + cross_TLT_state_slope=uptrend + state_ext=stretched_down,latest_12m,ok,2025-07-07 04:00:00+00:00,2026-07-07 04:00:00+00:00,252.0,24.0,0.0275841589718236,0.7916666666666666,4.593264500813685,4.363654050099086e-06,True,252.0,0.0092133408604359,0.0183708181113876,cross_TLT_state_slope=uptrend + state_ext=stretched_down,27.0,0.0256960054029793,0.0018881535688442,6.239723597856184e-05,rolling
PSX,1d,cross_USO_state_ext=stretched_down + cross_TLT_state_slope=uptrend + state_ext=stretched_down,latest_6m,ok,2026-01-07 05:00:00+00:00,2026-07-07 04:00:00+00:00,124.0,12.0,0.0290621114765863,0.75,2.954076966035188,0.0031360578208119,False,124.0,0.0145886074784656,0.0144735039981206,cross_USO_state_ext=stretched_down + state_ext=stretched_down,12.0,0.0290621114765863,0.0,0.0031360578208119,rolling
PSX,1d,cross_USO_state_slope=downtrend + cross_TLT_state_slope=uptrend + state_ext=stretched_down,all,ok,2021-07-12 04:00:00+00:00,2026-07-07 04:00:00+00:00,1252.0,92.0,0.0173108122035659,0.6521739130434783,3.735303572053978,0.0001874888777133,True,1252.0,0.0053396309244932,0.0119711812790726,cross_USO_state_slope=downtrend + state_ext=stretched_down,180.0,0.0152445632619829,0.002066248941583,0.0032616882455713,rolling
PSX,1d,cross_USO_state_slope=downtrend + cross_TLT_state_slope=uptrend + state_ext=stretched_down,calendar_2024,ok,2024-01-02 05:00:00+00:00,2024-12-31 05:00:00+00:00,252.0,34.0,0.0041448788796236,0.5294117647058824,0.7063542097153369,0.4799678893276178,False,252.0,-0.001855553584715,0.0060004324643386,cross_USO_state_slope=downtrend + state_ext=stretched_down,50.0,0.0065416937616682,-0.0023968148820446,0.2326612428500558,rolling
PSX,1d,cross_USO_state_slope=downtrend + cross_TLT_state_slope=uptrend + state_ext=stretched_down,calendar_2025,ok,2025-01-02 05:00:00+00:00,2025-12-31 05:00:00+00:00,250.0,12.0,0.0281000162540948,0.8333333333333334,4.823230405316608,1.4125164389255929e-06,False,250.0,0.0054989820819632,0.0226010341721315,cross_USO_state_slope=downtrend + cross_TLT_state_slope=uptrend,46.0,0.027268002075495,0.0008320141785998,0.0067136044720592,rolling
PSX,1d,cross_USO_state_slope=downtrend + cross_TLT_state_slope=uptrend + state_ext=stretched_down,calendar_2026_ytd,ok,2026-01-02 05:00:00+00:00,2026-07-07 04:00:00+00:00,127.0,10.0,0.0254093480262023,0.7,2.083163875501889,0.0372362886636608,False,127.0,0.0149351437932962,0.010474204232906,cross_TLT_state_slope=uptrend + state_ext=stretched_down,12.0,0.0290621114765863,-0.003652763450384,0.0031360578208119,rolling
PSX,1d,cross_USO_state_slope=downtrend + cross_TLT_state_slope=uptrend + state_ext=stretched_down,latest_12m,ok,2025-07-07 04:00:00+00:00,2026-07-07 04:00:00+00:00,252.0,17.0,0.0269419884322151,0.7647058823529411,3.4205883559551657,0.0006248583430217,True,252.0,0.0092133408604359,0.0177286475717791,cross_TLT_state_slope=uptrend + state_ext=stretched_down,27.0,0.0256960054029793,0.0012459830292357,6.239723597856184e-05,rolling
PSX,1d,cross_USO_state_slope=downtrend + cross_TLT_state_slope=uptrend + state_ext=stretched_down,latest_6m,ok,2026-01-07 05:00:00+00:00,2026-07-07 04:00:00+00:00,124.0,10.0,0.0254093480262023,0.7,2.083163875501889,0.0372362886636608,False,124.0,0.0145886074784656,0.0108207405477366,cross_TLT_state_slope=uptrend + state_ext=stretched_down,12.0,0.0290621114765863,-0.003652763450384,0.0031360578208119,rolling
SCHW,1d,cross_USO_state_slope=downtrend + state_slope=uptrend,all,ok,2021-07-12 04:00:00+00:00,2026-07-07 04:00:00+00:00,1252.0,109.0,0.0254532405349785,0.6697247706422018,3.5073972695538216,0.0004525130371406,True,1252.0,0.0026363410095579,0.0228168995254205,cross_USO_state_slope=downtrend,373.0,0.0099871148768612,0.0154661256581173,0.0134217346847163,rolling
SCHW,1d,cross_USO_state_slope=downtrend + state_slope=uptrend,calendar_2024,ok,2024-01-02 05:00:00+00:00,2024-12-31 05:00:00+00:00,252.0,17.0,0.0156322139604246,0.7647058823529411,1.3868093190282638,0.1654999147075591,False,252.0,0.0026168130636207,0.0130154008968038,state_slope=uptrend,74.0,0.007055994737192,0.0085762192232325,0.1091098977041373,rolling
SCHW,1d,cross_USO_state_slope=downtrend + state_slope=uptrend,calendar_2025,ok,2025-01-02 05:00:00+00:00,2025-12-31 05:00:00+00:00,250.0,27.0,0.0203543212235413,0.7407407407407407,2.8861552921372438,0.0038997968252634,True,250.0,0.0072374251068969,0.0131168961166443,cross_USO_state_slope=downtrend,98.0,0.0121793575358369,0.0081749636877043,0.0249579236915906,rolling
SCHW,1d,cross_USO_state_slope=downtrend + state_slope=uptrend,calendar_2026_ytd,ok,2026-01-02 05:00:00+00:00,2026-07-07 04:00:00+00:00,127.0,12.0,0.047270461855168,0.6666666666666666,2.2528964341334508,0.0242656797621152,False,127.0,0.0006477310080061,0.0466227308471619,cross_USO_state_slope=downtrend,28.0,0.0296671789254972,0.0176032829296707,0.0218880895958917,rolling
SCHW,1d,cross_USO_state_slope=downtrend + state_slope=uptrend,latest_12m,ok,2025-07-07 04:00:00+00:00,2026-07-07 04:00:00+00:00,252.0,22.0,0.0364339209466868,0.6818181818181818,2.668824746700502,0.0076117155346318,True,252.0,0.0025218445041918,0.033912076442495,state_slope=uptrend,47.0,0.0205263028606692,0.0159076180860176,0.0186850330123153,rolling
SCHW,1d,cross_USO_state_slope=downtrend + state_slope=uptrend,latest_6m,ok,2026-01-07 05:00:00+00:00,2026-07-07 04:00:00+00:00,124.0,12.0,0.047270461855168,0.6666666666666666,2.2528964341334508,0.0242656797621152,False,124.0,0.0011085336732813,0.0461619281818867,state_slope=uptrend,17.0,0.0360997815170333,0.0111706803381347,0.0337507557970897,rolling
SHOP,1d,cross_USO_state_slope=flat + state_ext=stretched_down,all,ok,2021-07-12 04:00:00+00:00,2026-07-07 04:00:00+00:00,1252.0,125.0,0.0488098605280819,0.728,4.382001783421526,1.1759384643372783e-05,True,1252.0,0.0031896030560518,0.04562025747203,cross_USO_state_slope=flat,387.0,0.0202803096058719,0.0285295509222099,0.0018101535076113,rolling
SHOP,1d,cross_USO_state_slope=flat + state_ext=stretched_down,calendar_2024,ok,2024-01-02 05:00:00+00:00,2024-12-31 05:00:00+00:00,252.0,41.0,0.013901272291965,0.6341463414634146,1.5075037951881527,0.1316815717855415,False,252.0,0.0103385394621486,0.0035627328298164,state_ext=stretched_down,97.0,0.0221882584946708,-0.0082869862027057,0.0832529260545831,rolling
SHOP,1d,cross_USO_state_slope=flat + state_ext=stretched_down,calendar_2025,ok,2025-01-02 05:00:00+00:00,2025-12-31 05:00:00+00:00,250.0,16.0,0.0621208523328424,0.8125,4.027184424431033,5.644875544463801e-05,True,250.0,0.0111572873124978,0.0509635650203446,cross_USO_state_slope=flat,102.0,0.0117205065962101,0.0504003457366323,0.3553718403770931,rolling
SHOP,1d,cross_USO_state_slope=flat + state_ext=stretched_down,calendar_2026_ytd,ok,2026-01-02 05:00:00+00:00,2026-07-07 04:00:00+00:00,127.0,3.0,0.1220674265038969,1.0,4.801838412269089,1.5721553854319836e-06,False,127.0,-0.0085938490044693,0.1306612755083663,cross_USO_state_slope=flat,16.0,0.0059099724987502,0.1161574540051467,0.7630616951262055,rolling
SHOP,1d,cross_USO_state_slope=flat + state_ext=stretched_down,latest_12m,ok,2025-07-07 04:00:00+00:00,2026-07-07 04:00:00+00:00,252.0,17.0,0.0816171414448492,0.8823529411764706,4.900408333365909,9.563767264797465e-07,True,252.0,0.0041578168440874,0.0774593246007617,cross_USO_state_slope=flat,92.0,0.0193544742817263,0.0622626671631228,0.1237036854636002,rolling
SHOP,1d,cross_USO_state_slope=flat + state_ext=stretched_down,latest_6m,ok,2026-01-07 05:00:00+00:00,2026-07-07 04:00:00+00:00,124.0,2.0,0.1600459269039845,1.0,7.144485886346336,9.032774528350275e-13,False,124.0,-0.0092054976364668,0.1692514245404514,cross_USO_state_slope=flat,13.0,0.0034228212789014,0.156623105625083,0.8850296205052779,rolling
VLO,1d,cross_USO_state_ext=stretched_down + cross_TLT_state_slope=uptrend + state_ext=stretched_down,all,ok,2021-07-12 04:00:00+00:00,2026-07-07 04:00:00+00:00,1252.0,109.0,0.0232666142255186,0.6788990825688074,4.276069677644889,1.9022170958615803e-05,True,1252.0,0.0075467201088012,0.0157198941167173,cross_USO_state_ext=stretched_down + state_ext=stretched_down,239.0,0.0148505988733811,0.0084160153521374,0.0004531532549847,rolling
VLO,1d,cross_USO_state_ext=stretched_down + cross_TLT_state_slope=uptrend + state_ext=stretched_down,calendar_2024,ok,2024-01-02 05:00:00+00:00,2024-12-31 05:00:00+00:00,252.0,27.0,0.0040730361549673,0.4444444444444444,0.523038632273195,0.6009473694959888,False,252.0,0.0001463670099351,0.0039266691450321,cross_USO_state_ext=stretched_down + state_ext=stretched_down,46.0,0.0069954113242712,-0.0029223751693039,0.2607766535285614,rolling
VLO,1d,cross_USO_state_ext=stretched_down + cross_TLT_state_slope=uptrend + state_ext=stretched_down,calendar_2025,ok,2025-01-02 05:00:00+00:00,2025-12-31 05:00:00+00:00,250.0,31.0,0.0267459922781231,0.7419354838709677,2.4028857801245707,0.0162662672045601,True,250.0,0.0093340064797069,0.0174119857984161,cross_USO_state_ext=stretched_down + cross_TLT_state_slope=uptrend,47.0,0.0265312509365588,0.0002147413415642,0.0181346476888544,rolling
VLO,1d,cross_USO_state_ext=stretched_down + cross_TLT_state_slope=uptrend + state_ext=stretched_down,calendar_2026_ytd,ok,2026-01-02 05:00:00+00:00,2026-07-07 04:00:00+00:00,127.0,9.0,0.0576286107210441,0.7777777777777778,3.2882302420817577,0.001008193509226,False,127.0,0.0201784218025052,0.0374501889185388,cross_USO_state_ext=stretched_down + state_ext=stretched_down,11.0,0.0614284144859573,-0.0037998037649131,2.352377167502695e-06,rolling
VLO,1d,cross_USO_state_ext=stretched_down + cross_TLT_state_slope=uptrend + state_ext=stretched_down,latest_12m,ok,2025-07-07 04:00:00+00:00,2026-07-07 04:00:00+00:00,252.0,23.0,0.0447911620692731,0.8260869565217391,4.0618615615799465,4.868294557747177e-05,True,252.0,0.0144544204518009,0.0303367416174722,cross_TLT_state_slope=uptrend + state_ext=stretched_down,25.0,0.040256309036838,0.0045348530324351,0.000483572517953,rolling
VLO,1d,cross_USO_state_ext=stretched_down + cross_TLT_state_slope=uptrend + state_ext=stretched_down,latest_6m,ok,2026-01-07 05:00:00+00:00,2026-07-07 04:00:00+00:00,124.0,9.0,0.0576286107210441,0.7777777777777778,3.2882302420817577,0.001008193509226,False,124.0,0.0195826827514904,0.0380459279695536,cross_USO_state_ext=stretched_down + state_ext=stretched_down,11.0,0.0614284144859573,-0.0037998037649131,2.352377167502695e-06,rolling
