symbol,timeframe,slice_combination,regime,regime_symbol,diagnostic_status,regime_window_rows,slice_n,slice_mean_ret_costadj,slice_win_rate,slice_t_stat_nw,slice_p_value_nw,slice_pass,baseline_mean_ret_costadj,excess_vs_baseline,best_parent_filter,best_parent_mean_ret_costadj,excess_vs_best_parent,bin_mode
ADI,1h,cross_TLT_state_slope=uptrend + state_ext=stretched_down,all,TLT,ok,1879,44,0.0146629275544414,0.7954545454545454,4.739582707011471,2.1415880762098998e-06,True,0.0011597834431679,0.0135031441112735,state_ext=stretched_down,0.0043342727548307,0.0103286547996107,rolling
ADI,1h,cross_TLT_state_slope=uptrend + state_ext=stretched_down,bull,TLT,ok,443,27,0.0117070151073848,0.7777777777777778,3.055615364012419,0.0022459917976078,True,0.0008846090158288,0.010822406091556,state_ext=stretched_down,0.0094544796658898,0.002252535441495,rolling
ADI,1h,cross_TLT_state_slope=uptrend + state_ext=stretched_down,bear,TLT,ok,520,7,0.0186248436717335,0.7142857142857143,2.216636700358892,0.0266479275461297,False,0.0012438669185236,0.0173809767532098,state_ext=stretched_down,0.0032486499709617,0.0153761937007717,rolling
ADI,1h,cross_TLT_state_slope=uptrend + state_ext=stretched_down,neutral,TLT,ok,724,10,0.0198705498793898,0.9,4.029638495877824,5.586269552249057e-05,False,0.0019466211005253,0.0179239287788644,cross_TLT_state_slope=uptrend,0.0059331704532568,0.013937379426133,rolling
ADI,1h,cross_TLT_state_slope=uptrend + state_ext=stretched_down,regime_warmup,TLT,ok,192,0,,,,,False,-0.0014000686391263,,state_ext=stretched_down,-0.0062674389148477,,rolling
ARKG,1h,state_ext=stretched_down + state_ret_5=ret_down,all,ARKG,ok,1879,282,0.0069090887408279,0.5425531914893617,3.4066159966704244,0.0006577359474604,True,0.0011729073133219,0.0057361814275059,state_ext=stretched_down,0.0051352447425433,0.0017738439982845,rolling
ARKG,1h,state_ext=stretched_down + state_ret_5=ret_down,bull,ARKG,ok,620,15,0.0215470324785545,0.8,2.4447667884469606,0.0144945833905014,True,0.0005906913886483,0.0209563410899061,state_ext=stretched_down,0.0185785942365913,0.0029684382419632,rolling
ARKG,1h,state_ext=stretched_down + state_ret_5=ret_down,bear,ARKG,ok,346,99,0.0057158385555118,0.5454545454545454,1.6920924733030702,0.0906283433356622,False,0.0014484189234105,0.0042674196321012,state_ext=stretched_down,0.0039681650741202,0.0017476734813915,rolling
ARKG,1h,state_ext=stretched_down + state_ret_5=ret_down,neutral,ARKG,ok,714,168,0.0063052947663064,0.5178571428571429,2.4748822434765985,0.0133280112369855,True,0.002351722089051,0.0039535726772554,state_ext=stretched_down,0.0060947465853586,0.0002105481809478,rolling
ARKG,1h,state_ext=stretched_down + state_ret_5=ret_down,regime_warmup,ARKG,ok,199,0,,,,,False,-0.0017217001925253,,state_ext=stretched_down,-0.0012853616369676,,rolling
ARKG,1h,state_volume=vol_quiet + state_ext=neutral + state_slope=flat,all,ARKG,ok,1879,141,0.0059672185423334,0.6737588652482269,3.1971440208894446,0.0013879560868959,True,-0.0015729073133219,0.0075401258556553,state_volume=vol_quiet + state_slope=flat,0.0048677510920089,0.0010994674503244,rolling
ARKG,1h,state_volume=vol_quiet + state_ext=neutral + state_slope=flat,bull,ARKG,ok,620,32,0.0040990706731733,0.71875,1.3656088815300516,0.1720617574046801,False,-0.0009906913886483,0.0050897620618217,state_ext=neutral + state_slope=flat,0.0030308388435301,0.0010682318296431,rolling
ARKG,1h,state_volume=vol_quiet + state_ext=neutral + state_slope=flat,bear,ARKG,ok,346,41,0.002968604005096,0.5121951219512195,0.7885716723729796,0.430362392972389,False,-0.0018484189234105,0.0048170229285066,state_volume=vol_quiet + state_slope=flat,0.0036389083609058,-0.0006703043558098,rolling
ARKG,1h,state_volume=vol_quiet + state_ext=neutral + state_slope=flat,neutral,ARKG,ok,714,68,0.0086543351282136,0.75,3.5215369296269947,0.0004290529018717,True,-0.002751722089051,0.0114060572172646,state_volume=vol_quiet + state_ext=neutral,0.007747343437774,0.0009069916904396,rolling
ARKG,1h,state_volume=vol_quiet + state_ext=neutral + state_slope=flat,regime_warmup,ARKG,ok,199,0,,,,,False,0.0013217001925253,,state_volume=vol_quiet + state_ext=neutral,0.0063724126168147,,rolling
ASML,1h,state_volume=vol_surge + state_ext=stretched_down + state_slope=downtrend,all,ASML,ok,1878,115,0.011076004911452,0.6260869565217392,3.515251840962844,0.0004393371465309,True,0.0022499311230792,0.0088260737883728,state_volume=vol_surge + state_slope=downtrend,0.0085751316453206,0.0025008732661314,rolling
ASML,1h,state_volume=vol_surge + state_ext=stretched_down + state_slope=downtrend,bull,ASML,ok,867,11,0.021065475668792,0.6363636363636364,1.5812052648666768,0.1138311119622095,False,0.0025063968044183,0.0185590788643737,state_ext=stretched_down + state_slope=downtrend,0.0278339592490012,-0.0067684835802091,rolling
ASML,1h,state_volume=vol_surge + state_ext=stretched_down + state_slope=downtrend,bear,ASML,ok,196,31,0.0099015962238082,0.6129032258064516,2.0647905628301766,0.0389428211793345,True,0.0077355349349738,0.0021660612888344,state_slope=downtrend,0.0090963120126059,0.0008052842112022,rolling
ASML,1h,state_volume=vol_surge + state_ext=stretched_down + state_slope=downtrend,neutral,ASML,ok,616,73,0.0100694636920851,0.6301369863013698,2.576682046169368,0.0099753661888937,True,0.0014220066981696,0.0086474569939154,state_volume=vol_surge + state_ext=stretched_down,0.009790377241981,0.0002790864501041,rolling
ASML,1h,state_volume=vol_surge + state_ext=stretched_down + state_slope=downtrend,regime_warmup,ASML,ok,199,0,,,,,False,-0.0017075193649012,,state_volume=vol_surge,-0.0031675375257972,,rolling
AVGO,1h,cross_USO_state_slope=uptrend + cross_TLT_state_slope=downtrend + state_ext=stretched_up,all,USO,ok,1879,88,0.0119383258197411,0.7840909090909091,5.01863458260689,5.204003028502768e-07,True,0.0010610348162192,0.0108772910035218,cross_TLT_state_slope=downtrend + state_ext=stretched_up,0.0062787752919322,0.0056595505278088,rolling
AVGO,1h,cross_USO_state_slope=uptrend + cross_TLT_state_slope=downtrend + state_ext=stretched_up,bull,USO,ok,644,42,0.0130892138110284,0.7380952380952381,2.926423628875862,0.0034288368054291,True,0.0005344853321079,0.0125547284789205,cross_TLT_state_slope=downtrend + state_ext=stretched_up,0.008326171684639,0.0047630421263894,rolling
AVGO,1h,cross_USO_state_slope=uptrend + cross_TLT_state_slope=downtrend + state_ext=stretched_up,bear,USO,ok,381,0,,,,,False,0.0005605600143061,,cross_USO_state_slope=uptrend,0.0186437222226367,,rolling
AVGO,1h,cross_USO_state_slope=uptrend + cross_TLT_state_slope=downtrend + state_ext=stretched_up,neutral,USO,ok,662,46,0.0108875150450874,0.8260869565217391,5.530041865705889,3.201543696818021e-08,True,0.0017054131985933,0.0091821018464941,cross_USO_state_slope=uptrend + cross_TLT_state_slope=downtrend,0.0096511086230914,0.001236406421996,rolling
AVGO,1h,cross_USO_state_slope=uptrend + cross_TLT_state_slope=downtrend + state_ext=stretched_up,regime_warmup,USO,ok,192,0,,,,,False,0.0015985362649951,,state_ext=stretched_up,-0.0034488739123178,,rolling
CBOE,1h,cross_TLT_state_slope=downtrend + state_slope=downtrend,all,TLT,ok,1864,174,0.0058604493929464,0.6781609195402298,2.994436769213414,0.002749520386521,True,0.0004954960893324,0.005364953303614,cross_TLT_state_slope=downtrend,0.0032275593680446,0.0026328900249018,rolling
CBOE,1h,cross_TLT_state_slope=downtrend + state_slope=downtrend,bull,TLT,ok,438,3,-0.0037684461899776,0.0,-4.484704522115445,7.301504302059669e-06,False,-0.0020638504599176,-0.00170459573006,cross_TLT_state_slope=downtrend,0.0036665501929764,-0.0074349963829541,rolling
CBOE,1h,cross_TLT_state_slope=downtrend + state_slope=downtrend,bear,TLT,ok,518,92,0.0011571361947148,0.5543478260869565,0.6177128738676307,0.5367646242116537,False,0.0017370442857527,-0.0005799080910378,cross_TLT_state_slope=downtrend,0.0020425873162969,-0.000885451121582,rolling
CBOE,1h,cross_TLT_state_slope=downtrend + state_slope=downtrend,neutral,TLT,ok,716,79,0.0117033797851753,0.8481012658227848,4.014508648352027,5.9569759638389286e-05,True,0.0009855240364903,0.010717855748685,cross_TLT_state_slope=downtrend,0.0045177028469806,0.0071856769381947,rolling
CBOE,1h,cross_TLT_state_slope=downtrend + state_slope=downtrend,regime_warmup,TLT,ok,192,0,,,,,False,0.0011570159469404,,,,,rolling
CSX,1h,state_slope=flat + state_vol=mid_vol,all,CSX,ok,1879,190,0.0049947304937597,0.6578947368421053,4.050942002642014,5.1011851451621126e-05,True,0.0010617209906571,0.0039330095031026,state_vol=mid_vol,0.0036121565915607,0.001382573902199,rolling
CSX,1h,state_slope=flat + state_vol=mid_vol,bull,CSX,ok,803,133,0.0043647403321582,0.6466165413533834,3.09383248398278,0.0019758901704922,True,0.0009696606848863,0.0033950796472719,state_vol=mid_vol,0.0026731275179925,0.0016916128141657,rolling
CSX,1h,state_slope=flat + state_vol=mid_vol,bear,CSX,ok,229,5,0.0019588622605796,0.6,0.7316503554957522,0.4643820047370837,False,0.0012598787006485,0.000698983559931,state_vol=mid_vol,0.0066544793137839,-0.0046956170532042,rolling
CSX,1h,state_slope=flat + state_vol=mid_vol,neutral,CSX,ok,648,52,0.0068979618910463,0.6923076923076923,2.680983955983082,0.0073406035272709,True,0.0010387415355418,0.0058592203555044,state_vol=mid_vol,0.0049034047409007,0.0019945571501455,rolling
CSX,1h,state_slope=flat + state_vol=mid_vol,regime_warmup,CSX,ok,199,0,,,,,False,0.0012799973567904,,,,,rolling
CSX,1h,state_ext=neutral + state_slope=flat + state_vol=mid_vol,all,CSX,ok,1879,179,0.0052066271164589,0.6536312849162011,4.025800396932046,5.6781840400255135e-05,True,0.0010617209906571,0.0041449061258018,state_slope=flat + state_vol=mid_vol,0.0049947304937597,0.0002118966226991,rolling
CSX,1h,state_ext=neutral + state_slope=flat + state_vol=mid_vol,bull,CSX,ok,803,126,0.0045820406553869,0.6428571428571429,3.1478497727444976,0.0016447619850401,True,0.0009696606848863,0.0036123799705005,state_slope=flat + state_vol=mid_vol,0.0043647403321582,0.0002173003232286,rolling
CSX,1h,state_ext=neutral + state_slope=flat + state_vol=mid_vol,bear,CSX,ok,229,5,0.0019588622605796,0.6,0.7316503554957522,0.4643820047370837,False,0.0012598787006485,0.000698983559931,state_vol=mid_vol,0.0066544793137839,-0.0046956170532042,rolling
CSX,1h,state_ext=neutral + state_slope=flat + state_vol=mid_vol,neutral,CSX,ok,648,48,0.0071844754159271,0.6875,2.649397187304488,0.0080635502651915,True,0.0010387415355418,0.0061457338803852,state_slope=flat + state_vol=mid_vol,0.0068979618910463,0.0002865135248807,rolling
CSX,1h,state_ext=neutral + state_slope=flat + state_vol=mid_vol,regime_warmup,CSX,ok,199,0,,,,,False,0.0012799973567904,,state_ext=neutral,0.0020939001127243,,rolling
EOG,1h,cross_TLT_state_slope=flat + state_ext=stretched_down,all,TLT,ok,1879,81,0.0082511373488086,0.8148148148148148,5.238618542958431,1.6178304385050526e-07,True,0.0004680980366482,0.0077830393121603,cross_TLT_state_slope=flat,0.0015920868399805,0.0066590505088281,rolling
EOG,1h,cross_TLT_state_slope=flat + state_ext=stretched_down,bull,TLT,ok,443,21,0.0076158822165132,0.8571428571428571,4.385642050745994,1.156441593330726e-05,True,0.0002992135513295,0.0073166686651837,state_ext=stretched_down,0.0020899882293799,0.0055258939871333,rolling
EOG,1h,cross_TLT_state_slope=flat + state_ext=stretched_down,bear,TLT,ok,520,20,0.0084242245247455,0.85,6.202556104473055,5.555338411511457e-10,True,0.0005927309070158,0.0078314936177297,cross_TLT_state_slope=flat,0.0015747689228283,0.0068494556019171,rolling
EOG,1h,cross_TLT_state_slope=flat + state_ext=stretched_down,neutral,TLT,ok,724,40,0.0084981027052952,0.775,2.795592427141178,0.0051804686277008,True,0.000902680699085,0.0075954220062101,cross_TLT_state_slope=flat,0.0020266626872835,0.0064714400180116,rolling
EOG,1h,cross_TLT_state_slope=flat + state_ext=stretched_down,regime_warmup,TLT,ok,192,0,,,,,False,-0.0011185223445973,,state_ext=stretched_down,0.0019260718199566,,rolling
ETN,1h,cross_TLT_state_slope=flat + state_slope=downtrend,all,TLT,ok,1879,186,0.0077331641818386,0.7526881720430108,3.855359824603484,0.000115559531185,True,0.000387310381587,0.0073458538002515,state_slope=downtrend,0.0035509523665574,0.0041822118152811,rolling
ETN,1h,cross_TLT_state_slope=flat + state_slope=downtrend,bull,TLT,ok,443,47,0.0144073428157986,0.7872340425531915,4.742419121988938,2.111811487015558e-06,True,0.002436108719237,0.0119712340965615,state_slope=downtrend,0.0074323800192588,0.0069749627965398,rolling
ETN,1h,cross_TLT_state_slope=flat + state_slope=downtrend,bear,TLT,ok,520,52,3.707540291082184e-05,0.6730769230769231,0.0116305727426117,0.9907203547857923,False,-0.0010630089055106,0.0011000843084214,state_slope=downtrend,0.0005400594505701,-0.0005029840476593,rolling
ETN,1h,cross_TLT_state_slope=flat + state_slope=downtrend,neutral,TLT,ok,724,87,0.0087275345348055,0.7816091954022989,3.547349278819634,0.0003891283312869,True,0.00050387051319,0.0082236640216155,state_slope=downtrend,0.0038877194589907,0.0048398150758148,rolling
ETN,1h,cross_TLT_state_slope=flat + state_slope=downtrend,regime_warmup,TLT,ok,192,0,,,,,False,-0.0008514457099169,,,,,rolling
ETN,1h,state_ext=stretched_down + state_vol=high_vol,all,ETN,ok,1879,201,0.0071987172394026,0.6368159203980099,3.3032718499897142,0.0009556369643104,True,0.000387310381587,0.0068114068578156,state_ext=stretched_down,0.0042663380239905,0.0029323792154121,rolling
ETN,1h,state_ext=stretched_down + state_vol=high_vol,bull,ETN,ok,505,6,0.0040346761911756,0.5,1.07065658896372,0.2843238687865823,False,-0.0054149693845016,0.0094496455756773,state_ext=stretched_down,-0.001425585417524,0.0054602616086997,rolling
ETN,1h,state_ext=stretched_down + state_vol=high_vol,bear,ETN,ok,366,71,-0.0006415135632591,0.4647887323943662,-0.2181626068925568,0.8273024187212332,False,0.0026255395179977,-0.0032670530812569,state_vol=high_vol,0.0029059218412289,-0.0035474354044881,rolling
ETN,1h,state_ext=stretched_down + state_vol=high_vol,neutral,ETN,ok,809,124,0.0118409804110023,0.7419354838709677,4.300226533271453,1.7062360434305646e-05,True,0.003338230552747,0.0085027498582552,state_ext=stretched_down,0.0093501256665366,0.0024908547444657,rolling
ETN,1h,state_ext=stretched_down + state_vol=high_vol,regime_warmup,ETN,ok,199,0,,,,,False,-0.0010013077114784,,state_ext=stretched_down,0.0057248178107651,,rolling
GOLD,1h,state_ext=stretched_up + state_vol=mid_vol,all,GOLD,ok,1752,139,0.0111356129772461,0.6402877697841727,3.325666557778247,0.0008820738157757,True,0.0017575458988887,0.0093780670783574,state_ext=stretched_up,0.0044851824202497,0.0066504305569963,rolling
GOLD,1h,state_ext=stretched_up + state_vol=mid_vol,bull,GOLD,ok,567,69,0.0080106181007896,0.5072463768115942,1.57274232881558,0.1157784942823314,False,0.0021622978028316,0.005848320297958,state_vol=mid_vol,0.0051206654965563,0.0028899526042332,rolling
GOLD,1h,state_ext=stretched_up + state_vol=mid_vol,bear,GOLD,ok,330,9,0.0130827803693642,0.6666666666666666,1.1265276017831285,0.2599422641547169,False,0.0015953589927817,0.0114874213765825,state_ext=stretched_up,0.0140291638637169,-0.0009463834943526,rolling
GOLD,1h,state_ext=stretched_up + state_vol=mid_vol,neutral,GOLD,ok,656,61,0.0143831562550566,0.7868852459016393,3.119020478362246,0.0018145334947119,True,0.0020796346880108,0.0123035215670457,state_vol=mid_vol,0.0054794151694691,0.0089037410855874,rolling
GOLD,1h,state_ext=stretched_up + state_vol=mid_vol,regime_warmup,GOLD,ok,199,0,,,,,False,-0.0001884988055554,,state_ext=stretched_up,-0.0003313961055744,,rolling
GS,1h,state_slope=downtrend + state_vol=low_vol,all,GS,ok,1879,99,0.0118699965857051,0.696969696969697,3.699558520470019,0.000215974837026,True,0.0011094572922338,0.0107605392934712,state_slope=downtrend,0.0041095898426979,0.0077604067430072,rolling
GS,1h,state_slope=downtrend + state_vol=low_vol,bull,GS,ok,790,27,-0.0001526296198956,0.4814814814814814,-0.0866660288132962,0.9309369798623064,False,0.0003477052599775,-0.0005003348798732,state_vol=low_vol,0.0010532993560999,-0.0012059289759955,rolling
GS,1h,state_slope=downtrend + state_vol=low_vol,bear,GS,ok,247,19,0.0312242279256556,1.0,3.063356967356631,0.0021886880616626,True,0.0036025916073437,0.0276216363183119,state_vol=low_vol,0.0174020799192353,0.0138221480064203,rolling
GS,1h,state_slope=downtrend + state_vol=low_vol,neutral,GS,ok,643,53,0.011056421342161,0.6981132075471698,4.159590954119126,3.188180453683742e-05,True,0.0013053458435979,0.009751075498563,state_vol=low_vol,0.0044460199139428,0.0066104014282181,rolling
GS,1h,state_slope=downtrend + state_vol=low_vol,regime_warmup,GS,ok,199,0,,,,,False,0.0004060582526522,,,,,rolling
HUM,1h,cross_USO_state_slope=downtrend + cross_TLT_state_slope=flat + state_ext=stretched_up,all,USO,ok,1877,55,0.0174342480757201,0.8363636363636363,4.439188809488718,9.029857449327494e-06,True,0.0015615060492718,0.0158727420264483,cross_TLT_state_slope=flat + state_ext=stretched_up,0.0104932023362628,0.0069410457394573,rolling
HUM,1h,cross_USO_state_slope=downtrend + cross_TLT_state_slope=flat + state_ext=stretched_up,bull,USO,ok,644,3,0.0010538282307742,1.0,2.394440583558647,0.0166457401668251,False,-0.0019715978035159,0.0030254260342902,cross_TLT_state_slope=flat + state_ext=stretched_up,0.0129081234892489,-0.0118542952584746,rolling
HUM,1h,cross_USO_state_slope=downtrend + cross_TLT_state_slope=flat + state_ext=stretched_up,bear,USO,ok,381,25,0.0150940930185534,0.92,5.030688796712694,4.887208664428044e-07,True,0.002623423832864,0.0124706691856894,cross_TLT_state_slope=flat + state_ext=stretched_up,0.0124850886534939,0.0026090043650595,rolling
HUM,1h,cross_USO_state_slope=downtrend + cross_TLT_state_slope=flat + state_ext=stretched_up,neutral,USO,ok,660,27,0.0214211049632759,0.7407407407407407,3.420920818331465,0.0006240949983187,True,0.0031359526487446,0.0182851523145313,cross_USO_state_slope=downtrend + state_ext=stretched_up,0.0125962360394707,0.0088248689238051,rolling
HUM,1h,cross_USO_state_slope=downtrend + cross_TLT_state_slope=flat + state_ext=stretched_up,regime_warmup,USO,ok,192,0,,,,,False,0.005892721934661,,state_ext=stretched_up,0.004050289884304,,rolling
HUM,1h,cross_USO_state_ext=neutral + state_ext=stretched_up,all,USO,ok,1877,289,0.0085799800511409,0.671280276816609,4.317179379393153,1.5803572371630992e-05,True,0.0015615060492718,0.007018474001869,state_ext=stretched_up,0.0063855863691804,0.0021943936819604,rolling
HUM,1h,cross_USO_state_ext=neutral + state_ext=stretched_up,bull,USO,ok,644,42,0.0063718341910663,0.5714285714285714,1.6651739577290925,0.0958780549916156,False,-0.0019715978035159,0.0083434319945823,state_ext=stretched_up,0.0081834059586047,-0.0018115717675383,rolling
HUM,1h,cross_USO_state_ext=neutral + state_ext=stretched_up,bear,USO,ok,381,96,0.0106384387310306,0.7916666666666666,3.533598610735801,0.0004099431325839,True,0.002623423832864,0.0080150148981666,state_ext=stretched_up,0.0073334364120993,0.0033050023189312,rolling
HUM,1h,cross_USO_state_ext=neutral + state_ext=stretched_up,neutral,USO,ok,660,84,0.0114066842108087,0.6190476190476191,2.8752035346868463,0.0040376712629548,True,0.0031359526487446,0.0082707315620641,state_ext=stretched_up,0.0052990944720922,0.0061075897387164,rolling
HUM,1h,cross_USO_state_ext=neutral + state_ext=stretched_up,regime_warmup,USO,ok,192,67,0.0034708299532545,0.6268656716417911,1.1822008999734637,0.237125995640449,False,0.005892721934661,-0.0024218919814064,cross_USO_state_ext=neutral,0.0042063079606794,-0.0007354780074248,rolling
HUM,1h,state_session=lunch + state_ext=stretched_up,all,HUM,ok,1877,158,0.0080869477888462,0.6329113924050633,4.0804364086766665,4.495122600878254e-05,True,0.0015615060492718,0.0065254417395743,state_ext=stretched_up,0.0063855863691804,0.0017013614196657,rolling
HUM,1h,state_session=lunch + state_ext=stretched_up,bull,HUM,ok,724,91,0.0080613042527921,0.5934065934065934,2.971235085484791,0.0029660464264138,True,0.0039617883382066,0.0040995159145855,state_ext=stretched_up,0.0065021333869891,0.0015591708658029,rolling
HUM,1h,state_session=lunch + state_ext=stretched_up,bear,HUM,ok,382,6,0.0087020155825807,0.6666666666666666,0.9164839122671516,0.3594131415871922,False,-0.0012864883538844,0.0099885039364651,state_ext=stretched_up,0.0055321884593915,0.0031698271231891,rolling
HUM,1h,state_session=lunch + state_ext=stretched_up,neutral,HUM,ok,572,35,0.0099453662236528,0.7142857142857143,1.9522151419158065,0.0509126671994883,False,-0.0010142158698691,0.0109595820935219,state_ext=stretched_up,0.007890228035813,0.0020551381878397,rolling
HUM,1h,state_session=lunch + state_ext=stretched_up,regime_warmup,HUM,ok,199,26,0.0055330443196263,0.6538461538461539,1.7107498100798044,0.0871273083317774,False,0.0056994076702043,-0.000166363350578,state_session=lunch,0.0074938173871743,-0.0019607730675479,rolling
HUM,1h,cross_USO_state_slope=flat + state_slope=uptrend,all,USO,ok,1877,124,0.0077247317853268,0.6774193548387096,4.10953704152419,3.9645312087222e-05,True,0.0015615060492718,0.006163225736055,state_slope=uptrend,0.0057338934710218,0.001990838314305,rolling
HUM,1h,cross_USO_state_slope=flat + state_slope=uptrend,bull,USO,ok,644,32,0.0055768561399561,0.59375,2.0313201560514997,0.0422225280117971,True,-0.0019715978035159,0.0075484539434721,state_slope=uptrend,0.0037504865394898,0.0018263696004662,rolling
HUM,1h,cross_USO_state_slope=flat + state_slope=uptrend,bear,USO,ok,381,64,0.0104826904702471,0.78125,3.7977208856709193,0.000146032626823,True,0.002623423832864,0.007859266637383,state_slope=uptrend,0.007625432018965,0.002857258451282,rolling
HUM,1h,cross_USO_state_slope=flat + state_slope=uptrend,neutral,USO,ok,660,28,0.0038755412430758,0.5357142857142857,1.0693273016727207,0.2849222125731303,False,0.0031359526487446,0.0007395885943312,state_slope=uptrend,0.0063021071278157,-0.0024265658847398,rolling
HUM,1h,cross_USO_state_slope=flat + state_slope=uptrend,regime_warmup,USO,ok,192,0,,,,,False,0.005892721934661,,,,,rolling
HUM,1h,state_volume=vol_quiet + state_ext=stretched_up,all,HUM,ok,1877,119,0.0087125018686056,0.6302521008403361,3.3056588811583,0.0009475336673574,True,0.0015615060492718,0.0071509958193338,state_ext=stretched_up,0.0063855863691804,0.0023269154994251,rolling
HUM,1h,state_volume=vol_quiet + state_ext=stretched_up,bull,HUM,ok,724,61,0.0068238159367988,0.5737704918032787,2.080138235796476,0.0375128554077703,True,0.0039617883382066,0.0028620275985921,state_ext=stretched_up,0.0065021333869891,0.0003216825498096,rolling
HUM,1h,state_volume=vol_quiet + state_ext=stretched_up,bear,HUM,ok,382,6,0.0064246864752707,0.6666666666666666,1.1223812645213616,0.2617003670154563,False,-0.0012864883538844,0.0077111748291551,state_ext=stretched_up,0.0055321884593915,0.0008924980158792,rolling
HUM,1h,state_volume=vol_quiet + state_ext=stretched_up,neutral,HUM,ok,572,24,0.0148906176688739,0.6666666666666666,1.7969430022784785,0.0723446688722848,False,-0.0010142158698691,0.015904833538743,state_ext=stretched_up,0.007890228035813,0.0070003896330609,rolling
HUM,1h,state_volume=vol_quiet + state_ext=stretched_up,regime_warmup,HUM,ok,199,28,0.0080218574040981,0.7142857142857143,2.282301101517541,0.0224715695639525,True,0.0056994076702043,0.0023224497338937,state_volume=vol_quiet,0.0082624541971178,-0.0002405967930197,rolling
HUM,1h,state_ext=stretched_up + state_ret_5=ret_up,all,HUM,ok,1877,339,0.0076364799866971,0.6194690265486725,3.887161444072682,0.0001014233015494,True,0.0015615060492718,0.0060749739374252,state_ext=stretched_up,0.0063855863691804,0.0012508936175166,rolling
HUM,1h,state_ext=stretched_up + state_ret_5=ret_up,bull,HUM,ok,724,227,0.0075569818679086,0.6123348017621145,3.1697423200374564,0.0015257417824292,True,0.0039617883382066,0.0035951935297019,state_ret_5=ret_up,0.006710176816677,0.0008468050512315,rolling
HUM,1h,state_ext=stretched_up + state_ret_5=ret_up,bear,HUM,ok,382,18,0.0050486713488708,0.5555555555555556,0.7494770105091026,0.4535697499469995,False,-0.0012864883538844,0.0063351597027552,state_ext=stretched_up,0.0055321884593915,-0.0004835171105207,rolling
HUM,1h,state_ext=stretched_up + state_ret_5=ret_up,neutral,HUM,ok,572,94,0.0083239973105894,0.648936170212766,2.600477292213224,0.0093094179989055,True,-0.0010142158698691,0.0093382131804585,state_ext=stretched_up,0.007890228035813,0.0004337692747763,rolling
HUM,1h,state_ext=stretched_up + state_ret_5=ret_up,regime_warmup,HUM,ok,199,0,,,,,False,0.0056994076702043,,state_ext=stretched_up,0.004050289884304,,rolling
IBB,1h,cross_USO_state_vol=high_vol + state_ext=stretched_down,all,USO,ok,1879,67,0.0060909145522888,0.7761194029850746,4.180540585534286,2.9081689768339917e-05,True,0.000813163289231,0.0052777512630578,state_ext=stretched_down,0.0045284689910948,0.001562445561194,rolling
IBB,1h,cross_USO_state_vol=high_vol + state_ext=stretched_down,bull,USO,ok,644,51,0.0055003787568861,0.7450980392156863,3.258060986325717,0.0011217629584856,True,-0.0002253221718799,0.0057257009287661,state_ext=stretched_down,0.0039378010841082,0.0015625776727779,rolling
IBB,1h,cross_USO_state_vol=high_vol + state_ext=stretched_down,bear,USO,ok,381,2,-0.0016166341497225,0.5,-0.735458306375058,0.4620604232995444,False,0.0015730420381016,-0.0031896761878241,cross_USO_state_vol=high_vol,0.0023997984343667,-0.0040164325840893,rolling
IBB,1h,cross_USO_state_vol=high_vol + state_ext=stretched_down,neutral,USO,ok,662,14,0.0093432304786861,0.9285714285714286,3.722608881341995,0.0001971748352591,False,0.0013179690250575,0.0080252614536285,state_ext=stretched_down,0.0066291223113941,0.0027141081672919,rolling
IBB,1h,cross_USO_state_vol=high_vol + state_ext=stretched_down,regime_warmup,USO,ok,192,0,,,,,False,0.0010480041044319,,state_ext=stretched_down,0.0047530469010524,,rolling
ICE,1h,cross_TLT_state_slope=uptrend + state_slope=flat,all,TLT,ok,1879,133,0.0068249142456964,0.6541353383458647,4.268328683375529,1.9694299428607565e-05,True,0.000324648378444,0.0065002658672523,state_slope=flat,0.0027892586286224,0.004035655617074,rolling
ICE,1h,cross_TLT_state_slope=uptrend + state_slope=flat,bull,TLT,ok,443,63,0.006580787120563,0.6031746031746031,2.6320060060857293,0.0084882362305189,True,0.0019724632110696,0.0046083239094934,state_slope=flat,0.004264556994468,0.002316230126095,rolling
ICE,1h,cross_TLT_state_slope=uptrend + state_slope=flat,bear,TLT,ok,520,11,0.0048471067465676,0.7272727272727273,1.9638339791506063,0.0495493481856001,False,-0.0013259059237915,0.0061730126703591,cross_TLT_state_slope=uptrend,0.0007897751920052,0.0040573315545624,rolling
ICE,1h,cross_TLT_state_slope=uptrend + state_slope=flat,neutral,TLT,ok,724,59,0.0074543361333882,0.6949152542372882,3.4396171995413347,0.0005825374994206,True,0.0005286896904078,0.0069256464429804,state_slope=flat,0.0042821206633112,0.003172215470077,rolling
ICE,1h,cross_TLT_state_slope=uptrend + state_slope=flat,regime_warmup,TLT,ok,192,0,,,,,False,0.000223504401609,,,,,rolling
INTC,1h,state_volume=vol_surge + state_slope=flat,all,INTC,ok,1880,73,0.0227926745536694,0.6438356164383562,3.5167092938157345,0.0004369320367545,True,0.0044456963007423,0.0183469782529271,state_slope=flat,0.0091900854281812,0.0136025891254882,rolling
INTC,1h,state_volume=vol_surge + state_slope=flat,bull,INTC,ok,723,25,0.0190082177362962,0.6,1.828817584353477,0.0674269398251494,False,0.007603698002112,0.0114045197341841,state_slope=flat,0.0173518968722984,0.0016563208639977,rolling
INTC,1h,state_volume=vol_surge + state_slope=flat,bear,INTC,ok,309,25,0.0253299748652923,0.72,3.3750820157611336,0.0007379369532234,True,0.0052406638251918,0.0200893110401005,state_slope=flat,0.0084904092168754,0.0168395656484169,rolling
INTC,1h,state_volume=vol_surge + state_slope=flat,neutral,INTC,ok,649,23,0.0241482794512242,0.6086956521739131,1.7094570747822686,0.0873663164521116,False,0.0017955657520504,0.0223527136991738,state_volume=vol_surge,0.0059299742030907,0.0182183052481335,rolling
INTC,1h,state_volume=vol_surge + state_slope=flat,regime_warmup,INTC,ok,199,0,,,,,False,0.0003806436924806,,state_volume=vol_surge,-0.0029939576334006,,rolling
ISRG,1h,state_ext=neutral + state_ret_5=ret_down,all,ISRG,ok,1879,325,0.0045331157993405,0.6215384615384615,3.871957722291514,0.0001079646820154,True,0.0008028131249428,0.0037303026743976,state_ext=neutral,0.0026255278373633,0.0019075879619771,rolling
ISRG,1h,state_ext=neutral + state_ret_5=ret_down,bull,ISRG,ok,225,55,0.0045173237973303,0.7454545454545455,2.699315483091193,0.0069482274090089,True,0.0004546559514962,0.0040626678458341,state_ret_5=ret_down,0.0038175695760382,0.000699754221292,rolling
ISRG,1h,state_ext=neutral + state_ret_5=ret_down,bear,ISRG,ok,793,160,0.0045721364742244,0.575,2.484302478116724,0.0129805497529296,True,-0.0009676379991032,0.0055397744733277,state_ext=neutral,0.0012893084460221,0.0032828280282023,rolling
ISRG,1h,state_ext=neutral + state_ret_5=ret_down,neutral,ISRG,ok,662,110,0.0044842544550598,0.6272727272727273,2.4351791332575545,0.0148844190353969,True,0.0028444439340396,0.0016398105210202,state_ext=neutral,0.0046239524626004,-0.0001396980075406,rolling
ISRG,1h,state_ext=neutral + state_ret_5=ret_down,regime_warmup,ISRG,ok,199,0,,,,,False,0.0014598156866113,,state_ext=neutral,0.0016064299199316,,rolling
KLAC,1h,cross_USO_state_vol=high_vol + state_ext=neutral,all,USO,ok,1886,322,0.0098854279510778,0.6180124223602484,3.3423806234638405,0.0008306307519723,True,0.0024627894842236,0.0074226384668542,cross_USO_state_vol=high_vol,0.0048844212188648,0.0050010067322129,rolling
KLAC,1h,cross_USO_state_vol=high_vol + state_ext=neutral,bull,USO,ok,644,161,0.0113182074100968,0.6645962732919255,2.7984000218019527,0.0051356465711644,True,0.002115655390216,0.0092025520198808,state_ext=neutral,0.0073679701030146,0.0039502373070821,rolling
KLAC,1h,cross_USO_state_vol=high_vol + state_ext=neutral,bear,USO,ok,381,63,0.0139959774801839,0.6666666666666666,2.322049514816185,0.020230269624706,True,0.0039692129297346,0.0100267645504493,cross_USO_state_vol=high_vol,0.0130158197055695,0.0009801577746144,rolling
KLAC,1h,cross_USO_state_vol=high_vol + state_ext=neutral,neutral,USO,ok,662,98,0.0048890798568354,0.5102040816326531,1.0339815660092908,0.3011447810905236,False,0.0030983683625394,0.001790711494296,cross_USO_state_vol=high_vol,0.003417055001039,0.0014720248557964,rolling
KLAC,1h,cross_USO_state_vol=high_vol + state_ext=neutral,regime_warmup,USO,ok,199,0,,,,,False,-0.0014123170164995,,state_ext=neutral,-0.0029133087181761,,rolling
LIN,1h,state_slope=uptrend + state_vol=low_vol,all,LIN,ok,1879,99,0.0037612325500588,0.6666666666666666,3.9471767774617135,7.907816940022627e-05,True,-0.0004988443871744,0.0042600769372333,state_vol=low_vol,0.0012565796042642,0.0025046529457945,rolling
LIN,1h,state_slope=uptrend + state_vol=low_vol,bull,LIN,ok,637,51,0.0019342962301085,0.5490196078431373,1.9340578546307796,0.0531060149615065,False,-0.0001237911573597,0.0020580873874682,state_vol=low_vol,-0.0004084515844272,0.0023427478145357,rolling
LIN,1h,state_slope=uptrend + state_vol=low_vol,bear,LIN,ok,411,14,0.0028102408972981,0.5714285714285714,1.2946246056327777,0.1954497599755837,False,0.0010684677024662,0.0017417731948318,state_slope=uptrend,0.0023233532104871,0.000486887686811,rolling
LIN,1h,state_slope=uptrend + state_vol=low_vol,neutral,LIN,ok,632,34,0.0068932218281799,0.8823529411764706,4.292392106939633,1.7675844702136345e-05,True,-0.001724053070676,0.008617274898856,state_vol=low_vol,0.0018794048265957,0.0050138170015842,rolling
LIN,1h,state_slope=uptrend + state_vol=low_vol,regime_warmup,LIN,ok,199,0,,,,,False,-0.0010452880467791,,,,,rolling
LOW,1h,cross_TLT_state_slope=uptrend + state_slope=flat,all,TLT,ok,1879,164,0.0058510500804151,0.676829268292683,3.0413812273141043,0.0023549545476468,True,-5.316554357461405e-05,0.0059042156239898,state_slope=flat,0.00259271663027,0.0032583334501451,rolling
LOW,1h,cross_TLT_state_slope=uptrend + state_slope=flat,bull,TLT,ok,443,79,0.0073944075739996,0.7088607594936709,2.385425351706993,0.0170593841509805,True,0.0014298906521443,0.0059645169218553,state_slope=flat,0.0050062136568065,0.0023881939171931,rolling
LOW,1h,cross_TLT_state_slope=uptrend + state_slope=flat,bear,TLT,ok,520,15,0.0064339106353603,0.7333333333333333,1.8399795022727536,0.0657712467207227,False,-0.0008424784432527,0.0072763890786131,cross_TLT_state_slope=uptrend,0.0036691856319934,0.0027647250033668,rolling
LOW,1h,cross_TLT_state_slope=uptrend + state_slope=flat,neutral,TLT,ok,724,70,0.0039843622187387,0.6285714285714286,1.731993265848519,0.0832747614479392,False,0.0006275608527765,0.0033568013659622,state_slope=flat,0.0034933966365509,0.0004909655821877,rolling
LOW,1h,cross_TLT_state_slope=uptrend + state_slope=flat,regime_warmup,TLT,ok,192,0,,,,,False,-0.0039041920947677,,,,,rolling
MU,1h,state_session=morning + state_ext=stretched_up,all,MU,ok,1879,376,0.0061474998110409,0.5824468085106383,3.767253740019141,0.0001650532211927,True,0.0061168601862815,3.06396247594402e-05,state_ext=stretched_up,0.0065114607477003,-0.0003639609366594,rolling
MU,1h,state_session=morning + state_ext=stretched_up,bull,MU,ok,970,281,0.0056866399909966,0.5587188612099644,2.937699996501669,0.0033065682237112,True,0.007726981999504,-0.0020403420085073,state_ext=stretched_up,0.0074252877646263,-0.0017386477736296,rolling
MU,1h,state_session=morning + state_ext=stretched_up,bear,MU,ok,123,11,0.0117887829809069,0.8181818181818182,3.351702437012251,0.0008031629478268,False,0.0086903327478209,0.0030984502330859,state_session=morning,0.0027818130518805,0.0090069699290263,rolling
MU,1h,state_session=morning + state_ext=stretched_up,neutral,MU,ok,587,67,0.006820885682084,0.6417910447761194,2.145009431546811,0.0319520929073398,True,0.0054718753008972,0.0013490103811867,state_session=morning,0.0046519811323304,0.0021689045497535,rolling
MU,1h,state_session=morning + state_ext=stretched_up,regime_warmup,MU,ok,199,17,0.0074610669406897,0.5882352941176471,1.2905157143795538,0.1968716593052191,False,-0.0014195677341941,0.0088806346748839,state_ext=stretched_up,0.0078040756013648,-0.000343008660675,rolling
SMCI,1h,cross_USO_state_ext=stretched_down + state_ext=stretched_up,all,USO,ok,3508,168,0.0172654480046577,0.5952380952380952,3.59681622363792,0.0003221359060394,True,-0.0002364113861963,0.0175018593908541,state_ext=stretched_up,0.0056617818823928,0.0116036661222649,rolling
SMCI,1h,cross_USO_state_ext=stretched_down + state_ext=stretched_up,bull,USO,ok,590,23,0.0098014757173056,0.4782608695652174,1.0467482171362217,0.2952157189637201,False,-0.0008731537586467,0.0106746294759523,cross_USO_state_ext=stretched_down,0.0012689457122267,0.0085325300050788,rolling
SMCI,1h,cross_USO_state_ext=stretched_down + state_ext=stretched_up,bear,USO,ok,376,20,5.719591517689832e-05,0.3,0.0033428445393233,0.9973328009203954,False,-0.0043775819407216,0.0044347778558985,state_ext=stretched_up,0.0041357859548407,-0.0040785900396638,rolling
SMCI,1h,cross_USO_state_ext=stretched_down + state_ext=stretched_up,neutral,USO,ok,633,121,0.0218692646255004,0.6694214876033058,4.084643273669049,4.414458179669012e-05,True,0.0028208689613043,0.0190483956641961,cross_USO_state_ext=stretched_down,0.0139766274358847,0.0078926371896157,rolling
SMCI,1h,cross_USO_state_ext=stretched_down + state_ext=stretched_up,regime_warmup,USO,ok,199,4,0.0069590963238446,0.5,0.6707137614314104,0.5024028944556707,False,-0.0029272545092928,0.0098863508331374,state_ext=stretched_up,0.0069034207528863,5.5675570958250986e-05,rolling
SMCI,1h,cross_USO_state_ext=stretched_down + state_ext=stretched_up,regime_unavailable,USO,ok,1710,0,,,,,False,7.52713329705886e-05,,state_ext=stretched_up,0.0051065349688744,,rolling
SOFI,1h,cross_USO_state_slope=downtrend + cross_TLT_state_slope=flat + state_ext=stretched_down,all,USO,ok,3508,65,0.0239316699444686,0.8,4.539949302362311,5.626775598788214e-06,True,0.0014937375092044,0.0224379324352642,cross_TLT_state_slope=flat + state_ext=stretched_down,0.0078542150472707,0.0160774548971978,rolling
SOFI,1h,cross_USO_state_slope=downtrend + cross_TLT_state_slope=flat + state_ext=stretched_down,bull,USO,ok,590,1,0.0007126090341624,1.0,,,False,-0.0064174960481757,0.0071301050823381,cross_TLT_state_slope=flat + state_ext=stretched_down,-0.0035786779591284,0.0042912869932908,rolling
SOFI,1h,cross_USO_state_slope=downtrend + cross_TLT_state_slope=flat + state_ext=stretched_down,bear,USO,ok,376,36,0.0363940220802982,0.8888888888888888,5.463491619802775,4.6685932009182813e-08,True,0.0055955766717088,0.0307984454085894,cross_TLT_state_slope=flat + state_ext=stretched_down,0.0319655989724335,0.0044284231078647,rolling
SOFI,1h,cross_USO_state_slope=downtrend + cross_TLT_state_slope=flat + state_ext=stretched_down,neutral,USO,ok,633,28,0.0087378979451987,0.6785714285714286,1.704264670834052,0.0883316520730899,False,0.0010986556267667,0.0076392423184319,cross_TLT_state_slope=flat + state_ext=stretched_down,0.0057934388073107,0.0029444591378879,rolling
SOFI,1h,cross_USO_state_slope=downtrend + cross_TLT_state_slope=flat + state_ext=stretched_down,regime_warmup,USO,ok,199,0,,,,,False,0.0024073953250881,,state_ext=stretched_down,0.0251777364787911,,rolling
SOFI,1h,cross_USO_state_slope=downtrend + cross_TLT_state_slope=flat + state_ext=stretched_down,regime_unavailable,USO,ok,1710,0,,,,,False,0.0033613428893066,,state_ext=stretched_down,0.0008765883556305,,rolling
TAN,1h,cross_USO_state_vol=mid_vol + state_ext=stretched_down,all,USO,ok,3507,66,0.0139393331104126,0.7121212121212122,3.9949803585656034,6.46996165358793e-05,True,0.0003584479227307,0.0135808851876818,state_ext=stretched_down,0.0027575075288202,0.0111818255815923,rolling
TAN,1h,cross_USO_state_vol=mid_vol + state_ext=stretched_down,bull,USO,ok,589,10,0.0056219535789258,0.6,1.4024296513768957,0.1607869841144915,False,-0.0001969244319139,0.0058188780108397,state_ext=stretched_down,0.0071239691067084,-0.0015020155277826,rolling
TAN,1h,cross_USO_state_vol=mid_vol + state_ext=stretched_down,bear,USO,ok,376,22,0.0105745200625429,0.5454545454545454,1.772501078451092,0.0763114164397997,False,-0.001685020753685,0.012259540816228,state_ext=stretched_down,0.0040837943451656,0.0064907257173773,rolling
TAN,1h,cross_USO_state_vol=mid_vol + state_ext=stretched_down,neutral,USO,ok,633,34,0.0185628531800596,0.8529411764705882,4.490571846240584,7.10322094654714e-06,True,0.0033959336487208,0.0151669195313388,cross_USO_state_vol=mid_vol,0.0051534089337688,0.0134094442462908,rolling
TAN,1h,cross_USO_state_vol=mid_vol + state_ext=stretched_down,regime_warmup,USO,ok,199,0,,,,,False,0.0012922464597754,,state_ext=stretched_down,3.170552417830047e-05,,rolling
TAN,1h,cross_USO_state_vol=mid_vol + state_ext=stretched_down,regime_unavailable,USO,ok,1710,0,,,,,False,-0.0002340057814829,,state_ext=stretched_down,0.0007939120616598,,rolling
UPS,1h,cross_TLT_state_slope=uptrend + state_slope=downtrend,all,TLT,ok,3507,73,0.0088087914496058,0.7123287671232876,3.617168306593454,0.0002978436441427,True,-0.0002138248205735,0.0090226162701794,state_slope=downtrend,0.0010409046698159,0.0077678867797898,rolling
UPS,1h,cross_TLT_state_slope=uptrend + state_slope=downtrend,bull,TLT,ok,443,56,0.0081001948037365,0.6607142857142857,2.659871496824018,0.0078170469676963,True,0.0008824534687566,0.0072177413349798,state_slope=downtrend,0.0072277836960497,0.0008724111076867,rolling
UPS,1h,cross_TLT_state_slope=uptrend + state_slope=downtrend,bear,TLT,ok,457,0,,,,,False,0.0015375879368495,,state_slope=downtrend,0.0056090310831487,,rolling
UPS,1h,cross_TLT_state_slope=uptrend + state_slope=downtrend,neutral,TLT,ok,698,17,0.0111429921654108,0.8823529411764706,3.901084979265737,9.57625247273164e-05,True,0.0006278538661977,0.010515138299213,cross_TLT_state_slope=uptrend,0.003067689526515,0.0080753026388957,rolling
UPS,1h,cross_TLT_state_slope=uptrend + state_slope=downtrend,regime_warmup,TLT,ok,199,0,,,,,False,-0.0038456828344897,,state_slope=downtrend,-0.0075163094377744,,rolling
UPS,1h,cross_TLT_state_slope=uptrend + state_slope=downtrend,regime_unavailable,TLT,ok,1710,0,,,,,False,-0.0008868066281248,,state_slope=downtrend,-0.000442111571723,,rolling
UPS,1h,cross_USO_state_slope=downtrend + cross_TLT_state_slope=uptrend + state_ext=stretched_up,all,USO,ok,3507,82,0.005931616800062,0.7073170731707317,4.136691335456035,3.52349565098109e-05,True,-0.0002138248205735,0.0061454416206356,cross_USO_state_slope=downtrend + state_ext=stretched_up,0.0043297736591828,0.0016018431408792,rolling
UPS,1h,cross_USO_state_slope=downtrend + cross_TLT_state_slope=uptrend + state_ext=stretched_up,bull,USO,ok,589,1,-0.0085138460605668,0.0,,,False,-0.0006752141573541,-0.0078386319032126,cross_USO_state_slope=downtrend + state_ext=stretched_up,0.0166590747806846,-0.0251729208412514,rolling
UPS,1h,cross_USO_state_slope=downtrend + cross_TLT_state_slope=uptrend + state_ext=stretched_up,bear,USO,ok,376,31,0.0045052097567668,0.6451612903225806,2.2319769990601137,0.0256164831565073,True,0.0019237235830513,0.0025814861737154,cross_USO_state_slope=downtrend + cross_TLT_state_slope=uptrend,0.0045384860869359,-3.3276330169141645e-05,rolling
UPS,1h,cross_USO_state_slope=downtrend + cross_TLT_state_slope=uptrend + state_ext=stretched_up,neutral,USO,ok,633,50,0.0071048984241176,0.76,3.62580802167814,0.0002880593060747,True,0.0019055728970928,0.0051993255270248,cross_TLT_state_slope=uptrend + state_ext=stretched_up,0.0047428137927832,0.0023620846313344,rolling
UPS,1h,cross_USO_state_slope=downtrend + cross_TLT_state_slope=uptrend + state_ext=stretched_up,regime_warmup,USO,ok,199,0,,,,,False,-0.0038456828344897,,state_ext=stretched_up,-0.0013919306871831,,rolling
UPS,1h,cross_USO_state_slope=downtrend + cross_TLT_state_slope=uptrend + state_ext=stretched_up,regime_unavailable,USO,ok,1710,0,,,,,False,-0.0008868066281248,,state_ext=stretched_up,-0.0031118637176367,,rolling
XME,1h,state_session=lunch + state_slope=uptrend + state_vol=mid_vol,all,XME,ok,3507,107,0.0047211269128012,0.6355140186915887,3.4270953809730687,0.0006100747403556,True,0.0006475487085818,0.0040735782042194,state_slope=uptrend + state_vol=mid_vol,0.0035194431099065,0.0012016838028947,rolling
XME,1h,state_session=lunch + state_slope=uptrend + state_vol=mid_vol,bull,XME,ok,1455,69,0.0051286766356171,0.6376811594202898,2.694899543629594,0.0070409855206856,True,0.001570283436329,0.0035583931992881,state_session=lunch + state_vol=mid_vol,0.0042963274913122,0.0008323491443048,rolling
XME,1h,state_session=lunch + state_slope=uptrend + state_vol=mid_vol,bear,XME,ok,676,2,-0.0045435999504826,0.0,-3.922676148393077,8.757082555832518e-05,False,-0.0008299895152665,-0.003713610435216,state_session=lunch + state_slope=uptrend,0.0102322862099224,-0.014775886160405,rolling
XME,1h,state_session=lunch + state_slope=uptrend + state_vol=mid_vol,neutral,XME,ok,1177,36,0.004454696992031,0.6666666666666666,2.3138155762540484,0.0206778405860821,True,0.0008113748503353,0.0036433221416957,state_slope=uptrend + state_vol=mid_vol,0.0052897734287147,-0.0008350764366836,rolling
XME,1h,state_session=lunch + state_slope=uptrend + state_vol=mid_vol,regime_warmup,XME,ok,199,0,,,,,False,-0.0020488661577227,,state_session=lunch,-0.0034427086991588,,rolling
