symbol,timeframe,slice_combination,regime,regime_symbol,diagnostic_status,regime_window_rows,slice_n,slice_mean_ret_costadj,slice_win_rate,slice_t_stat_nw,slice_p_value_nw,slice_pass,baseline_mean_ret_costadj,excess_vs_baseline,best_parent_filter,best_parent_mean_ret_costadj,excess_vs_best_parent,bin_mode
ABBV,1d,state_ext=stretched_down + state_vol=low_vol,all,ABBV,ok,3456,191,0.0124962908812936,0.675392670157068,4.435508336957031,9.185527658273074e-06,True,0.0042305534950928,0.0082657373862007,state_ext=stretched_down,0.0077813412210482,0.0047149496602453,rolling
ABBV,1d,state_ext=stretched_down + state_vol=low_vol,bull,ABBV,ok,1630,32,0.0085816443635375,0.6875,1.7476458566647342,0.080525369610922,False,0.0022595101362548,0.0063221342272826,state_vol=low_vol,0.0035113694403919,0.0050702749231456,rolling
ABBV,1d,state_ext=stretched_down + state_vol=low_vol,bear,ABBV,ok,348,52,0.0118907841459344,0.7307692307692307,2.3894391793733045,0.0168741175292148,True,0.0095158262997802,0.0023749578461541,state_ext=stretched_down,0.0182542942509759,-0.0063635101050415,rolling
ABBV,1d,state_ext=stretched_down + state_vol=low_vol,neutral,ABBV,ok,1279,107,0.0139612912439746,0.6448598130841121,3.342379273296019,0.0008306347927653,True,0.0044291272970974,0.0095321639468772,state_ext=stretched_down,0.0072659201674071,0.0066953710765675,rolling
ABBV,1d,state_ext=stretched_down + state_vol=low_vol,regime_warmup,ABBV,ok,199,0,,,,,False,0.0098564321187655,,state_ext=stretched_down,0.0129631970805932,,rolling
ABBV,1d,state_ext=stretched_down + state_slope=downtrend + state_vol=low_vol,all,ABBV,ok,3456,153,0.0142985486707605,0.6797385620915033,4.245934654186657,2.1768407125533077e-05,True,0.0042305534950928,0.0100679951756677,state_ext=stretched_down + state_vol=low_vol,0.0124962908812936,0.0018022577894669,rolling
ABBV,1d,state_ext=stretched_down + state_slope=downtrend + state_vol=low_vol,bull,ABBV,ok,1630,17,0.0104469699305208,0.7058823529411765,1.8161286819108744,0.0693506348876904,False,0.0022595101362548,0.0081874597942659,state_ext=stretched_down + state_vol=low_vol,0.0085816443635375,0.0018653255669832,rolling
ABBV,1d,state_ext=stretched_down + state_slope=downtrend + state_vol=low_vol,bear,ABBV,ok,348,43,0.0121261516690054,0.7209302325581395,2.016400261296916,0.0437581382193177,True,0.0095158262997802,0.0026103253692251,state_ext=stretched_down + state_slope=downtrend,0.0198398085196869,-0.0077136568506815,rolling
ABBV,1d,state_ext=stretched_down + state_slope=downtrend + state_vol=low_vol,neutral,ABBV,ok,1279,93,0.0160070423230137,0.6559139784946236,3.473286095704544,0.0005141269969128,True,0.0044291272970974,0.0115779150259163,state_ext=stretched_down + state_vol=low_vol,0.0139612912439746,0.0020457510790391,rolling
ABBV,1d,state_ext=stretched_down + state_slope=downtrend + state_vol=low_vol,regime_warmup,ABBV,ok,199,0,,,,,False,0.0098564321187655,,state_ext=stretched_down,0.0129631970805932,,rolling
ACWI,1d,state_volume=vol_surge + state_ext=stretched_down + state_slope=downtrend,all,ACWI,ok,4656,223,0.0093703913036351,0.6502242152466368,2.9472617743500664,0.0032060167375513,True,0.0017529765740609,0.0076174147295741,state_volume=vol_surge + state_slope=downtrend,0.0076716924326855,0.0016986988709496,rolling
ACWI,1d,state_volume=vol_surge + state_ext=stretched_down + state_slope=downtrend,bull,ACWI,ok,2578,7,-0.0004106090603681,0.2857142857142857,-0.076008256862812,0.9394125291769536,False,0.0008411314601912,-0.0012517405205594,state_ext=stretched_down,0.0027363780633939,-0.0031469871237621,rolling
ACWI,1d,state_volume=vol_surge + state_ext=stretched_down + state_slope=downtrend,bear,ACWI,ok,438,57,0.0112833672234939,0.6140350877192983,1.9789688536572945,0.0478195131057206,True,0.0035470111646772,0.0077363560588166,state_volume=vol_surge + state_slope=downtrend,0.011562102326113,-0.000278735102619,rolling
ACWI,1d,state_volume=vol_surge + state_ext=stretched_down + state_slope=downtrend,neutral,ACWI,ok,1441,159,0.0091152175622268,0.6792452830188679,2.381348999437412,0.0172493610516881,True,0.0046517468361749,0.0044634707260518,state_volume=vol_surge + state_ext=stretched_down,0.0079480103792856,0.0011672071829411,rolling
ACWI,1d,state_volume=vol_surge + state_ext=stretched_down + state_slope=downtrend,regime_warmup,ACWI,ok,199,0,,,,,False,-0.0113735480231245,,state_volume=vol_surge + state_ext=stretched_down,0.0042125223267705,,rolling
ADBE,1d,cross_USO_state_slope=downtrend + cross_TLT_state_ext=stretched_up + state_ext=stretched_down,all,USO,ok,5063,246,0.0164374345534322,0.6422764227642277,3.2368138275192377,0.0012087223983092,True,0.0027987006247331,0.0136387339286991,cross_TLT_state_ext=stretched_up + state_ext=stretched_down,0.0126424052804897,0.0037950292729424,rolling
ADBE,1d,cross_USO_state_slope=downtrend + cross_TLT_state_ext=stretched_up + state_ext=stretched_down,bull,USO,ok,1490,0,,,,,False,0.002286063573877,,cross_USO_state_slope=downtrend + state_ext=stretched_down,0.0218104508002632,,rolling
ADBE,1d,cross_USO_state_slope=downtrend + cross_TLT_state_ext=stretched_up + state_ext=stretched_down,bear,USO,ok,1232,162,0.0209087212771652,0.6666666666666666,3.196165217808306,0.0013926733987603,True,0.0037159175680465,0.0171928037091187,cross_USO_state_slope=downtrend + state_ext=stretched_down,0.0160826333123166,0.0048260879648486,rolling
ADBE,1d,cross_USO_state_slope=downtrend + cross_TLT_state_ext=stretched_up + state_ext=stretched_down,neutral,USO,ok,2142,84,0.00781423872909,0.5952380952380952,1.1542487698832573,0.2483981931392698,False,0.0021989916935546,0.0056152470355354,cross_TLT_state_ext=stretched_up + state_ext=stretched_down,0.0096241750171755,-0.0018099362880854,rolling
ADBE,1d,cross_USO_state_slope=downtrend + cross_TLT_state_ext=stretched_up + state_ext=stretched_down,regime_warmup,USO,ok,199,0,,,,,False,0.0074137481734661,,state_ext=stretched_down,0.021631483158614,,rolling
ADI,1d,state_ext=stretched_down + state_ret_1=ret_down,all,ADI,ok,5063,710,0.0105954593134735,0.6140845070422535,4.410529167806113,1.031183143185288e-05,True,0.0037249411468585,0.0068705181666149,state_ext=stretched_down,0.0090640941622333,0.0015313651512402,rolling
ADI,1d,state_ext=stretched_down + state_ret_1=ret_down,bull,ADI,ok,2311,84,0.010454565327986,0.5952380952380952,3.053061116308144,0.0022651979926906,True,0.0001436248980527,0.0103109404299333,state_ext=stretched_down,0.0092576417700541,0.0011969235579319,rolling
ADI,1d,state_ext=stretched_down + state_ret_1=ret_down,bear,ADI,ok,588,189,0.0130246414382116,0.6243386243386243,1.9810944407327136,0.047580683619818,True,0.0090046833946219,0.0040199580435897,state_ext=stretched_down,0.0120350612419751,0.0009895801962365,rolling
ADI,1d,state_ext=stretched_down + state_ret_1=ret_down,neutral,ADI,ok,1965,437,0.0095719345381999,0.6132723112128147,3.58862473409755,0.0003324269371793,True,0.0059414731015223,0.0036304614366775,state_ret_1=ret_down,0.0082679948493931,0.0013039396888067,rolling
ADI,1d,state_ext=stretched_down + state_ret_1=ret_down,regime_warmup,ADI,ok,199,0,,,,,False,0.0078276955106323,,state_ext=stretched_down,0.023509622822911,,rolling
ADI,1d,state_volume=vol_normal + state_slope=downtrend,all,ADI,ok,5063,1259,0.0084743556492241,0.5988880063542494,4.198306905305791,2.6891801662154435e-05,True,0.0037249411468585,0.0047494145023656,state_slope=downtrend,0.0073991070103389,0.0010752486388852,rolling
ADI,1d,state_volume=vol_normal + state_slope=downtrend,bull,ADI,ok,2311,241,0.0061068106552675,0.5726141078838174,2.32054344323793,0.0203114976499656,True,0.0001436248980527,0.0059631857572148,state_slope=downtrend,0.0039549147359584,0.0021518959193091,rolling
ADI,1d,state_volume=vol_normal + state_slope=downtrend,bear,ADI,ok,588,288,0.011349407894814,0.59375,2.0036969969154708,0.0451025281705399,True,0.0090046833946219,0.0023447245001921,state_volume=vol_normal,0.0109723002431745,0.0003771076516395,rolling
ADI,1d,state_volume=vol_normal + state_slope=downtrend,neutral,ADI,ok,1965,730,0.0081217026311607,0.6095890410958904,3.440028624523598,0.0005816526655857,True,0.0059414731015223,0.0021802295296383,state_slope=downtrend,0.0077787655093652,0.0003429371217954,rolling
ADI,1d,state_volume=vol_normal + state_slope=downtrend,regime_warmup,ADI,ok,199,0,,,,,False,0.0078276955106323,,state_volume=vol_normal,0.00750869957208,,rolling
ADI,1d,state_ext=stretched_down + state_vol=mid_vol,all,ADI,ok,5063,430,0.0131802211382239,0.6395348837209303,3.899627552754255,9.634077292197674e-05,True,0.0037249411468585,0.0094552799913653,state_ext=stretched_down,0.0090640941622333,0.0041161269759905,rolling
ADI,1d,state_ext=stretched_down + state_vol=mid_vol,bull,ADI,ok,2311,57,0.0157241638538055,0.6140350877192983,2.199509543757701,0.0278417112766644,True,0.0001436248980527,0.0155805389557528,state_ext=stretched_down,0.0092576417700541,0.0064665220837513,rolling
ADI,1d,state_ext=stretched_down + state_vol=mid_vol,bear,ADI,ok,588,66,0.0166930025589453,0.6363636363636364,1.441904066427635,0.1493294388942536,False,0.0090046833946219,0.0076883191643234,state_ext=stretched_down,0.0120350612419751,0.0046579413169702,rolling
ADI,1d,state_ext=stretched_down + state_vol=mid_vol,neutral,ADI,ok,1965,307,0.0119527022178468,0.6449511400651465,3.6386973235056734,0.0002740206279732,True,0.0059414731015223,0.0060112291163244,state_vol=mid_vol,0.0091449144724623,0.0028077877453844,rolling
ADI,1d,state_ext=stretched_down + state_vol=mid_vol,regime_warmup,ADI,ok,199,0,,,,,False,0.0078276955106323,,state_ext=stretched_down,0.023509622822911,,rolling
ADI,1d,cross_USO_state_ext=neutral + state_ext=stretched_down,all,USO,ok,5063,315,0.0115519458362539,0.6126984126984127,4.173873481327378,2.9946409966452592e-05,True,0.0037249411468585,0.0078270046893953,state_ext=stretched_down,0.0090640941622333,0.0024878516740205,rolling
ADI,1d,cross_USO_state_ext=neutral + state_ext=stretched_down,bull,USO,ok,1490,121,0.0090925133047666,0.5785123966942148,2.0516351021507697,0.0402051381338504,True,0.0004100583772245,0.008682454927542,state_ext=stretched_down,0.0065681069537122,0.0025244063510544,rolling
ADI,1d,cross_USO_state_ext=neutral + state_ext=stretched_down,bear,USO,ok,1232,75,0.022234764877617,0.7333333333333333,4.398215723706183,1.091444659939711e-05,True,0.0064311580437578,0.0158036068338591,state_ext=stretched_down,0.0117481677375634,0.0104865971400535,rolling
ADI,1d,cross_USO_state_ext=neutral + state_ext=stretched_down,neutral,USO,ok,2142,114,0.0066530081283288,0.5614035087719298,1.4796324679250108,0.1389713568537058,False,0.00409313348644,0.0025598746418887,state_ext=stretched_down,0.00835722875597,-0.0017042206276412,rolling
ADI,1d,cross_USO_state_ext=neutral + state_ext=stretched_down,regime_warmup,USO,ok,199,5,0.0225237072184913,0.8,4.205974441531738,2.5995961297375917e-05,False,0.0078276955106323,0.014696011707859,state_ext=stretched_down,0.023509622822911,-0.0009859156044196,rolling
ADI,1d,cross_USO_state_vol=mid_vol + state_ext=stretched_down,all,USO,ok,5063,397,0.0146444066358862,0.6876574307304786,4.923361756938046,8.506997997148602e-07,True,0.0037249411468585,0.0109194654890276,state_ext=stretched_down,0.0090640941622333,0.0055803124736529,rolling
ADI,1d,cross_USO_state_vol=mid_vol + state_ext=stretched_down,bull,USO,ok,1490,119,0.0051831117597303,0.6050420168067226,0.9214385870485832,0.3568214905717877,False,0.0004100583772245,0.0047730533825057,state_ext=stretched_down,0.0065681069537122,-0.0013849951939818,rolling
ADI,1d,cross_USO_state_vol=mid_vol + state_ext=stretched_down,bear,USO,ok,1232,112,0.016413426539064,0.7232142857142857,3.837680645726776,0.0001242018612694,True,0.0064311580437578,0.0099822684953061,state_ext=stretched_down,0.0117481677375634,0.0046652588015006,rolling
ADI,1d,cross_USO_state_vol=mid_vol + state_ext=stretched_down,neutral,USO,ok,2142,166,0.0202333455582153,0.7228915662650602,4.587595839597642,4.4837960624377615e-06,True,0.00409313348644,0.0161402120717753,cross_USO_state_vol=mid_vol,0.0087635904077425,0.0114697551504728,rolling
ADI,1d,cross_USO_state_vol=mid_vol + state_ext=stretched_down,regime_warmup,USO,ok,199,0,,,,,False,0.0078276955106323,,state_ext=stretched_down,0.023509622822911,,rolling
ADI,1d,state_ext=stretched_down + state_slope=downtrend,all,ADI,ok,5063,1057,0.0098266766340378,0.609271523178808,3.991603561723592,6.562801734633084e-05,True,0.0037249411468585,0.0061017354871792,state_ext=stretched_down,0.0090640941622333,0.0007625824718044,rolling
ADI,1d,state_ext=stretched_down + state_slope=downtrend,bull,ADI,ok,2311,68,0.0105663457827104,0.6470588235294118,2.0961859811733743,0.0360656960456009,True,0.0001436248980527,0.0104227208846577,state_ext=stretched_down,0.0092576417700541,0.0013087040126562,rolling
ADI,1d,state_ext=stretched_down + state_slope=downtrend,bear,ADI,ok,588,296,0.0119569223119779,0.5844594594594594,2.070566812963062,0.0383992962314969,True,0.0090046833946219,0.002952238917356,state_ext=stretched_down,0.0120350612419751,-7.813892999718706e-05,rolling
ADI,1d,state_ext=stretched_down + state_slope=downtrend,neutral,ADI,ok,1965,693,0.0088442087800984,0.6161616161616161,3.369140134985976,0.0007540308214313,True,0.0059414731015223,0.002902735678576,state_slope=downtrend,0.0077787655093652,0.0010654432707331,rolling
ADI,1d,state_ext=stretched_down + state_slope=downtrend,regime_warmup,ADI,ok,199,0,,,,,False,0.0078276955106323,,state_ext=stretched_down,0.023509622822911,,rolling
ADI,1d,state_volume=vol_normal + state_ext=stretched_down,all,ADI,ok,5063,1025,0.0097112578486929,0.6117073170731707,4.098483004664661,4.158667670850491e-05,True,0.0037249411468585,0.0059863167018343,state_ext=stretched_down,0.0090640941622333,0.0006471636864595,rolling
ADI,1d,state_volume=vol_normal + state_ext=stretched_down,bull,ADI,ok,2311,120,0.0124024917447772,0.6416666666666667,2.389322604755679,0.0168794732735317,True,0.0001436248980527,0.0122588668467245,state_ext=stretched_down,0.0092576417700541,0.0031448499747231,rolling
ADI,1d,state_volume=vol_normal + state_ext=stretched_down,bear,ADI,ok,588,261,0.0139174418099905,0.6053639846743295,2.234375196471044,0.0254583963142844,True,0.0090046833946219,0.0049127584153685,state_ext=stretched_down,0.0120350612419751,0.0018823805680154,rolling
ADI,1d,state_volume=vol_normal + state_ext=stretched_down,neutral,ADI,ok,1965,629,0.0071268756301639,0.604133545310016,2.7055908921045435,0.0068182986467277,True,0.0059414731015223,0.0011854025286415,state_ext=stretched_down,0.0074748123230796,-0.0003479366929157,rolling
ADI,1d,state_volume=vol_normal + state_ext=stretched_down,regime_warmup,ADI,ok,199,15,0.0233655467837562,0.8,3.129134175339125,0.0017532223072751,True,0.0078276955106323,0.0155378512731238,state_ext=stretched_down,0.023509622822911,-0.0001440760391547,rolling
ADI,1d,state_volume=vol_normal + state_ext=stretched_down + state_slope=downtrend,all,ADI,ok,5063,784,0.0099668873130311,0.6135204081632653,3.672938748348331,0.0002397769729176,True,0.0037249411468585,0.0062419461661726,state_ext=stretched_down + state_slope=downtrend,0.0098266766340378,0.0001402106789933,rolling
ADI,1d,state_volume=vol_normal + state_ext=stretched_down + state_slope=downtrend,bull,ADI,ok,2311,58,0.0087020553276644,0.6379310344827587,1.4692851723548808,0.141755456868349,False,0.0001436248980527,0.0085584304296117,state_volume=vol_normal + state_ext=stretched_down,0.0124024917447772,-0.0037004364171128,rolling
ADI,1d,state_volume=vol_normal + state_ext=stretched_down + state_slope=downtrend,bear,ADI,ok,588,216,0.0131910593268692,0.6018518518518519,1.991111879911144,0.0464685886802076,True,0.0090046833946219,0.0041863759322473,state_volume=vol_normal + state_ext=stretched_down,0.0139174418099905,-0.0007263824831212,rolling
ADI,1d,state_volume=vol_normal + state_ext=stretched_down + state_slope=downtrend,neutral,ADI,ok,1965,510,0.0087451992741336,0.615686274509804,3.071485427315772,0.0021299656088928,True,0.0059414731015223,0.0028037261726112,state_ext=stretched_down + state_slope=downtrend,0.0088442087800984,-9.900950596481058e-05,rolling
ADI,1d,state_volume=vol_normal + state_ext=stretched_down + state_slope=downtrend,regime_warmup,ADI,ok,199,0,,,,,False,0.0078276955106323,,state_ext=stretched_down,0.023509622822911,,rolling
ADI,1d,state_relvol=relvol_normal + state_ext=stretched_down,all,ADI,ok,5063,1201,0.0093332225177034,0.604496253122398,4.110779074679997,3.943263600358904e-05,True,0.0037249411468585,0.0056082813708449,state_ext=stretched_down,0.0090640941622333,0.0002691283554701,rolling
ADI,1d,state_relvol=relvol_normal + state_ext=stretched_down,bull,ADI,ok,2311,139,0.0106745483995471,0.6115107913669064,2.3022428482962,0.021321480829481,True,0.0001436248980527,0.0105309235014944,state_ext=stretched_down,0.0092576417700541,0.0014169066294929,rolling
ADI,1d,state_relvol=relvol_normal + state_ext=stretched_down,bear,ADI,ok,588,299,0.0117438935259984,0.5819397993311036,1.9431146866940083,0.052002302892828,False,0.0090046833946219,0.0027392101313765,state_ext=stretched_down,0.0120350612419751,-0.0002911677159766,rolling
ADI,1d,state_relvol=relvol_normal + state_ext=stretched_down,neutral,ADI,ok,1965,745,0.007766264614166,0.6067114093959731,3.0931616516521263,0.0019803623057446,True,0.0059414731015223,0.0018247915126436,state_ext=stretched_down,0.0074748123230796,0.0002914522910863,rolling
ADI,1d,state_relvol=relvol_normal + state_ext=stretched_down,regime_warmup,ADI,ok,199,18,0.0237859285776434,0.8333333333333334,3.756193269676576,0.0001725174835671,True,0.0078276955106323,0.0159582330670111,state_ext=stretched_down,0.023509622822911,0.0002763057547324,rolling
ADI,1d,state_ext=stretched_down + state_slope=downtrend + state_vol=mid_vol,all,ADI,ok,5063,332,0.0135848870488943,0.6445783132530121,3.6037135669253257,0.0003137027567294,True,0.0037249411468585,0.0098599459020358,state_ext=stretched_down + state_vol=mid_vol,0.0131802211382239,0.0004046659106704,rolling
ADI,1d,state_ext=stretched_down + state_slope=downtrend + state_vol=mid_vol,bull,ADI,ok,2311,22,0.0197992680847035,0.7272727272727273,2.2948462222401536,0.0217419386464505,True,0.0001436248980527,0.0196556431866508,state_ext=stretched_down + state_vol=mid_vol,0.0157241638538055,0.004075104230898,rolling
ADI,1d,state_ext=stretched_down + state_slope=downtrend + state_vol=mid_vol,bear,ADI,ok,588,59,0.0143272803042731,0.6101694915254238,1.283184284388095,0.1994275205281119,False,0.0090046833946219,0.0053225969096511,state_slope=downtrend + state_vol=mid_vol,0.016910965359815,-0.0025836850555418,rolling
ADI,1d,state_ext=stretched_down + state_slope=downtrend + state_vol=mid_vol,neutral,ADI,ok,1965,251,0.0128656934837344,0.6454183266932271,3.474198511220676,0.0005123818098802,True,0.0059414731015223,0.006924220382212,state_ext=stretched_down + state_vol=mid_vol,0.0119527022178468,0.0009129912658876,rolling
ADI,1d,state_ext=stretched_down + state_slope=downtrend + state_vol=mid_vol,regime_warmup,ADI,ok,199,0,,,,,False,0.0078276955106323,,state_ext=stretched_down,0.023509622822911,,rolling
ADI,1d,cross_USO_state_slope=downtrend + cross_TLT_state_ext=stretched_up + state_ext=stretched_down,all,USO,ok,5063,267,0.0136924590033218,0.6704119850187266,2.827324002269825,0.0046938809263479,True,0.0037249411468585,0.0099675178564633,cross_TLT_state_ext=stretched_up + state_ext=stretched_down,0.0110158819815169,0.0026765770218049,rolling
ADI,1d,cross_USO_state_slope=downtrend + cross_TLT_state_ext=stretched_up + state_ext=stretched_down,bull,USO,ok,1490,7,0.0180964993411528,0.5714285714285714,1.4298666975111052,0.1527552817476229,False,0.0004100583772245,0.0176864409639282,cross_USO_state_slope=downtrend + state_ext=stretched_down,0.017906704902296,0.0001897944388568,rolling
ADI,1d,cross_USO_state_slope=downtrend + cross_TLT_state_ext=stretched_up + state_ext=stretched_down,bear,USO,ok,1232,157,0.014666488407722,0.6815286624203821,1.9474717209460548,0.0514782068723853,False,0.0064311580437578,0.0082353303639641,cross_TLT_state_ext=stretched_up + state_ext=stretched_down,0.0137898455535284,0.0008766428541935,rolling
ADI,1d,cross_USO_state_slope=downtrend + cross_TLT_state_ext=stretched_up + state_ext=stretched_down,neutral,USO,ok,2142,103,0.0119084696940437,0.6601941747572816,2.36024473635944,0.0182628822079742,True,0.00409313348644,0.0078153362076037,cross_TLT_state_ext=stretched_up + state_ext=stretched_down,0.0133528778581659,-0.0014444081641221,rolling
ADI,1d,cross_USO_state_slope=downtrend + cross_TLT_state_ext=stretched_up + state_ext=stretched_down,regime_warmup,USO,ok,199,0,,,,,False,0.0078276955106323,,state_ext=stretched_down,0.023509622822911,,rolling
ADI,1d,cross_USO_state_ext=stretched_down + cross_TLT_state_slope=uptrend + state_ext=stretched_down,all,USO,ok,5063,319,0.0130491696236822,0.6551724137931034,2.94315208744332,0.0032488876790131,True,0.0037249411468585,0.0093242284768236,cross_USO_state_ext=stretched_down + state_ext=stretched_down,0.0100448518956968,0.0030043177279854,rolling
ADI,1d,cross_USO_state_ext=stretched_down + cross_TLT_state_slope=uptrend + state_ext=stretched_down,bull,USO,ok,1490,15,0.0274695916783226,0.6666666666666666,1.5872160522897094,0.1124637203758194,False,0.0004100583772245,0.0270595333010981,cross_USO_state_ext=stretched_down + state_ext=stretched_down,0.0233415306611823,0.0041280610171402,rolling
ADI,1d,cross_USO_state_ext=stretched_down + cross_TLT_state_slope=uptrend + state_ext=stretched_down,bear,USO,ok,1232,174,0.0120172197505551,0.6551724137931034,1.69321242045643,0.0904150412570303,False,0.0064311580437578,0.0055860617067972,cross_TLT_state_slope=uptrend + state_ext=stretched_down,0.0128256914156764,-0.0008084716651213,rolling
ADI,1d,cross_USO_state_ext=stretched_down + cross_TLT_state_slope=uptrend + state_ext=stretched_down,neutral,USO,ok,2142,130,0.0127664999860246,0.6538461538461539,3.4336942204312777,0.00059541546871,True,0.00409313348644,0.0086733664995845,cross_USO_state_ext=stretched_down + state_ext=stretched_down,0.0113638008374973,0.0014026991485273,rolling
ADI,1d,cross_USO_state_ext=stretched_down + cross_TLT_state_slope=uptrend + state_ext=stretched_down,regime_warmup,USO,ok,199,0,,,,,False,0.0078276955106323,,state_ext=stretched_down,0.023509622822911,,rolling
AMAT,1d,state_ext=stretched_down + state_ret_1=ret_down,all,AMAT,ok,5063,823,0.0092190342838214,0.5722964763061968,3.411711113519586,0.000645564900344,True,0.0049550115691756,0.0042640227146458,state_ext=stretched_down,0.0084171557851919,0.0008018784986295,rolling
AMAT,1d,state_ext=stretched_down + state_ret_1=ret_down,bull,AMAT,ok,2118,106,0.015885032809414,0.6037735849056604,2.00488576198889,0.0449752611819707,True,0.0057998112765125,0.0100852215329015,state_ext=stretched_down,0.0185445490547562,-0.0026595162453421,rolling
AMAT,1d,state_ext=stretched_down + state_ret_1=ret_down,bear,AMAT,ok,909,309,0.0043803497747573,0.5242718446601942,0.9259093693344724,0.3544930817680756,False,-0.0013359090252604,0.0057162588000177,state_ret_1=ret_down,0.0017015409198143,0.0026788088549429,rolling
AMAT,1d,state_ext=stretched_down + state_ret_1=ret_down,neutral,AMAT,ok,1837,408,0.0111517736700666,0.6004901960784313,3.07277029326112,0.0021208167047892,True,0.0070216351815876,0.0041301384884789,state_ext=stretched_down,0.0111111990538709,4.0574616195634267e-05,rolling
AMAT,1d,state_ext=stretched_down + state_ret_1=ret_down,regime_warmup,AMAT,ok,199,0,,,,,False,0.0056222149068742,,state_ext=stretched_down,0.0106670207401865,,rolling
ARKW,1d,state_volume=vol_normal + state_ext=neutral + state_slope=uptrend,all,ARKW,ok,3017,74,0.0225785799072847,0.7567567567567568,4.728815362805511,2.2583363672445955e-06,True,0.0049457208376094,0.0176328590696752,state_volume=vol_normal + state_slope=uptrend,0.0126581818219671,0.0099203980853175,rolling
ARKW,1d,state_volume=vol_normal + state_ext=neutral + state_slope=uptrend,bull,ARKW,ok,1417,50,0.0215218776944968,0.72,3.919660947201803,8.867362791797895e-05,True,0.0092480993802169,0.0122737783142798,state_ext=neutral + state_slope=uptrend,0.0201134682952972,0.0014084093991996,rolling
ARKW,1d,state_volume=vol_normal + state_ext=neutral + state_slope=uptrend,bear,ARKW,ok,382,2,0.0503822000608194,0.5,1.2573259555313476,0.208635629019992,False,0.0002258785534768,0.0501563215073426,state_volume=vol_normal + state_slope=uptrend,0.0233436724135749,0.0270385276472445,rolling
ARKW,1d,state_volume=vol_normal + state_ext=neutral + state_slope=uptrend,neutral,ARKW,ok,1019,22,0.0224525740132994,0.8636363636363636,3.818654669269971,0.0001341814440944,True,0.000770773677384,0.0216818003359153,state_volume=vol_normal + state_slope=uptrend,0.0045394695554182,0.0179131044578811,rolling
ARKW,1d,state_volume=vol_normal + state_ext=neutral + state_slope=uptrend,regime_warmup,ARKW,ok,199,0,,,,,False,0.0047486379930541,,state_ext=neutral,0.0081375384177416,,rolling
ARKW,1d,state_volume=vol_normal + state_slope=uptrend,all,ARKW,ok,3017,675,0.0126581818219671,0.64,4.585636712390813,4.52604997880357e-06,True,0.0049457208376094,0.0077124609843576,state_slope=uptrend,0.0097172144767206,0.0029409673452465,rolling
ARKW,1d,state_volume=vol_normal + state_slope=uptrend,bull,ARKW,ok,1417,514,0.0149085301722572,0.6614785992217899,5.045844442986278,4.515226637025194e-07,True,0.0092480993802169,0.0056604307920402,state_slope=uptrend,0.0130730633495178,0.0018354668227394,rolling
ARKW,1d,state_volume=vol_normal + state_slope=uptrend,bear,ARKW,ok,382,8,0.0233436724135749,0.5,1.1443103566231485,0.2524949497359305,False,0.0002258785534768,0.0231177938600981,state_volume=vol_normal,0.0033804862712102,0.0199631861423647,rolling
ARKW,1d,state_volume=vol_normal + state_slope=uptrend,neutral,ARKW,ok,1019,153,0.0045394695554182,0.5751633986928104,0.9361604108879964,0.3491906030369645,False,0.000770773677384,0.0037686958780341,state_slope=uptrend,0.0031487299577935,0.0013907395976247,rolling
ARKW,1d,state_volume=vol_normal + state_slope=uptrend,regime_warmup,ARKW,ok,199,0,,,,,False,0.0047486379930541,,state_volume=vol_normal,0.0053101637161168,,rolling
AVGO,1d,cross_USO_state_ext=stretched_down + state_ext=stretched_down,all,USO,ok,4313,499,0.0194663461845186,0.6332665330661322,3.716511528883585,0.0002019924281482,True,0.0078165165527613,0.0116498296317572,state_ext=stretched_down,0.0139334108843771,0.0055329353001414,rolling
AVGO,1d,cross_USO_state_ext=stretched_down + state_ext=stretched_down,bull,USO,ok,1263,34,0.0107961576701663,0.5882352941176471,1.0605368604520793,0.2889004299217044,False,0.0033243158000419,0.0074718418701244,cross_USO_state_ext=stretched_down,0.0095204229491553,0.0012757347210109,rolling
AVGO,1d,cross_USO_state_ext=stretched_down + state_ext=stretched_down,bear,USO,ok,1093,221,0.0160217219205994,0.6289592760180995,1.7024015171004978,0.0886801258544038,False,0.0136411905065476,0.0023805314140517,state_ext=stretched_down,0.0188112772792762,-0.0027895553586768,rolling
AVGO,1d,cross_USO_state_ext=stretched_down + state_ext=stretched_down,neutral,USO,ok,1957,244,0.0237944132821175,0.6434426229508197,4.269994639219295,1.9547766584970816e-05,True,0.0074625466596577,0.0163318666224597,state_ext=stretched_down,0.0142551558817009,0.0095392574004165,rolling
AVGO,1d,cross_USO_state_slope=downtrend + cross_TLT_state_ext=stretched_up + state_ext=stretched_down,all,USO,ok,4313,204,0.0263397636481303,0.6715686274509803,3.003780930413586,0.0026664724705411,True,0.0078165165527613,0.0185232470953689,cross_USO_state_slope=downtrend + state_ext=stretched_down,0.0195644778291048,0.0067752858190254,rolling
AVGO,1d,cross_USO_state_slope=downtrend + cross_TLT_state_ext=stretched_up + state_ext=stretched_down,bull,USO,ok,1263,4,0.0171054013555799,0.75,0.596206026429367,0.5510376001897792,False,0.0033243158000419,0.013781085555538,cross_TLT_state_ext=stretched_up + state_ext=stretched_down,0.0169624242259041,0.0001429771296757,rolling
AVGO,1d,cross_USO_state_slope=downtrend + cross_TLT_state_ext=stretched_up + state_ext=stretched_down,bear,USO,ok,1093,123,0.0182317078613838,0.6422764227642277,1.469857593361301,0.1416003268824177,False,0.0136411905065476,0.0045905173548361,cross_USO_state_slope=downtrend + state_ext=stretched_down,0.0215190672851136,-0.0032873594237297,rolling
AVGO,1d,cross_USO_state_slope=downtrend + cross_TLT_state_ext=stretched_up + state_ext=stretched_down,neutral,USO,ok,1957,77,0.0397713001538448,0.7142857142857143,4.060487231469849,4.897041546181313e-05,True,0.0074625466596577,0.032308753494187,cross_TLT_state_ext=stretched_up + state_ext=stretched_down,0.0243750745181431,0.0153962256357016,rolling
AVGO,1d,state_ext=stretched_down + state_slope=downtrend,all,AVGO,ok,4313,819,0.0146237670346323,0.6178266178266179,3.5923350414212565,0.0003277281118627,True,0.0078165165527613,0.0068072504818709,state_ext=stretched_down,0.0139334108843771,0.0006903561502551,rolling
AVGO,1d,state_ext=stretched_down + state_slope=downtrend,bull,AVGO,ok,2422,93,0.0015072491378391,0.5268817204301075,0.1426276680859661,0.8865842449030474,False,0.0040319937653045,-0.0025247446274653,state_slope=downtrend,0.0048829778369838,-0.0033757286991446,rolling
AVGO,1d,state_ext=stretched_down + state_slope=downtrend,bear,AVGO,ok,280,134,0.0272965660910703,0.7164179104477612,3.524950139660492,0.0004235625070383,True,0.02085863376259,0.0064379323284803,state_ext=stretched_down,0.0251822443785899,0.0021143217124804,rolling
AVGO,1d,state_ext=stretched_down + state_slope=downtrend,neutral,AVGO,ok,1412,592,0.0138157959042929,0.6097972972972973,2.910222539025478,0.0036117149094314,True,0.0119429231746131,0.0018728727296798,state_ext=stretched_down,0.0146984102852066,-0.0008826143809137,rolling
AVGO,1d,state_ext=stretched_down + state_slope=downtrend,regime_warmup,AVGO,ok,199,0,,,,,False,0.0062478493287105,,state_ext=stretched_down,0.0044047162650919,,rolling
BAC,1d,state_volume=vol_quiet + state_slope=downtrend,all,BAC,ok,5063,135,0.0337259442206148,0.6444444444444445,2.4324659248239504,0.0149964025023074,True,0.0023630329754935,0.0313629112451212,state_volume=vol_quiet,0.0147928187248439,0.0189331254957708,rolling
BAC,1d,state_volume=vol_quiet + state_slope=downtrend,bull,BAC,ok,1873,10,0.0288949975814819,0.9,2.5483623699425104,0.0108229983161578,False,0.0023002753148265,0.0265947222666553,state_slope=downtrend,0.0085890418826331,0.0203059556988487,rolling
BAC,1d,state_volume=vol_quiet + state_slope=downtrend,bear,BAC,ok,1051,56,0.0555689869450113,0.625,1.8391262005576252,0.0658966261493418,False,0.0016166146506566,0.0539523722943547,state_volume=vol_quiet,0.023508302552759,0.0320606843922523,rolling
BAC,1d,state_volume=vol_quiet + state_slope=downtrend,neutral,BAC,ok,1940,69,0.0166983945659064,0.6231884057971014,2.08849419279598,0.0367532787013114,True,0.003035228745436,0.0136631658204703,state_volume=vol_quiet,0.0229389271173609,-0.0062405325514544,rolling
BAC,1d,state_volume=vol_quiet + state_slope=downtrend,regime_warmup,BAC,ok,199,0,,,,,False,0.0003427865641598,,state_volume=vol_quiet,0.0010441853331709,,rolling
BLK,1d,cross_USO_state_ext=neutral + cross_TLT_state_slope=flat + state_ext=neutral,all,USO,ok,5063,135,0.0114284050378774,0.6370370370370371,3.972706176420289,7.106068261863996e-05,True,0.003292520803401,0.0081358842344764,cross_USO_state_ext=neutral + cross_TLT_state_slope=flat,0.0056580253449833,0.0057703796928941,rolling
BLK,1d,cross_USO_state_ext=neutral + cross_TLT_state_slope=flat + state_ext=neutral,bull,USO,ok,1490,38,0.0104453647036087,0.6052631578947368,1.6227817550194374,0.1046360673024962,False,8.027794145535697e-05,0.0103650867621534,cross_TLT_state_slope=flat + state_ext=neutral,0.0080299242603177,0.002415440443291,rolling
BLK,1d,cross_USO_state_ext=neutral + cross_TLT_state_slope=flat + state_ext=neutral,bear,USO,ok,1232,33,0.0199315543207076,0.8181818181818182,5.449666435889228,5.046437800970693e-08,True,0.0055134008906978,0.0144181534300098,cross_USO_state_ext=neutral + cross_TLT_state_slope=flat,0.016496099368398,0.0034354549523096,rolling
BLK,1d,cross_USO_state_ext=neutral + cross_TLT_state_slope=flat + state_ext=neutral,neutral,USO,ok,2142,64,0.0076276488873901,0.5625,2.0932258380652145,0.036328999280879,True,0.0040958280137951,0.0035318208735949,state_ext=neutral,0.0050783561908507,0.0025492926965394,rolling
BLK,1d,cross_USO_state_ext=neutral + cross_TLT_state_slope=flat + state_ext=neutral,regime_warmup,USO,ok,199,0,,,,,False,0.0049479657887527,,cross_USO_state_ext=neutral + state_ext=neutral,0.0085985818818309,,rolling
CAT,1d,state_ext=stretched_up + state_ret_1=ret_flat,all,CAT,ok,5063,771,0.0078108741013237,0.6005188067444877,4.414236567675993,1.0136706558139252e-05,True,0.003829536765886,0.0039813373354377,state_ext=stretched_up,0.0053152298687487,0.0024956442325749,rolling
CAT,1d,state_ext=stretched_up + state_ret_1=ret_flat,bull,CAT,ok,2100,513,0.0061961636736327,0.5906432748538012,3.0083756480593764,0.0026264826489765,True,0.0050238361070668,0.0011723275665658,state_ret_1=ret_flat,0.00597350629846,0.0002226573751726,rolling
CAT,1d,state_ext=stretched_up + state_ret_1=ret_flat,bear,CAT,ok,912,32,0.0225871894621516,0.8125,2.6272826649090097,0.0086069803812636,True,0.0040311145372985,0.0185560749248531,state_ext=stretched_up,0.0146234078768796,0.0079637815852719,rolling
CAT,1d,state_ext=stretched_up + state_ret_1=ret_flat,neutral,CAT,ok,1852,226,0.0093839022334432,0.5929203539823009,2.63311346546377,0.0084606077431499,True,0.0023176291208945,0.0070662731125486,state_ext=stretched_up,0.0066733497191997,0.0027105525142434,rolling
CAT,1d,state_ext=stretched_up + state_ret_1=ret_flat,regime_warmup,CAT,ok,199,0,,,,,False,0.0043731820649624,,state_ext=stretched_up,-0.0014188114391587,,rolling
CBOE,1d,state_ext=stretched_down + state_vol=low_vol,all,CBOE,ok,4098,160,0.0098040539804503,0.63125,3.2093792561484884,0.0013302190385586,True,0.0033231853763695,0.0064808686040807,state_vol=low_vol,0.0053501746804418,0.0044538793000084,rolling
CBOE,1d,state_ext=stretched_down + state_vol=low_vol,bull,CBOE,ok,2016,19,0.0125671857320292,0.6842105263157895,2.2054257938462545,0.0274242296882829,True,0.0028479556972951,0.009719230034734,state_vol=low_vol,0.0042581123042733,0.0083090734277558,rolling
CBOE,1d,state_ext=stretched_down + state_vol=low_vol,bear,CBOE,ok,398,22,0.0027523120317018,0.5454545454545454,0.3777745401041121,0.705598088648844,False,0.0090324826096847,-0.0062801705779829,state_ext=stretched_down,0.0148447993307256,-0.0120924872990238,rolling
CBOE,1d,state_ext=stretched_down + state_vol=low_vol,neutral,CBOE,ok,1485,119,0.0106665650694626,0.6386554621848739,3.169406117370339,0.0015275079685366,True,0.0030789826013119,0.0075875824681507,state_vol=low_vol,0.0072774526190119,0.0033891124504506,rolling
CBOE,1d,state_ext=stretched_down + state_vol=low_vol,regime_warmup,CBOE,ok,199,0,,,,,False,-0.0014587047989308,,state_ext=stretched_down,0.0033504157109108,,rolling
COST,1d,state_ext=stretched_up + state_ret_1=ret_flat,all,COST,ok,5063,719,0.0041632914526909,0.5924895688456189,3.308104540592448,0.000939297394888,True,0.0034696398722682,0.0006936515804226,state_ret_1=ret_flat,0.0037663991383491,0.0003968923143418,rolling
COST,1d,state_ext=stretched_up + state_ret_1=ret_flat,bull,COST,ok,2628,568,0.0032705839749822,0.5721830985915493,2.258549630170466,0.0239114140513616,True,0.0024331852681266,0.0008373987068556,state_ret_1=ret_flat,0.0030055333297015,0.0002650506452807,rolling
COST,1d,state_ext=stretched_up + state_ret_1=ret_flat,bear,COST,ok,471,8,0.0222061346158917,0.75,1.1833145877419913,0.236684493517181,False,0.0037515842047273,0.0184545504111644,state_ext=stretched_up,0.0149470078714315,0.0072591267444602,rolling
COST,1d,state_ext=stretched_up + state_ret_1=ret_flat,neutral,COST,ok,1765,143,0.0066997606976763,0.6643356643356644,2.75829619838931,0.0058103523343571,True,0.0050787425630834,0.0016210181345929,state_ret_1=ret_flat,0.0059780515721004,0.0007217091255758,rolling
COST,1d,state_ext=stretched_up + state_ret_1=ret_flat,regime_warmup,COST,ok,199,0,,,,,False,0.0022180854491892,,state_ext=stretched_up,-0.0083541271100054,,rolling
DASH,1d,cross_USO_state_ext=stretched_down + state_ext=stretched_down,all,USO,ok,1457,149,0.0254883158554104,0.6241610738255033,3.204079352003009,0.0013549512650836,True,0.0029806321421745,0.0225076837132358,cross_USO_state_ext=stretched_down,0.0134928295052204,0.0119954863501899,rolling
DASH,1d,cross_USO_state_ext=stretched_down + state_ext=stretched_down,bull,USO,ok,576,31,0.046140071590782,0.6451612903225806,1.9000433781935728,0.057427427275557,False,-0.0040264338187345,0.0501665054095166,cross_USO_state_ext=stretched_down,0.0154702374482598,0.0306698341425222,rolling
DASH,1d,cross_USO_state_ext=stretched_down + state_ext=stretched_down,bear,USO,ok,261,36,0.0397792538965764,0.6666666666666666,3.639731357584752,0.0002729226264859,True,0.0095788941197579,0.0302003597768185,cross_USO_state_ext=stretched_down,0.0156802838821927,0.0240989700143836,rolling
DASH,1d,cross_USO_state_ext=stretched_down + state_ext=stretched_down,neutral,USO,ok,620,82,0.0114068744251849,0.5975609756097561,1.0017859197837995,0.3164469990223841,False,0.0067127670088429,0.0046941074163419,cross_USO_state_ext=stretched_down,0.0118661885323387,-0.0004593141071537,rolling
DE,1d,state_slope=downtrend + state_vol=mid_vol,all,DE,ok,5063,543,0.0136266573250827,0.6316758747697975,4.1316624108643145,3.601490908322624e-05,True,0.0041338431358642,0.0094928141892184,state_slope=downtrend,0.0082318123663862,0.0053948449586964,rolling
DE,1d,state_slope=downtrend + state_vol=mid_vol,bull,DE,ok,2141,60,0.0228398808418012,0.6833333333333333,3.3037635706365323,0.0009539624806085,True,0.001608209306966,0.0212316715348352,state_vol=mid_vol,0.0051958026935149,0.0176440781482863,rolling
DE,1d,state_slope=downtrend + state_vol=mid_vol,bear,DE,ok,682,146,0.0143367632903259,0.6438356164383562,2.6274475987884345,0.0086028090737091,True,0.0102438936399052,0.0040928696504206,state_slope=downtrend,0.0151989337888621,-0.0008621704985362,rolling
DE,1d,state_slope=downtrend + state_vol=mid_vol,neutral,DE,ok,2041,337,0.0116786784469563,0.6172106824925816,2.8195506392478813,0.0048090942293674,True,0.0037682072376449,0.0079104712093113,state_slope=downtrend,0.0062189387938012,0.005459739653155,rolling
DE,1d,state_slope=downtrend + state_vol=mid_vol,regime_warmup,DE,ok,199,0,,,,,False,0.0141167097297381,,,,,rolling
DE,1d,state_volume=vol_surge + state_slope=downtrend,all,DE,ok,5063,224,0.0177213919633354,0.625,3.8280478982389456,0.0001291636240856,True,0.0041338431358642,0.0135875488274711,state_slope=downtrend,0.0082318123663862,0.0094895795969491,rolling
DE,1d,state_volume=vol_surge + state_slope=downtrend,bull,DE,ok,2141,23,0.0043304942115166,0.4347826086956521,0.4904549969941505,0.6238119676041305,False,0.001608209306966,0.0027222849045506,state_slope=downtrend,0.0044476152628785,-0.0001171210513618,rolling
DE,1d,state_volume=vol_surge + state_slope=downtrend,bear,DE,ok,682,58,0.014182275332221,0.5344827586206896,1.2198905168260783,0.2225063812406009,False,0.0102438936399052,0.0039383816923158,state_slope=downtrend,0.0151989337888621,-0.001016658456641,rolling
DE,1d,state_volume=vol_surge + state_slope=downtrend,neutral,DE,ok,2041,143,0.021310618626947,0.6923076923076923,4.542554298956364,5.557667483779838e-06,True,0.0037682072376449,0.017542411389302,state_volume=vol_surge,0.0084816422647455,0.0128289763622014,rolling
DE,1d,state_volume=vol_surge + state_slope=downtrend,regime_warmup,DE,ok,199,0,,,,,False,0.0141167097297381,,state_volume=vol_surge,-0.0048595018450356,,rolling
DE,1d,state_volume=vol_surge + state_ext=stretched_down + state_slope=downtrend,all,DE,ok,5063,168,0.0196223882556412,0.6190476190476191,3.635394527333041,0.0002775555363747,True,0.0041338431358642,0.0154885451197769,state_volume=vol_surge + state_slope=downtrend,0.0177213919633354,0.0019009962923058,rolling
DE,1d,state_volume=vol_surge + state_ext=stretched_down + state_slope=downtrend,bull,DE,ok,2141,7,-0.0290924670061686,0.1428571428571428,-1.8570123410986656,0.063309398312376,False,0.001608209306966,-0.0307006763131346,state_ext=stretched_down + state_slope=downtrend,0.0081019176992765,-0.0371943847054451,rolling
DE,1d,state_volume=vol_surge + state_ext=stretched_down + state_slope=downtrend,bear,DE,ok,682,48,0.0181493634290503,0.5,1.424610818201728,0.1542697311217413,False,0.0102438936399052,0.007905469789145,state_ext=stretched_down + state_slope=downtrend,0.0175520099488787,0.0005973534801716,rolling
DE,1d,state_volume=vol_surge + state_ext=stretched_down + state_slope=downtrend,neutral,DE,ok,2041,113,0.0232658323132433,0.6991150442477876,4.382563358846292,1.1729103960078646e-05,True,0.0037682072376449,0.0194976250755983,state_volume=vol_surge + state_slope=downtrend,0.021310618626947,0.0019552136862963,rolling
DE,1d,state_volume=vol_surge + state_ext=stretched_down + state_slope=downtrend,regime_warmup,DE,ok,199,0,,,,,False,0.0141167097297381,,state_ext=stretched_down,0.039169647094643,,rolling
DE,1d,state_ext=stretched_down + state_slope=downtrend,all,DE,ok,5063,1064,0.0108964166553823,0.599624060150376,3.209168909805127,0.0013311926373495,True,0.0041338431358642,0.006762573519518,state_ext=stretched_down,0.0089122481835804,0.0019841684718018,rolling
DE,1d,state_ext=stretched_down + state_slope=downtrend,bull,DE,ok,2141,74,0.0081019176992765,0.5675675675675675,1.2910820335283395,0.1966752333433041,False,0.001608209306966,0.0064937083923104,state_ext=stretched_down,0.0072840698512563,0.0008178478480201,rolling
DE,1d,state_ext=stretched_down + state_slope=downtrend,bear,DE,ok,682,305,0.0175520099488787,0.6262295081967213,1.9891238927923385,0.0466875297140734,True,0.0102438936399052,0.0073081163089734,state_slope=downtrend,0.0151989337888621,0.0023530761600165,rolling
DE,1d,state_ext=stretched_down + state_slope=downtrend,neutral,DE,ok,2041,685,0.0082348647841931,0.5912408759124088,2.559630241998258,0.0104783584267531,True,0.0037682072376449,0.0044666575465482,state_slope=downtrend,0.0062189387938012,0.0020159259903919,rolling
DE,1d,state_ext=stretched_down + state_slope=downtrend,regime_warmup,DE,ok,199,0,,,,,False,0.0141167097297381,,state_ext=stretched_down,0.039169647094643,,rolling
DE,1d,cross_TLT_state_ext=stretched_up + state_ext=stretched_down,all,TLT,ok,5063,477,0.0137213799531615,0.6184486373165619,3.22393925861707,0.0012644021606174,True,0.0041338431358642,0.0095875368172973,state_ext=stretched_down,0.0089122481835804,0.0048091317695811,rolling
DE,1d,cross_TLT_state_ext=stretched_up + state_ext=stretched_down,bull,TLT,ok,1669,278,0.0151430958777227,0.5935251798561151,2.4027647074764604,0.016271653268346,True,0.0044856337808118,0.0106574620969108,cross_TLT_state_ext=stretched_up,0.0100945317380671,0.0050485641396555,rolling
DE,1d,cross_TLT_state_ext=stretched_up + state_ext=stretched_down,bear,TLT,ok,1164,15,0.0039553868193177,0.6666666666666666,0.2526380295659796,0.8005479397278341,False,0.0034299574564523,0.0005254293628654,state_ext=stretched_down,0.0057014012126631,-0.0017460143933454,rolling
DE,1d,cross_TLT_state_ext=stretched_up + state_ext=stretched_down,neutral,TLT,ok,2031,178,0.0111827256234632,0.6460674157303371,2.3984598462481967,0.016464181510319,True,0.0032700291980193,0.0079126964254438,state_ext=stretched_down,0.0089318299054316,0.0022508957180315,rolling
DE,1d,cross_TLT_state_ext=stretched_up + state_ext=stretched_down,regime_warmup,TLT,ok,199,6,0.0475769367308254,0.8333333333333334,3.5245050403815106,0.0004242747428726,False,0.0141167097297381,0.0334602270010872,state_ext=stretched_down,0.039169647094643,0.0084072896361823,rolling
DE,1d,cross_USO_state_slope=downtrend + cross_TLT_state_ext=stretched_up + state_ext=stretched_down,all,USO,ok,5063,276,0.0164566118039685,0.644927536231884,2.893766922007248,0.0038065060344902,True,0.0041338431358642,0.0123227686681042,cross_TLT_state_ext=stretched_up + state_ext=stretched_down,0.0137213799531615,0.0027352318508069,rolling
DE,1d,cross_USO_state_slope=downtrend + cross_TLT_state_ext=stretched_up + state_ext=stretched_down,bull,USO,ok,1490,7,0.0084185188163796,0.4285714285714285,0.5060163609008086,0.6128451642172097,False,0.0020903438051326,0.0063281750112469,cross_USO_state_slope=downtrend + state_ext=stretched_down,0.018926416423953,-0.0105078976075734,rolling
DE,1d,cross_USO_state_slope=downtrend + cross_TLT_state_ext=stretched_up + state_ext=stretched_down,bear,USO,ok,1232,138,0.0222139966385744,0.644927536231884,2.172385421462608,0.0298266037052938,True,0.0061104267452196,0.0161035698933548,cross_TLT_state_ext=stretched_up + state_ext=stretched_down,0.0203578393510311,0.0018561572875432,rolling
DE,1d,cross_USO_state_slope=downtrend + cross_TLT_state_ext=stretched_up + state_ext=stretched_down,neutral,USO,ok,2142,131,0.010821096870667,0.6564885496183206,2.044157588597064,0.0409379814855279,True,0.0034910198603663,0.0073300770103007,cross_TLT_state_ext=stretched_up + state_ext=stretched_down,0.010322263078874,0.000498833791793,rolling
DE,1d,cross_USO_state_slope=downtrend + cross_TLT_state_ext=stretched_up + state_ext=stretched_down,regime_warmup,USO,ok,199,0,,,,,False,0.0141167097297381,,cross_TLT_state_ext=stretched_up + state_ext=stretched_down,0.0475769367308254,,rolling
DE,1d,state_ext=stretched_down + state_ret_5=ret_down,all,DE,ok,5063,1013,0.0094655195125722,0.5844027640671273,3.088011113949237,0.0020150093493931,True,0.0041338431358642,0.0053316763767079,state_ext=stretched_down,0.0089122481835804,0.0005532713289917,rolling
DE,1d,state_ext=stretched_down + state_ret_5=ret_down,bull,DE,ok,2141,108,0.0050743307755035,0.5462962962962963,0.9581164320199024,0.3380040504150194,False,0.001608209306966,0.0034661214685375,state_ext=stretched_down,0.0072840698512563,-0.0022097390757528,rolling
DE,1d,state_ext=stretched_down + state_ret_5=ret_down,bear,DE,ok,682,282,0.0151965958752479,0.599290780141844,1.8450194355918437,0.0650347114193055,False,0.0102438936399052,0.0049527022353427,state_ext=stretched_down,0.014574131004666,0.0006224648705818,rolling
DE,1d,state_ext=stretched_down + state_ret_5=ret_down,neutral,DE,ok,2041,623,0.0076325898967277,0.5842696629213483,2.409219793442347,0.0159866669344777,True,0.0037682072376449,0.0038643826590827,state_ret_5=ret_down,0.0058408522148405,0.0017917376818871,rolling
DE,1d,state_ext=stretched_down + state_ret_5=ret_down,regime_warmup,DE,ok,199,0,,,,,False,0.0141167097297381,,state_ext=stretched_down,0.039169647094643,,rolling
DUK,1d,cross_USO_state_slope=downtrend + cross_TLT_state_slope=uptrend + state_ext=neutral,all,USO,ok,5063,274,0.0074152481993909,0.6532846715328468,3.4944825038651675,0.0004749817407929,True,0.0017798266785311,0.0056354215208597,cross_TLT_state_slope=uptrend + state_ext=neutral,0.0054489144667897,0.0019663337326011,rolling
DUK,1d,cross_USO_state_slope=downtrend + cross_TLT_state_slope=uptrend + state_ext=neutral,bull,USO,ok,1490,9,0.0082759023010664,0.5555555555555556,0.9922972317707416,0.3210525533006985,False,0.0019246694211047,0.0063512328799616,cross_TLT_state_slope=uptrend + state_ext=neutral,0.0063376512550203,0.001938251046046,rolling
DUK,1d,cross_USO_state_slope=downtrend + cross_TLT_state_slope=uptrend + state_ext=neutral,bear,USO,ok,1232,138,0.0076026672608743,0.6666666666666666,2.183354705056693,0.0290096988331949,True,0.0013561441223674,0.0062465231385069,cross_TLT_state_slope=uptrend + state_ext=neutral,0.0067602124747315,0.0008424547861427,rolling
DUK,1d,cross_USO_state_slope=downtrend + cross_TLT_state_slope=uptrend + state_ext=neutral,neutral,USO,ok,2142,127,0.007150604755298,0.6456692913385826,2.466560379909593,0.0136417726831603,True,0.0017587142960047,0.0053918904592932,cross_USO_state_slope=downtrend + cross_TLT_state_slope=uptrend,0.0057654310002952,0.0013851737550028,rolling
DUK,1d,cross_USO_state_slope=downtrend + cross_TLT_state_slope=uptrend + state_ext=neutral,regime_warmup,USO,ok,199,0,,,,,False,0.0035455751515488,,state_ext=neutral,0.0042352555208277,,rolling
EEM,1d,state_relvol=relvol_elevated + state_ext=stretched_down,all,EEM,ok,5063,101,0.01485982166047,0.6336633663366337,3.472379387022764,0.0005158667559359,True,0.0015170242165512,0.0133427974439188,state_relvol=relvol_elevated,0.0104229434957366,0.0044368781647333,rolling
EEM,1d,state_relvol=relvol_elevated + state_ext=stretched_down,bull,EEM,ok,1943,8,0.0127759208870003,0.75,2.22012551826376,0.0264102484301971,False,0.0003461838702644,0.0124297370167358,state_relvol=relvol_elevated,0.0108312768000734,0.0019446440869269,rolling
EEM,1d,state_relvol=relvol_elevated + state_ext=stretched_down,bear,EEM,ok,955,29,0.0247477098804589,0.7586206896551724,2.849121609336215,0.0043840119821227,True,0.0019991866301054,0.0227485232503534,state_relvol=relvol_elevated,0.0191493946679575,0.0055983152125013,rolling
EEM,1d,state_relvol=relvol_elevated + state_ext=stretched_down,neutral,EEM,ok,1966,55,0.0076228401024852,0.509090909090909,1.287778297606736,0.197823148968931,False,0.001860516440765,0.0057623236617202,state_relvol=relvol_elevated,0.0051323608695152,0.00249047923297,rolling
EEM,1d,state_relvol=relvol_elevated + state_ext=stretched_down,regime_warmup,EEM,ok,199,9,0.0290772031601638,0.8888888888888888,3.684449125784632,0.0002291977964647,False,0.0072415065034187,0.021835696656745,state_ext=stretched_down,0.028284002828364,0.0007932003317998,rolling
EQIX,1d,cross_USO_state_slope=downtrend + cross_TLT_state_slope=uptrend + state_ext=stretched_down,all,USO,ok,5063,203,0.0205877599828953,0.6551724137931034,3.2695903795225227,0.001077033243404,True,0.0039612363532239,0.0166265236296714,cross_TLT_state_slope=uptrend + state_ext=stretched_down,0.0172447115364255,0.0033430484464698,rolling
EQIX,1d,cross_USO_state_slope=downtrend + cross_TLT_state_slope=uptrend + state_ext=stretched_down,bull,USO,ok,1490,2,-0.0017973027754701,0.5,-0.2253947852147481,0.8216721680781589,False,0.0021531138561532,-0.0039504166316233,cross_TLT_state_slope=uptrend + state_ext=stretched_down,0.0149752004971784,-0.0167725032726486,rolling
EQIX,1d,cross_USO_state_slope=downtrend + cross_TLT_state_slope=uptrend + state_ext=stretched_down,bear,USO,ok,1232,123,0.0307114853922971,0.7073170731707317,3.6838264555399394,0.0002297586981132,True,0.0058998122829807,0.0248116731093163,cross_TLT_state_slope=uptrend + state_ext=stretched_down,0.0262463587231631,0.0044651266691339,rolling
EQIX,1d,cross_USO_state_slope=downtrend + cross_TLT_state_slope=uptrend + state_ext=stretched_down,neutral,USO,ok,2142,78,0.0051973997285404,0.5769230769230769,0.7796820397040167,0.4355780530070117,False,0.0034314629444076,0.0017659367841327,cross_TLT_state_slope=uptrend + state_ext=stretched_down,0.0080408659198846,-0.0028434661913441,rolling
EQIX,1d,cross_USO_state_slope=downtrend + cross_TLT_state_slope=uptrend + state_ext=stretched_down,regime_warmup,USO,ok,199,0,,,,,False,0.0112001892017628,,state_ext=stretched_down,0.0247820504870633,,rolling
EQIX,1d,cross_USO_state_ext=stretched_down + cross_TLT_state_slope=uptrend + state_ext=stretched_down,all,USO,ok,5063,208,0.020127795007331,0.6442307692307693,3.045834922018766,0.0023203519165564,True,0.0039612363532239,0.0161665586541071,cross_TLT_state_slope=uptrend + state_ext=stretched_down,0.0172447115364255,0.0028830834709055,rolling
EQIX,1d,cross_USO_state_ext=stretched_down + cross_TLT_state_slope=uptrend + state_ext=stretched_down,bull,USO,ok,1490,8,0.0483139568662995,0.875,2.976920690169176,0.0029115931871577,False,0.0021531138561532,0.0461608430101463,cross_TLT_state_slope=uptrend + state_ext=stretched_down,0.0149752004971784,0.033338756369121,rolling
EQIX,1d,cross_USO_state_ext=stretched_down + cross_TLT_state_slope=uptrend + state_ext=stretched_down,bear,USO,ok,1232,124,0.0304787328371496,0.6935483870967742,3.418822778306194,0.0006289267444352,True,0.0058998122829807,0.0245789205541688,cross_TLT_state_slope=uptrend + state_ext=stretched_down,0.0262463587231631,0.0042323741139864,rolling
EQIX,1d,cross_USO_state_ext=stretched_down + cross_TLT_state_slope=uptrend + state_ext=stretched_down,neutral,USO,ok,2142,76,0.0002724583524725,0.5394736842105263,0.0341265419831344,0.9727762433664492,False,0.0034314629444076,-0.0031590045919351,cross_TLT_state_slope=uptrend + state_ext=stretched_down,0.0080408659198846,-0.007768407567412,rolling
EQIX,1d,cross_USO_state_ext=stretched_down + cross_TLT_state_slope=uptrend + state_ext=stretched_down,regime_warmup,USO,ok,199,0,,,,,False,0.0112001892017628,,cross_USO_state_ext=stretched_down + state_ext=stretched_down,0.0268379102450377,,rolling
ETN,1d,cross_USO_state_slope=downtrend + cross_TLT_state_ext=stretched_up + state_ext=stretched_down,all,USO,ok,5063,296,0.0138456453068649,0.625,2.600517800087576,0.0093083189872427,True,0.0037250770549523,0.0101205682519125,cross_USO_state_slope=downtrend + cross_TLT_state_ext=stretched_up,0.0114410663875304,0.0024045789193344,rolling
ETN,1d,cross_USO_state_slope=downtrend + cross_TLT_state_ext=stretched_up + state_ext=stretched_down,bull,USO,ok,1490,6,-0.0110609681245863,0.3333333333333333,-1.2123480904838253,0.2253791624658596,False,0.0001842772984032,-0.0112452454229895,state_ext=stretched_down,0.0019864431389107,-0.013047411263497,rolling
ETN,1d,cross_USO_state_slope=downtrend + cross_TLT_state_ext=stretched_up + state_ext=stretched_down,bear,USO,ok,1232,189,0.017821757364688,0.6243386243386243,2.424862799388155,0.0153141731335848,True,0.0040206754184683,0.0138010819462197,cross_TLT_state_ext=stretched_up + state_ext=stretched_down,0.0135738604694148,0.0042478968952731,rolling
ETN,1d,cross_USO_state_slope=downtrend + cross_TLT_state_ext=stretched_up + state_ext=stretched_down,neutral,USO,ok,2142,101,0.0078847987886484,0.6435643564356436,1.1609395628817365,0.2456664783045417,False,0.005522411102361,0.0023623876862873,cross_USO_state_slope=downtrend + cross_TLT_state_ext=stretched_up,0.0099661224077555,-0.0020813236191071,rolling
ETN,1d,cross_USO_state_slope=downtrend + cross_TLT_state_ext=stretched_up + state_ext=stretched_down,regime_warmup,USO,ok,199,0,,,,,False,0.0090603781798616,,cross_TLT_state_ext=stretched_up,0.0145129925005293,,rolling
GD,1d,state_ext=neutral + state_slope=uptrend + state_vol=high_vol,all,GD,ok,5063,85,0.0180996920942304,0.7647058823529411,4.6996579852601,2.605975559788476e-06,True,0.0023413302126174,0.015758361881613,state_slope=uptrend + state_vol=high_vol,0.0075934127642729,0.0105062793299575,rolling
GD,1d,state_ext=neutral + state_slope=uptrend + state_vol=high_vol,bull,GD,ok,2391,34,0.0190022165587616,0.7647058823529411,4.637183718343154,3.5318846389742475e-06,True,0.0016609710993059,0.0173412454594557,state_ext=neutral + state_vol=high_vol,0.0078978521459931,0.0111043644127685,rolling
GD,1d,state_ext=neutral + state_slope=uptrend + state_vol=high_vol,bear,GD,ok,631,15,0.0291979784467627,0.8666666666666667,2.6496563532314155,0.0080573680224294,True,0.0052849756816285,0.0239130027651341,state_ext=neutral + state_slope=uptrend,0.0182080944012081,0.0109898840455545,rolling
GD,1d,state_ext=neutral + state_slope=uptrend + state_vol=high_vol,neutral,GD,ok,1842,36,0.0126230218975069,0.7222222222222222,3.497239268953932,0.0004700999909301,True,0.0020378816117874,0.0105851402857195,state_slope=uptrend + state_vol=high_vol,0.0090476051464571,0.0035754167510498,rolling
GD,1d,state_ext=neutral + state_slope=uptrend + state_vol=high_vol,regime_warmup,GD,ok,199,0,,,,,False,0.0039908310754839,,state_ext=neutral,0.0054361003439842,,rolling
GE,1d,cross_TLT_state_vol=high_vol + state_ext=stretched_up,all,TLT,ok,5063,714,0.0108622978028496,0.5882352941176471,3.5449166000890044,0.000392737330028,True,0.0020632299691491,0.0087990678337005,state_ext=stretched_up,0.0049779319735794,0.0058843658292702,rolling
GE,1d,cross_TLT_state_vol=high_vol + state_ext=stretched_up,bull,TLT,ok,1669,204,0.0003339527594342,0.5735294117647058,0.0684228205164435,0.9454490562524498,False,-0.0010077133423972,0.0013416661018314,state_ext=stretched_up,-0.0005102732012734,0.0008442259607077,rolling
GE,1d,cross_TLT_state_vol=high_vol + state_ext=stretched_up,bear,TLT,ok,1164,190,0.012113000069751,0.5842105263157895,2.226079451876442,0.0260088600322099,True,0.0028492555754482,0.0092637444943028,state_ext=stretched_up,0.0066295866383501,0.0054834134314009,rolling
GE,1d,cross_TLT_state_vol=high_vol + state_ext=stretched_up,neutral,TLT,ok,2031,320,0.0168315132970543,0.6,4.134256676489011,3.5610531157637126e-05,True,0.0040064653130489,0.0128250479840053,cross_TLT_state_vol=high_vol,0.0091503427873397,0.0076811705097145,rolling
GE,1d,cross_TLT_state_vol=high_vol + state_ext=stretched_up,regime_warmup,TLT,ok,199,0,,,,,False,0.0033886550836132,,state_ext=stretched_up,-0.0004317944309035,,rolling
GILD,1d,cross_TLT_state_slope=uptrend + state_slope=downtrend,all,TLT,ok,5063,541,0.0124979353517281,0.6395563770794824,4.412647598682873,1.021141335022513e-05,True,0.0030672676595847,0.0094306676921433,cross_TLT_state_slope=uptrend,0.0064639053895269,0.0060340299622011,rolling
GILD,1d,cross_TLT_state_slope=uptrend + state_slope=downtrend,bull,TLT,ok,1669,310,0.0137567744700803,0.6612903225806451,3.306609032532962,0.0009443259182957,True,0.0054706102505961,0.0082861642194841,state_slope=downtrend,0.0086333911892465,0.0051233832808337,rolling
GILD,1d,cross_TLT_state_slope=uptrend + state_slope=downtrend,bear,TLT,ok,1164,14,0.0120679640014537,0.7857142857142857,2.070041900103087,0.0384484208787005,False,0.0024396804267609,0.0096282835746927,state_slope=downtrend,0.0081936233166088,0.0038743406848448,rolling
GILD,1d,cross_TLT_state_slope=uptrend + state_slope=downtrend,neutral,TLT,ok,2031,217,0.0107273338411965,0.5990783410138248,2.8063111103431178,0.0050112283270737,True,0.0010469724451941,0.0096803613960023,cross_TLT_state_slope=uptrend,0.0062036779010842,0.0045236559401122,rolling
GILD,1d,cross_TLT_state_slope=uptrend + state_slope=downtrend,regime_warmup,TLT,ok,199,0,,,,,False,0.0072006964788607,,,,,rolling
GILD,1d,cross_TLT_state_slope=uptrend + state_ext=stretched_down,all,TLT,ok,5063,426,0.0124582733858199,0.6291079812206573,3.670553922243995,0.000242025403645,True,0.0030672676595847,0.0093910057262352,state_ext=stretched_down,0.0082424966282755,0.0042157767575443,rolling
GILD,1d,cross_TLT_state_slope=uptrend + state_ext=stretched_down,bull,TLT,ok,1669,250,0.01351657259353,0.656,2.9434807061849364,0.0032454405172517,True,0.0054706102505961,0.0080459623429339,state_ext=stretched_down,0.0081376019589031,0.0053789706346269,rolling
GILD,1d,cross_TLT_state_slope=uptrend + state_ext=stretched_down,bear,TLT,ok,1164,13,-0.0004129429568657,0.5384615384615384,-0.0603454746109601,0.9518804844124196,False,0.0024396804267609,-0.0028526233836266,state_ext=stretched_down,0.0108134129262828,-0.0112263558831485,rolling
GILD,1d,cross_TLT_state_slope=uptrend + state_ext=stretched_down,neutral,TLT,ok,2031,163,0.0118616538185032,0.5950920245398773,2.4956108988704897,0.0125740443886561,True,0.0010469724451941,0.010814681373309,cross_TLT_state_slope=uptrend,0.0062036779010842,0.0056579759174189,rolling
GILD,1d,cross_TLT_state_slope=uptrend + state_ext=stretched_down,regime_warmup,TLT,ok,199,0,,,,,False,0.0072006964788607,,state_ext=stretched_down,0.0279506460156803,,rolling
GILD,1d,cross_TLT_state_ext=stretched_up + state_ext=stretched_down,all,TLT,ok,5063,368,0.0122940313837058,0.6195652173913043,3.4269069398895518,0.0006104982519405,True,0.0030672676595847,0.0092267637241211,state_ext=stretched_down,0.0082424966282755,0.0040515347554303,rolling
GILD,1d,cross_TLT_state_ext=stretched_up + state_ext=stretched_down,bull,TLT,ok,1669,220,0.0144654751353064,0.65,2.8522871542027115,0.0043405870234591,True,0.0054706102505961,0.0089948648847102,cross_TLT_state_ext=stretched_up,0.0093901765729897,0.0050752985623166,rolling
GILD,1d,cross_TLT_state_ext=stretched_up + state_ext=stretched_down,bear,TLT,ok,1164,6,0.0003165231853857,0.3333333333333333,0.0794730613486194,0.9366563577550852,False,0.0024396804267609,-0.0021231572413751,state_ext=stretched_down,0.0108134129262828,-0.0104968897408971,rolling
GILD,1d,cross_TLT_state_ext=stretched_up + state_ext=stretched_down,neutral,TLT,ok,2031,134,0.009635025336835,0.582089552238806,2.1435693195885728,0.0320674112652796,True,0.0010469724451941,0.0085880528916408,cross_TLT_state_ext=stretched_up,0.0067709172894836,0.0028641080473513,rolling
GILD,1d,cross_TLT_state_ext=stretched_up + state_ext=stretched_down,regime_warmup,TLT,ok,199,8,0.0061008106485163,0.625,1.3454509835513528,0.1784796403089972,False,0.0072006964788607,-0.0010998858303444,state_ext=stretched_down,0.0279506460156803,-0.021849835367164,rolling
GILD,1d,cross_TLT_state_slope=uptrend + state_ext=neutral,all,TLT,ok,5063,496,0.0091833804390815,0.592741935483871,3.4204482066040818,0.0006251803908039,True,0.0030672676595847,0.0061161127794968,cross_TLT_state_slope=uptrend,0.0064639053895269,0.0027194750495546,rolling
GILD,1d,cross_TLT_state_slope=uptrend + state_ext=neutral,bull,TLT,ok,1669,242,0.0102344870778188,0.6239669421487604,2.7404031249302987,0.0061363868719315,True,0.0054706102505961,0.0047638768272227,state_ext=neutral,0.0082152249032513,0.0020192621745675,rolling
GILD,1d,cross_TLT_state_slope=uptrend + state_ext=neutral,bear,TLT,ok,1164,17,0.0139224500950611,0.5294117647058824,1.3556197998184598,0.1752201687494847,False,0.0024396804267609,0.0114827696683001,cross_TLT_state_slope=uptrend,-0.0004409596488557,0.0143634097439168,rolling
GILD,1d,cross_TLT_state_slope=uptrend + state_ext=neutral,neutral,TLT,ok,2031,237,0.0077701652883386,0.5654008438818565,2.1820361014369127,0.0291068684326971,True,0.0010469724451941,0.0067231928431444,cross_TLT_state_slope=uptrend,0.0062036779010842,0.0015664873872543,rolling
GILD,1d,cross_TLT_state_slope=uptrend + state_ext=neutral,regime_warmup,TLT,ok,199,0,,,,,False,0.0072006964788607,,state_ext=neutral,0.0035911919174608,,rolling
GLD,1d,cross_USO_state_slope=downtrend + cross_TLT_state_ext=stretched_up + state_ext=neutral,all,USO,ok,5063,202,0.0097172289598615,0.6633663366336634,3.861064018111774,0.0001128943161465,True,0.0019152362107292,0.0078019927491322,cross_USO_state_slope=downtrend + cross_TLT_state_ext=stretched_up,0.0069641124132333,0.0027531165466282,rolling
GLD,1d,cross_USO_state_slope=downtrend + cross_TLT_state_ext=stretched_up + state_ext=neutral,bull,USO,ok,1490,6,-0.0029354047028771,0.3333333333333333,-1.221744656841192,0.2218042030593452,False,0.0014286297042587,-0.0043640344071358,cross_USO_state_slope=downtrend + cross_TLT_state_ext=stretched_up,0.0037513437719141,-0.0066867484747912,rolling
GLD,1d,cross_USO_state_slope=downtrend + cross_TLT_state_ext=stretched_up + state_ext=neutral,bear,USO,ok,1232,95,0.0136328554488479,0.7263157894736842,3.126108688100264,0.0017713607122991,True,0.0027707635703706,0.0108620918784772,cross_TLT_state_ext=stretched_up + state_ext=neutral,0.0083275165532797,0.0053053388955681,rolling
GLD,1d,cross_USO_state_slope=downtrend + cross_TLT_state_ext=stretched_up + state_ext=neutral,neutral,USO,ok,2142,101,0.0067858555491955,0.6237623762376238,2.688179722198238,0.0071842717823065,True,0.0017668234463632,0.0050190321028323,cross_USO_state_slope=downtrend + cross_TLT_state_ext=stretched_up,0.0062996673853229,0.0004861881638725,rolling
GLD,1d,cross_USO_state_slope=downtrend + cross_TLT_state_ext=stretched_up + state_ext=neutral,regime_warmup,USO,ok,199,0,,,,,False,0.0018596288179409,,state_ext=neutral,-0.0027413548711944,,rolling
GOLD,1d,cross_USO_state_slope=downtrend + cross_TLT_state_slope=uptrend + state_ext=stretched_down,all,USO,ok,3134,127,0.0296314910490851,0.7244094488188977,4.992945871707178,5.94652274088503e-07,True,0.0053208112349922,0.0243106798140928,cross_USO_state_slope=downtrend + cross_TLT_state_slope=uptrend,0.0139228162124029,0.0157086748366821,rolling
GOLD,1d,cross_USO_state_slope=downtrend + cross_TLT_state_slope=uptrend + state_ext=stretched_down,bull,USO,ok,913,2,0.0412490777024701,1.0,30.053710594117163,0.0,False,0.0067164070095564,0.0345326706929137,cross_USO_state_slope=downtrend + cross_TLT_state_slope=uptrend,0.0085230654504713,0.0327260122519988,rolling
GOLD,1d,cross_USO_state_slope=downtrend + cross_TLT_state_slope=uptrend + state_ext=stretched_down,bear,USO,ok,840,59,0.0336005541066708,0.7796610169491526,4.157824940771823,3.212920790840457e-05,True,0.0088885135944277,0.024712040512243,cross_TLT_state_slope=uptrend + state_ext=stretched_down,0.0262326738038261,0.0073678803028447,rolling
GOLD,1d,cross_USO_state_slope=downtrend + cross_TLT_state_slope=uptrend + state_ext=stretched_down,neutral,USO,ok,1381,66,0.025731341144474,0.6666666666666666,2.905373762260444,0.0036681478277795,True,0.0022280893493274,0.0235032517951465,cross_USO_state_slope=downtrend + cross_TLT_state_slope=uptrend,0.014249363599626,0.0114819775448479,rolling
GOOG,1d,state_ext=neutral + state_slope=flat + state_vol=low_vol,all,GOOG,ok,5063,430,0.0064321951951582,0.627906976744186,2.661139144843065,0.0077876766875937,True,0.0041609704514729,0.0022712247436853,state_ext=neutral + state_vol=low_vol,0.0068775890102931,-0.0004453938151348,rolling
GOOG,1d,state_ext=neutral + state_slope=flat + state_vol=low_vol,bull,GOOG,ok,2425,295,0.0097315389489367,0.6779661016949152,3.856271066485205,0.0001151298186745,True,0.0040175189723756,0.005714019976561,state_ext=neutral + state_slope=flat,0.0082867109518055,0.0014448279971311,rolling
GOOG,1d,state_ext=neutral + state_slope=flat + state_vol=low_vol,bear,GOOG,ok,680,43,0.0047097534875776,0.4651162790697674,0.6800913756788601,0.4964466049209655,False,0.0048702360075466,-0.000160482519969,state_vol=low_vol,0.0091090441025036,-0.0043992906149259,rolling
GOOG,1d,state_ext=neutral + state_slope=flat + state_vol=low_vol,neutral,GOOG,ok,1759,92,-0.0033421679998274,0.5434782608695652,-0.6676241506740819,0.5043735376741889,False,0.0036878589720913,-0.0070300269719188,state_vol=low_vol,0.0077257209346633,-0.0110678889344907,rolling
GOOG,1d,state_ext=neutral + state_slope=flat + state_vol=low_vol,regime_warmup,GOOG,ok,199,0,,,,,False,0.0076673641746527,,state_ext=neutral,0.0052259756346718,,rolling
GOOGL,1d,state_ext=neutral + state_slope=flat + state_vol=low_vol,all,GOOGL,ok,5063,425,0.0072504866345586,0.6329411764705882,2.8040654481467957,0.0050462660462291,True,0.0041675249567223,0.0030829616778363,state_ext=neutral + state_vol=low_vol,0.0072453571726106,5.129461948028859e-06,rolling
GOOGL,1d,state_ext=neutral + state_slope=flat + state_vol=low_vol,bull,GOOGL,ok,2409,295,0.0095753612337171,0.6677966101694915,3.567188145428917,0.000360832410216,True,0.0044367566893631,0.0051386045443539,state_slope=flat + state_vol=low_vol,0.0080816511205493,0.0014937101131677,rolling
GOOGL,1d,state_ext=neutral + state_slope=flat + state_vol=low_vol,bear,GOOGL,ok,653,32,0.0070378123527906,0.5,0.8153425333250931,0.4148762687533869,False,0.0045539221965663,0.0024838901562243,state_ext=neutral + state_vol=low_vol,0.0068901582683288,0.0001476540844618,rolling
GOOGL,1d,state_ext=neutral + state_slope=flat + state_vol=low_vol,neutral,GOOGL,ok,1802,98,0.0003215842903222,0.5714285714285714,0.0612920765573162,0.9511266009310672,False,0.0032810853516252,-0.002959501061303,state_vol=low_vol,0.0075693271223506,-0.0072477428320283,rolling
GOOGL,1d,state_ext=neutral + state_slope=flat + state_vol=low_vol,regime_warmup,GOOGL,ok,199,0,,,,,False,0.0076673617749882,,state_ext=neutral,0.0052259533143049,,rolling
