symbol,timeframe,coverage_status,first_bar,last_bar,total_bars,bull_bars,bear_bars,neutral_bars,warmup_bars,current_regime
AA,1d,ok,2006-08-14 04:00:00+00:00,2026-10-08 04:00:00+00:00,5070.0,1515.0,1493.0,1863.0,199.0,bear
AA,1h,ok,2024-08-13 13:30:00+00:00,2026-10-08 19:30:00+00:00,3767.0,1234.0,837.0,1497.0,199.0,neutral
AAPL,1d,ok,2006-08-14 04:00:00+00:00,2026-10-08 04:00:00+00:00,5070.0,2658.0,568.0,1645.0,199.0,bull
AAPL,1h,ok,2024-08-13 13:30:00+00:00,2026-10-08 19:30:00+00:00,3767.0,1408.0,668.0,1492.0,199.0,bull
ABBV,1d,ok,2013-01-02 05:00:00+00:00,2026-10-08 04:00:00+00:00,3463.0,1637.0,348.0,1279.0,199.0,bull
ABBV,1h,ok,2024-08-13 13:30:00+00:00,2026-10-08 19:30:00+00:00,3767.0,1305.0,656.0,1607.0,199.0,bull
ABNB,1d,ok,2020-12-10 05:00:00+00:00,2026-10-08 04:00:00+00:00,1463.0,362.0,274.0,628.0,199.0,neutral
ABNB,1h,ok,2024-08-13 13:30:00+00:00,2026-10-08 19:30:00+00:00,3767.0,1094.0,898.0,1576.0,199.0,neutral
ABT,1d,ok,2006-08-14 04:00:00+00:00,2026-10-08 04:00:00+00:00,5070.0,2193.0,698.0,1980.0,199.0,neutral
ABT,1h,ok,2024-08-13 13:30:00+00:00,2026-10-08 19:30:00+00:00,3767.0,1063.0,1032.0,1473.0,199.0,bear
ACWI,1d,ok,2008-03-28 04:00:00+00:00,2026-10-08 04:00:00+00:00,4663.0,2582.0,438.0,1444.0,199.0,neutral
ACWI,1h,ok,2024-08-13 13:30:00+00:00,2026-10-08 19:30:00+00:00,3767.0,1696.0,473.0,1399.0,199.0,bear
ADBE,1d,ok,2006-08-14 04:00:00+00:00,2026-10-08 04:00:00+00:00,5070.0,2297.0,904.0,1670.0,199.0,neutral
ADBE,1h,ok,2024-08-13 13:30:00+00:00,2026-10-08 19:30:00+00:00,3767.0,766.0,1308.0,1494.0,199.0,neutral
ADI,1d,ok,2006-08-14 04:00:00+00:00,2026-10-08 04:00:00+00:00,5070.0,2318.0,588.0,1965.0,199.0,bull
ADI,1h,ok,2024-08-13 13:30:00+00:00,2026-10-08 19:30:00+00:00,3767.0,1230.0,863.0,1475.0,199.0,neutral
AEP,1d,ok,2006-08-14 04:00:00+00:00,2026-10-08 04:00:00+00:00,5070.0,2276.0,676.0,1919.0,199.0,bear
AEP,1h,ok,2024-08-13 13:30:00+00:00,2026-10-08 19:30:00+00:00,3767.0,1173.0,854.0,1541.0,199.0,neutral
AFRM,1d,ok,2021-01-13 05:00:00+00:00,2026-10-08 04:00:00+00:00,1441.0,331.0,322.0,589.0,199.0,bull
AFRM,1h,ok,2024-08-13 13:30:00+00:00,2026-10-08 19:30:00+00:00,3767.0,1186.0,963.0,1419.0,199.0,bull
AGG,1d,ok,2006-08-14 04:00:00+00:00,2026-10-08 04:00:00+00:00,5070.0,2583.0,561.0,1727.0,199.0,bear
AGG,1h,ok,2024-08-13 13:30:00+00:00,2026-10-08 19:30:00+00:00,3767.0,1209.0,786.0,1573.0,199.0,neutral
AMAT,1d,ok,2006-08-14 04:00:00+00:00,2026-10-08 04:00:00+00:00,5070.0,2125.0,909.0,1837.0,199.0,bull
AMAT,1h,ok,2024-08-13 13:30:00+00:00,2026-10-08 19:30:00+00:00,3767.0,1407.0,844.0,1317.0,199.0,neutral
AMC,1d,ok,2013-12-18 05:00:00+00:00,2026-10-08 04:00:00+00:00,3220.0,619.0,1340.0,1062.0,199.0,bull
AMC,1h,ok,2024-08-13 13:30:00+00:00,2026-10-08 19:30:00+00:00,3767.0,684.0,1502.0,1382.0,199.0,neutral
AMD,1d,ok,2006-08-14 04:00:00+00:00,2026-10-08 04:00:00+00:00,5070.0,1751.0,1188.0,1932.0,199.0,bull
AMD,1h,ok,2024-08-13 13:30:00+00:00,2026-10-08 19:30:00+00:00,3767.0,1267.0,982.0,1319.0,199.0,neutral
AMGN,1d,ok,2006-08-14 04:00:00+00:00,2026-10-08 04:00:00+00:00,5070.0,2065.0,627.0,2179.0,199.0,neutral
AMGN,1h,ok,2024-08-13 13:30:00+00:00,2026-10-08 19:30:00+00:00,3767.0,1183.0,1012.0,1373.0,199.0,neutral
AMT,1d,ok,2006-08-14 04:00:00+00:00,2026-10-08 04:00:00+00:00,5070.0,2150.0,760.0,1961.0,199.0,bear
AMT,1h,ok,2024-08-13 13:30:00+00:00,2026-10-08 19:30:00+00:00,3767.0,914.0,1072.0,1582.0,199.0,neutral
AMZN,1d,ok,2006-08-14 04:00:00+00:00,2026-10-08 04:00:00+00:00,5070.0,2468.0,530.0,1873.0,199.0,neutral
AMZN,1h,ok,2024-08-13 13:30:00+00:00,2026-10-08 19:30:00+00:00,3767.0,1298.0,752.0,1518.0,199.0,neutral
APD,1d,ok,2006-08-14 04:00:00+00:00,2026-10-08 04:00:00+00:00,5070.0,2133.0,662.0,2076.0,199.0,neutral
APD,1h,ok,2024-08-13 13:30:00+00:00,2026-10-08 19:30:00+00:00,3767.0,1099.0,852.0,1617.0,199.0,neutral
ARKG,1d,ok,2014-10-31 04:00:00+00:00,2026-10-08 04:00:00+00:00,3001.0,918.0,774.0,1110.0,199.0,bull
ARKG,1h,ok,2024-08-13 13:30:00+00:00,2026-10-08 19:30:00+00:00,3767.0,1221.0,749.0,1598.0,199.0,neutral
ARKK,1d,ok,2014-10-31 04:00:00+00:00,2026-10-08 04:00:00+00:00,3001.0,1163.0,532.0,1107.0,199.0,bull
ARKK,1h,ok,2024-08-13 13:30:00+00:00,2026-10-08 19:30:00+00:00,3767.0,1442.0,544.0,1582.0,199.0,neutral
ARKW,1d,ok,2014-09-30 04:00:00+00:00,2026-10-08 04:00:00+00:00,3024.0,1424.0,382.0,1019.0,199.0,bull
ARKW,1h,ok,2024-08-13 13:30:00+00:00,2026-10-08 19:30:00+00:00,3766.0,1535.0,654.0,1378.0,199.0,bull
ARM,1d,ok,2023-09-14 04:00:00+00:00,2026-10-08 04:00:00+00:00,770.0,207.0,53.0,311.0,199.0,bull
ARM,1h,ok,2024-08-13 13:30:00+00:00,2026-10-08 19:30:00+00:00,3767.0,1186.0,912.0,1470.0,199.0,neutral
ASML,1d,missing_warehouse,,,,,,,,
ASML,1h,ok,2024-08-13 13:30:00+00:00,2026-10-08 19:30:00+00:00,3767.0,1400.0,678.0,1490.0,199.0,neutral
AVGO,1d,ok,2009-08-06 04:00:00+00:00,2026-10-08 04:00:00+00:00,4320.0,2424.0,280.0,1417.0,199.0,neutral
AVGO,1h,ok,2024-08-13 13:30:00+00:00,2026-10-08 19:30:00+00:00,3767.0,1259.0,791.0,1518.0,199.0,neutral
AXP,1d,ok,2006-08-14 04:00:00+00:00,2026-10-08 04:00:00+00:00,5070.0,2222.0,807.0,1842.0,199.0,bear
AXP,1h,ok,2024-08-13 13:30:00+00:00,2026-10-08 19:30:00+00:00,3767.0,1220.0,975.0,1373.0,199.0,neutral
BA,1d,ok,2006-08-14 04:00:00+00:00,2026-10-08 04:00:00+00:00,5070.0,1811.0,1067.0,1993.0,199.0,bear
BA,1h,ok,2024-08-13 13:30:00+00:00,2026-10-08 19:30:00+00:00,3767.0,1027.0,994.0,1547.0,199.0,bear
BABA,1d,ok,2014-09-19 04:00:00+00:00,2026-10-08 04:00:00+00:00,3031.0,1012.0,767.0,1053.0,199.0,bear
BABA,1h,ok,2024-08-13 13:30:00+00:00,2026-10-08 19:30:00+00:00,3767.0,946.0,1294.0,1328.0,199.0,bear
BAC,1d,ok,2006-08-14 04:00:00+00:00,2026-10-08 04:00:00+00:00,5070.0,1873.0,1051.0,1947.0,199.0,neutral
BAC,1h,ok,2024-08-13 13:30:00+00:00,2026-10-08 19:30:00+00:00,3767.0,1477.0,758.0,1333.0,199.0,bear
BIDU,1d,ok,2006-08-14 04:00:00+00:00,2026-10-08 04:00:00+00:00,5070.0,1575.0,1386.0,1910.0,199.0,bear
BIDU,1h,ok,2024-08-13 13:30:00+00:00,2026-10-08 19:30:00+00:00,3767.0,880.0,1102.0,1586.0,199.0,bear
BITO,1d,ok,2021-10-20 04:00:00+00:00,2026-10-08 04:00:00+00:00,1247.0,401.0,222.0,425.0,199.0,bull
BITO,1h,ok,2024-08-13 13:30:00+00:00,2026-10-08 19:30:00+00:00,3767.0,1157.0,886.0,1525.0,199.0,neutral
BLK,1d,ok,2006-08-14 04:00:00+00:00,2026-10-08 04:00:00+00:00,5070.0,2226.0,655.0,1990.0,199.0,neutral
BLK,1h,ok,2024-08-13 13:30:00+00:00,2026-10-08 19:30:00+00:00,3767.0,1334.0,759.0,1475.0,199.0,bear
BND,1d,ok,2007-04-10 04:00:00+00:00,2026-10-08 04:00:00+00:00,4907.0,2432.0,564.0,1712.0,199.0,bear
BND,1h,ok,2024-08-13 13:30:00+00:00,2026-10-08 19:30:00+00:00,3767.0,1233.0,772.0,1563.0,199.0,neutral
BSX,1d,ok,2006-08-14 04:00:00+00:00,2026-10-08 04:00:00+00:00,5070.0,1958.0,989.0,1924.0,199.0,bear
BSX,1h,ok,2024-08-13 13:30:00+00:00,2026-10-08 19:30:00+00:00,3767.0,904.0,1191.0,1473.0,199.0,bear
C,1d,ok,2006-08-14 04:00:00+00:00,2026-10-08 04:00:00+00:00,5070.0,1828.0,1172.0,1871.0,199.0,neutral
C,1h,ok,2024-08-13 13:30:00+00:00,2026-10-08 19:30:00+00:00,3767.0,1595.0,546.0,1427.0,199.0,neutral
CAT,1d,ok,2006-08-14 04:00:00+00:00,2026-10-08 04:00:00+00:00,5070.0,2104.0,912.0,1855.0,199.0,neutral
CAT,1h,ok,2024-08-13 13:30:00+00:00,2026-10-08 19:30:00+00:00,3767.0,1496.0,751.0,1321.0,199.0,neutral
CBOE,1d,ok,2010-06-15 04:00:00+00:00,2026-10-08 04:00:00+00:00,4105.0,2016.0,398.0,1492.0,199.0,neutral
CBOE,1h,ok,2024-08-13 13:30:00+00:00,2026-10-08 19:30:00+00:00,3767.0,1401.0,627.0,1540.0,199.0,neutral
CL,1d,ok,2006-08-14 04:00:00+00:00,2026-10-08 04:00:00+00:00,5070.0,2050.0,733.0,2088.0,199.0,neutral
CL,1h,ok,2024-08-13 13:30:00+00:00,2026-10-08 19:30:00+00:00,3767.0,790.0,1289.0,1489.0,199.0,neutral
CMCSA,1d,ok,2006-08-14 04:00:00+00:00,2026-10-08 04:00:00+00:00,5070.0,2058.0,953.0,1860.0,199.0,bear
CMCSA,1h,ok,2024-08-13 13:30:00+00:00,2026-10-08 19:30:00+00:00,3767.0,992.0,1199.0,1377.0,199.0,bear
CME,1d,ok,2006-08-14 04:00:00+00:00,2026-10-08 04:00:00+00:00,5070.0,2240.0,711.0,1920.0,199.0,neutral
CME,1h,ok,2024-08-13 13:30:00+00:00,2026-10-08 19:30:00+00:00,3767.0,1405.0,639.0,1524.0,199.0,neutral
CMG,1d,ok,2006-08-14 04:00:00+00:00,2026-10-08 04:00:00+00:00,5070.0,2243.0,964.0,1664.0,199.0,bear
CMG,1h,ok,2024-08-13 13:30:00+00:00,2026-10-08 19:30:00+00:00,3767.0,858.0,1123.0,1587.0,199.0,neutral
COF,1d,ok,2006-08-14 04:00:00+00:00,2026-10-08 04:00:00+00:00,5070.0,1914.0,1001.0,1956.0,199.0,neutral
COF,1h,ok,2024-08-13 13:30:00+00:00,2026-10-08 19:30:00+00:00,3767.0,1256.0,874.0,1438.0,199.0,neutral
COIN,1d,ok,2021-04-14 04:00:00+00:00,2026-10-08 04:00:00+00:00,1379.0,261.0,354.0,565.0,199.0,bear
COIN,1h,ok,2024-08-13 13:30:00+00:00,2026-10-08 19:30:00+00:00,3767.0,975.0,1074.0,1519.0,199.0,bear
COP,1d,ok,2006-08-14 04:00:00+00:00,2026-10-08 04:00:00+00:00,5070.0,1843.0,1018.0,2010.0,199.0,bull
COP,1h,ok,2024-08-13 13:30:00+00:00,2026-10-08 19:30:00+00:00,3767.0,1134.0,848.0,1586.0,199.0,neutral
COST,1d,ok,2006-08-14 04:00:00+00:00,2026-10-08 04:00:00+00:00,5070.0,2628.0,475.0,1768.0,199.0,neutral
COST,1h,ok,2024-08-13 13:30:00+00:00,2026-10-08 19:30:00+00:00,3767.0,952.0,1044.0,1572.0,199.0,bull
CRM,1d,ok,2006-08-14 04:00:00+00:00,2026-10-08 04:00:00+00:00,5070.0,2207.0,721.0,1943.0,199.0,bull
CRM,1h,ok,2024-08-13 13:30:00+00:00,2026-10-08 19:30:00+00:00,3767.0,941.0,1033.0,1594.0,199.0,bear
CRWD,1d,ok,2019-06-12 04:00:00+00:00,2026-10-08 04:00:00+00:00,1842.0,790.0,244.0,609.0,199.0,bull
CRWD,1h,ok,2024-08-13 13:30:00+00:00,2026-10-08 19:30:00+00:00,3767.0,1495.0,735.0,1338.0,199.0,neutral
CSX,1d,ok,2006-08-14 04:00:00+00:00,2026-10-08 04:00:00+00:00,5070.0,2339.0,660.0,1872.0,199.0,neutral
CSX,1h,ok,2024-08-13 13:30:00+00:00,2026-10-08 19:30:00+00:00,3767.0,1476.0,729.0,1363.0,199.0,neutral
CVS,1d,ok,2006-08-14 04:00:00+00:00,2026-10-08 04:00:00+00:00,5070.0,1955.0,1035.0,1881.0,199.0,neutral
CVS,1h,ok,2024-08-13 13:30:00+00:00,2026-10-08 19:30:00+00:00,3767.0,1366.0,778.0,1424.0,199.0,neutral
CVX,1d,ok,2006-08-14 04:00:00+00:00,2026-10-08 04:00:00+00:00,5070.0,1950.0,793.0,2128.0,199.0,bull
CVX,1h,ok,2024-08-13 13:30:00+00:00,2026-10-08 19:30:00+00:00,3767.0,1555.0,559.0,1454.0,199.0,neutral
DASH,1d,ok,2020-12-09 05:00:00+00:00,2026-10-08 04:00:00+00:00,1464.0,521.0,275.0,469.0,199.0,neutral
DASH,1h,ok,2024-08-13 13:30:00+00:00,2026-10-08 19:30:00+00:00,3767.0,1389.0,837.0,1342.0,199.0,neutral
DBA,1d,ok,2007-01-05 05:00:00+00:00,2026-10-08 04:00:00+00:00,4971.0,1404.0,1522.0,1846.0,199.0,neutral
DBA,1h,ok,2024-08-13 13:30:00+00:00,2026-10-08 19:30:00+00:00,3757.0,1364.0,699.0,1495.0,199.0,bear
DE,1d,ok,2006-08-14 04:00:00+00:00,2026-10-08 04:00:00+00:00,5070.0,2148.0,682.0,2041.0,199.0,bull
DE,1h,ok,2024-08-13 13:30:00+00:00,2026-10-08 19:30:00+00:00,3767.0,1141.0,809.0,1618.0,199.0,bear
DIA,1d,ok,2006-08-14 04:00:00+00:00,2026-10-08 04:00:00+00:00,5070.0,2828.0,482.0,1561.0,199.0,neutral
DIA,1h,ok,2024-08-13 13:30:00+00:00,2026-10-08 19:30:00+00:00,3767.0,1551.0,642.0,1375.0,199.0,neutral
DIS,1d,ok,2006-08-14 04:00:00+00:00,2026-10-08 04:00:00+00:00,5070.0,1814.0,1076.0,1981.0,199.0,bull
DIS,1h,ok,2024-08-13 13:30:00+00:00,2026-10-08 19:30:00+00:00,3767.0,981.0,1118.0,1469.0,199.0,neutral
DKNG,1d,ok,2019-07-25 04:00:00+00:00,2026-10-08 04:00:00+00:00,1812.0,510.0,485.0,618.0,199.0,bear
DKNG,1h,ok,2024-08-13 13:30:00+00:00,2026-10-08 19:30:00+00:00,3767.0,1007.0,1163.0,1398.0,199.0,neutral
DUK,1d,ok,2006-08-14 04:00:00+00:00,2026-10-08 04:00:00+00:00,5070.0,2242.0,629.0,2000.0,199.0,bear
DUK,1h,ok,2024-08-13 13:30:00+00:00,2026-10-08 19:30:00+00:00,3767.0,1116.0,923.0,1529.0,199.0,neutral
EEM,1d,ok,2006-08-14 04:00:00+00:00,2026-10-08 04:00:00+00:00,5070.0,1949.0,955.0,1967.0,199.0,neutral
EEM,1h,ok,2024-08-13 13:30:00+00:00,2026-10-08 19:30:00+00:00,3767.0,1583.0,506.0,1479.0,199.0,bear
EFA,1d,ok,2006-08-14 04:00:00+00:00,2026-10-08 04:00:00+00:00,5070.0,2295.0,831.0,1745.0,199.0,neutral
EFA,1h,ok,2024-08-13 13:30:00+00:00,2026-10-08 19:30:00+00:00,3767.0,1694.0,577.0,1297.0,199.0,bear
ELV,1d,ok,2006-08-14 04:00:00+00:00,2026-10-08 04:00:00+00:00,5070.0,2035.0,875.0,1961.0,199.0,bull
ELV,1h,ok,2024-08-13 13:30:00+00:00,2026-10-08 19:30:00+00:00,3767.0,1015.0,1159.0,1394.0,199.0,neutral
EOG,1d,ok,2006-08-14 04:00:00+00:00,2026-10-08 04:00:00+00:00,5070.0,1818.0,1069.0,1984.0,199.0,bull
EOG,1h,ok,2024-08-13 13:30:00+00:00,2026-10-08 19:30:00+00:00,3767.0,1046.0,826.0,1696.0,199.0,neutral
EQIX,1d,ok,2006-08-14 04:00:00+00:00,2026-10-08 04:00:00+00:00,5070.0,2252.0,733.0,1886.0,199.0,neutral
EQIX,1h,ok,2024-08-13 13:30:00+00:00,2026-10-08 19:30:00+00:00,3767.0,1241.0,732.0,1595.0,199.0,bear
ETHA,1d,ok,2024-07-23 04:00:00+00:00,2026-10-08 04:00:00+00:00,556.0,63.0,99.0,195.0,199.0,bull
ETHA,1h,ok,2024-08-13 13:30:00+00:00,2026-10-08 19:30:00+00:00,3767.0,1121.0,997.0,1450.0,199.0,neutral
ETHE,1d,ok,2019-06-14 04:00:00+00:00,2026-10-08 04:00:00+00:00,1840.0,533.0,363.0,745.0,199.0,bull
ETHE,1h,ok,2024-08-13 13:30:00+00:00,2026-10-08 19:30:00+00:00,3767.0,1118.0,1003.0,1447.0,199.0,neutral
ETN,1d,ok,2006-08-14 04:00:00+00:00,2026-10-08 04:00:00+00:00,5070.0,2378.0,681.0,1812.0,199.0,neutral
ETN,1h,ok,2024-08-13 13:30:00+00:00,2026-10-08 19:30:00+00:00,3767.0,1224.0,831.0,1513.0,199.0,neutral
F,1d,ok,2006-08-14 04:00:00+00:00,2026-10-08 04:00:00+00:00,5070.0,1463.0,1208.0,2200.0,199.0,neutral
F,1h,ok,2024-08-13 13:30:00+00:00,2026-10-08 19:30:00+00:00,3767.0,1216.0,743.0,1609.0,199.0,neutral
FBTC,1d,ok,2024-01-11 05:00:00+00:00,2026-10-08 04:00:00+00:00,688.0,172.0,126.0,191.0,199.0,bull
FBTC,1h,ok,2024-08-13 13:30:00+00:00,2026-10-08 19:30:00+00:00,3767.0,1191.0,852.0,1525.0,199.0,neutral
FCX,1d,ok,2006-08-14 04:00:00+00:00,2026-10-08 04:00:00+00:00,5070.0,1570.0,1074.0,2227.0,199.0,neutral
FCX,1h,ok,2024-08-13 13:30:00+00:00,2026-10-08 19:30:00+00:00,3767.0,1174.0,768.0,1626.0,199.0,bear
FDX,1d,ok,2006-08-14 04:00:00+00:00,2026-10-08 04:00:00+00:00,5070.0,1837.0,1067.0,1967.0,199.0,neutral
FDX,1h,ok,2024-08-13 13:30:00+00:00,2026-10-08 19:30:00+00:00,3767.0,1249.0,845.0,1474.0,199.0,neutral
GD,1d,ok,2006-08-14 04:00:00+00:00,2026-10-08 04:00:00+00:00,5070.0,2391.0,631.0,1849.0,199.0,neutral
GD,1h,ok,2024-08-13 13:30:00+00:00,2026-10-08 19:30:00+00:00,3767.0,1249.0,794.0,1525.0,199.0,bear
GDX,1d,ok,2006-08-14 04:00:00+00:00,2026-10-08 04:00:00+00:00,5070.0,1480.0,1303.0,2088.0,199.0,neutral
GDX,1h,ok,2024-08-13 13:30:00+00:00,2026-10-08 19:30:00+00:00,3767.0,1430.0,697.0,1441.0,199.0,bear
GDXJ,1d,ok,2009-11-11 05:00:00+00:00,2026-10-08 04:00:00+00:00,4252.0,1066.0,1319.0,1668.0,199.0,neutral
GDXJ,1h,ok,2024-08-13 13:30:00+00:00,2026-10-08 19:30:00+00:00,3767.0,1375.0,685.0,1508.0,199.0,bear
GE,1d,ok,2006-08-14 04:00:00+00:00,2026-10-08 04:00:00+00:00,5070.0,1977.0,1140.0,1754.0,199.0,neutral
GE,1h,ok,2024-08-13 13:30:00+00:00,2026-10-08 19:30:00+00:00,3767.0,1398.0,717.0,1453.0,199.0,bear
GILD,1d,ok,2006-08-14 04:00:00+00:00,2026-10-08 04:00:00+00:00,5070.0,1953.0,1006.0,1912.0,199.0,bull
GILD,1h,ok,2024-08-13 13:30:00+00:00,2026-10-08 19:30:00+00:00,3767.0,1336.0,647.0,1585.0,199.0,neutral
GLD,1d,ok,2006-08-14 04:00:00+00:00,2026-10-08 04:00:00+00:00,5070.0,2035.0,925.0,1911.0,199.0,bear
GLD,1h,ok,2024-08-13 13:30:00+00:00,2026-10-08 19:30:00+00:00,3767.0,1457.0,640.0,1471.0,199.0,bear
GM,1d,ok,2010-11-18 05:00:00+00:00,2026-10-08 04:00:00+00:00,3995.0,1282.0,827.0,1687.0,199.0,neutral
GM,1h,ok,2024-08-13 13:30:00+00:00,2026-10-08 19:30:00+00:00,3767.0,1282.0,794.0,1492.0,199.0,neutral
GME,1d,ok,2006-08-14 04:00:00+00:00,2026-10-08 04:00:00+00:00,5070.0,1016.0,1691.0,2164.0,199.0,neutral
GME,1h,ok,2024-08-13 13:30:00+00:00,2026-10-08 19:30:00+00:00,3767.0,1011.0,1061.0,1496.0,199.0,bull
GOLD,1d,ok,2014-03-17 04:00:00+00:00,2026-09-08 04:00:00+00:00,3139.0,968.0,655.0,1317.0,199.0,neutral
GOLD,1h,ok,2025-12-03 14:30:00+00:00,2026-10-08 19:30:00+00:00,1486.0,381.0,332.0,574.0,199.0,bear
GOOG,1d,ok,2006-08-14 04:00:00+00:00,2026-10-08 04:00:00+00:00,5070.0,2429.0,680.0,1762.0,199.0,bull
GOOG,1h,ok,2024-08-13 13:30:00+00:00,2026-10-08 19:30:00+00:00,3767.0,1546.0,677.0,1345.0,199.0,bull
GOOGL,1d,ok,2006-08-14 04:00:00+00:00,2026-10-08 04:00:00+00:00,5070.0,2414.0,653.0,1804.0,199.0,bull
GOOGL,1h,ok,2024-08-13 13:30:00+00:00,2026-10-08 19:30:00+00:00,3767.0,1531.0,686.0,1351.0,199.0,bull
GS,1d,ok,2006-08-14 04:00:00+00:00,2026-10-08 04:00:00+00:00,5070.0,1910.0,1013.0,1948.0,199.0,neutral
GS,1h,ok,2024-08-13 13:30:00+00:00,2026-10-08 19:30:00+00:00,3767.0,1482.0,712.0,1374.0,199.0,bear
HAL,1d,ok,2006-08-14 04:00:00+00:00,2026-10-08 04:00:00+00:00,5070.0,1601.0,1202.0,2068.0,199.0,bear
HAL,1h,ok,2024-08-13 13:30:00+00:00,2026-10-08 19:30:00+00:00,3767.0,1094.0,845.0,1629.0,199.0,neutral
HD,1d,ok,2006-08-14 04:00:00+00:00,2026-10-08 04:00:00+00:00,5070.0,2422.0,656.0,1793.0,199.0,bear
HD,1h,ok,2024-08-13 13:30:00+00:00,2026-10-08 19:30:00+00:00,3767.0,994.0,1209.0,1365.0,199.0,neutral
HON,1d,ok,2006-08-14 04:00:00+00:00,2026-10-08 04:00:00+00:00,5070.0,2408.0,585.0,1878.0,199.0,bear
HON,1h,ok,2024-08-13 13:30:00+00:00,2026-10-08 19:30:00+00:00,3767.0,1043.0,930.0,1595.0,199.0,neutral
HOOD,1d,ok,2021-07-29 04:00:00+00:00,2026-10-08 04:00:00+00:00,1305.0,447.0,194.0,465.0,199.0,bull
HOOD,1h,ok,2024-08-13 13:30:00+00:00,2026-10-08 19:30:00+00:00,3767.0,1497.0,773.0,1298.0,199.0,bear
HUM,1d,ok,2006-08-14 04:00:00+00:00,2026-10-08 04:00:00+00:00,5070.0,2155.0,859.0,1857.0,199.0,bull
HUM,1h,ok,2024-08-13 13:30:00+00:00,2026-10-08 19:30:00+00:00,3767.0,1192.0,943.0,1433.0,199.0,bear
HYG,1d,ok,2007-04-11 04:00:00+00:00,2026-09-01 04:00:00+00:00,4880.0,2808.0,545.0,1328.0,199.0,bull
HYG,1h,ok,2024-08-13 13:30:00+00:00,2026-10-08 19:30:00+00:00,3767.0,1703.0,493.0,1372.0,199.0,neutral
IBB,1d,ok,2006-08-14 04:00:00+00:00,2026-10-08 04:00:00+00:00,5070.0,2228.0,771.0,1872.0,199.0,neutral
IBB,1h,ok,2024-08-13 13:30:00+00:00,2026-10-08 19:30:00+00:00,3767.0,1269.0,662.0,1637.0,199.0,bear
IBIT,1d,ok,2024-01-11 05:00:00+00:00,2026-10-08 04:00:00+00:00,688.0,172.0,126.0,191.0,199.0,bull
IBIT,1h,ok,2024-08-13 13:30:00+00:00,2026-10-08 19:30:00+00:00,3767.0,1189.0,853.0,1526.0,199.0,neutral
ICE,1d,ok,2006-08-14 04:00:00+00:00,2026-10-08 04:00:00+00:00,5070.0,2414.0,577.0,1880.0,199.0,neutral
ICE,1h,ok,2024-08-13 13:30:00+00:00,2026-10-08 19:30:00+00:00,3767.0,1216.0,1058.0,1294.0,199.0,neutral
ICLN,1d,ok,2008-06-25 04:00:00+00:00,2026-10-08 04:00:00+00:00,4601.0,1367.0,1229.0,1806.0,199.0,bear
ICLN,1h,ok,2024-08-13 13:30:00+00:00,2026-10-08 19:30:00+00:00,3767.0,1289.0,990.0,1289.0,199.0,bear
IEF,1d,ok,2006-08-14 04:00:00+00:00,2026-10-08 04:00:00+00:00,5070.0,2018.0,814.0,2039.0,199.0,bear
IEF,1h,ok,2024-08-13 13:30:00+00:00,2026-10-08 19:30:00+00:00,3767.0,899.0,893.0,1576.0,399.0,neutral
IGV,1d,ok,2006-08-14 04:00:00+00:00,2026-10-08 04:00:00+00:00,5070.0,2653.0,510.0,1708.0,199.0,bull
IGV,1h,ok,2024-08-13 13:30:00+00:00,2026-10-08 19:30:00+00:00,3767.0,1270.0,805.0,1493.0,199.0,bull
INTC,1d,ok,2006-08-14 04:00:00+00:00,2026-10-08 04:00:00+00:00,5070.0,1862.0,1023.0,1986.0,199.0,bull
INTC,1h,ok,2024-08-13 13:30:00+00:00,2026-10-08 19:30:00+00:00,3767.0,1193.0,732.0,1643.0,199.0,neutral
ISRG,1d,ok,2006-08-14 04:00:00+00:00,2026-10-08 04:00:00+00:00,5070.0,2217.0,791.0,1863.0,199.0,neutral
ISRG,1h,ok,2024-08-13 13:30:00+00:00,2026-10-08 19:30:00+00:00,3767.0,849.0,1240.0,1479.0,199.0,bull
ITA,1d,ok,2006-08-14 04:00:00+00:00,2026-10-08 04:00:00+00:00,5070.0,2666.0,573.0,1632.0,199.0,bear
ITA,1h,ok,2024-08-13 13:30:00+00:00,2026-10-08 19:30:00+00:00,3767.0,1401.0,728.0,1439.0,199.0,bear
IVV,1d,ok,2006-08-14 04:00:00+00:00,2026-10-08 04:00:00+00:00,5070.0,2854.0,533.0,1484.0,199.0,bull
IVV,1h,ok,2024-08-13 13:30:00+00:00,2026-10-08 19:30:00+00:00,3767.0,1722.0,534.0,1312.0,199.0,bull
IWM,1d,ok,2006-08-14 04:00:00+00:00,2026-10-08 04:00:00+00:00,5070.0,2302.0,704.0,1865.0,199.0,neutral
IWM,1h,ok,2024-08-13 13:30:00+00:00,2026-10-08 19:30:00+00:00,3767.0,1453.0,692.0,1423.0,199.0,bear
IYR,1d,ok,2006-08-14 04:00:00+00:00,2026-10-08 04:00:00+00:00,5070.0,2178.0,770.0,1923.0,199.0,neutral
IYR,1h,ok,2024-08-13 13:30:00+00:00,2026-10-08 19:30:00+00:00,3767.0,1077.0,852.0,1639.0,199.0,bear
IYT,1d,ok,2006-08-14 04:00:00+00:00,2026-10-08 04:00:00+00:00,5070.0,2274.0,631.0,1966.0,199.0,neutral
IYT,1h,ok,2024-08-13 13:30:00+00:00,2026-10-08 19:30:00+00:00,3767.0,1329.0,699.0,1540.0,199.0,neutral
JD,1d,ok,2014-05-22 04:00:00+00:00,2026-10-08 04:00:00+00:00,3114.0,861.0,836.0,1218.0,199.0,neutral
JD,1h,ok,2024-08-13 13:30:00+00:00,2026-10-08 19:30:00+00:00,3767.0,824.0,1247.0,1497.0,199.0,neutral
JNJ,1d,ok,2006-08-14 04:00:00+00:00,2026-10-08 04:00:00+00:00,5070.0,2279.0,618.0,1974.0,199.0,neutral
JNJ,1h,ok,2024-08-13 13:30:00+00:00,2026-10-08 19:30:00+00:00,3767.0,1403.0,706.0,1459.0,199.0,bear
JNK,1d,ok,2007-12-04 05:00:00+00:00,2026-09-01 04:00:00+00:00,4715.0,2722.0,527.0,1267.0,199.0,bull
JNK,1h,ok,2024-08-13 13:30:00+00:00,2026-10-08 19:30:00+00:00,3767.0,1655.0,516.0,1397.0,199.0,neutral
JPM,1d,ok,2006-08-14 04:00:00+00:00,2026-10-08 04:00:00+00:00,5070.0,2320.0,703.0,1848.0,199.0,neutral
JPM,1h,ok,2024-08-13 13:30:00+00:00,2026-10-08 19:30:00+00:00,3767.0,1486.0,705.0,1377.0,199.0,neutral
KBE,1d,ok,2006-08-14 04:00:00+00:00,2026-10-08 04:00:00+00:00,5070.0,1880.0,979.0,2012.0,199.0,neutral
KBE,1h,ok,2024-08-13 13:30:00+00:00,2026-10-08 19:30:00+00:00,3767.0,1256.0,859.0,1453.0,199.0,bear
KLAC,1d,ok,2006-08-14 04:00:00+00:00,2026-10-08 04:00:00+00:00,5070.0,2376.0,727.0,1768.0,199.0,bull
KLAC,1h,ok,2024-08-13 13:30:00+00:00,2026-10-08 19:30:00+00:00,3767.0,1490.0,668.0,1410.0,199.0,neutral
KMB,1d,ok,2006-08-14 04:00:00+00:00,2026-10-08 04:00:00+00:00,5070.0,2042.0,879.0,1950.0,199.0,neutral
KMB,1h,ok,2024-08-13 13:30:00+00:00,2026-10-08 19:30:00+00:00,3767.0,712.0,1275.0,1581.0,199.0,neutral
KO,1d,ok,2006-08-14 04:00:00+00:00,2026-10-08 04:00:00+00:00,5070.0,2312.0,550.0,2009.0,199.0,neutral
KO,1h,ok,2024-08-13 13:30:00+00:00,2026-10-08 19:30:00+00:00,3767.0,1082.0,933.0,1553.0,199.0,neutral
KRE,1d,ok,2006-08-14 04:00:00+00:00,2026-10-08 04:00:00+00:00,5070.0,1861.0,984.0,2026.0,199.0,neutral
KRE,1h,ok,2024-08-13 13:30:00+00:00,2026-10-08 19:30:00+00:00,3757.0,1226.0,824.0,1508.0,199.0,bear
LCID,1d,ok,2020-09-18 04:00:00+00:00,2026-10-08 04:00:00+00:00,1521.0,64.0,825.0,433.0,199.0,bear
LCID,1h,ok,2024-08-13 13:30:00+00:00,2026-10-08 19:30:00+00:00,3767.0,562.0,1609.0,1397.0,199.0,bear
LIN,1d,ok,2006-08-14 04:00:00+00:00,2026-10-08 04:00:00+00:00,5070.0,2542.0,501.0,1828.0,199.0,neutral
LIN,1h,ok,2024-08-13 13:30:00+00:00,2026-10-08 19:30:00+00:00,3767.0,1158.0,943.0,1467.0,199.0,bull
LLY,1d,ok,2006-08-14 04:00:00+00:00,2026-10-08 04:00:00+00:00,5070.0,2383.0,583.0,1905.0,199.0,neutral
LLY,1h,ok,2024-08-13 13:30:00+00:00,2026-10-08 19:30:00+00:00,3767.0,1054.0,910.0,1604.0,199.0,bull
LMT,1d,ok,2006-08-14 04:00:00+00:00,2026-10-08 04:00:00+00:00,5070.0,2216.0,598.0,2057.0,199.0,bear
LMT,1h,ok,2024-08-13 13:30:00+00:00,2026-10-08 19:30:00+00:00,3767.0,1122.0,1091.0,1355.0,199.0,neutral
LNG,1d,ok,2006-08-14 04:00:00+00:00,2026-10-08 04:00:00+00:00,5070.0,2144.0,819.0,1908.0,199.0,bull
LNG,1h,ok,2024-08-13 13:30:00+00:00,2026-10-08 19:30:00+00:00,3767.0,1159.0,932.0,1477.0,199.0,neutral
LOW,1d,ok,2006-08-14 04:00:00+00:00,2026-10-08 04:00:00+00:00,5070.0,2058.0,735.0,2078.0,199.0,bear
LOW,1h,ok,2024-08-13 13:30:00+00:00,2026-10-08 19:30:00+00:00,3767.0,906.0,1189.0,1473.0,199.0,neutral
LQD,1d,ok,2006-08-14 04:00:00+00:00,2026-10-08 04:00:00+00:00,5070.0,2439.0,681.0,1751.0,199.0,bear
LQD,1h,ok,2024-08-13 13:30:00+00:00,2026-10-08 19:30:00+00:00,3767.0,1096.0,803.0,1469.0,399.0,neutral
LRCX,1d,ok,2006-08-14 04:00:00+00:00,2026-10-08 04:00:00+00:00,5070.0,2331.0,867.0,1673.0,199.0,bull
LRCX,1h,ok,2024-08-13 13:30:00+00:00,2026-10-08 19:30:00+00:00,3767.0,1584.0,531.0,1453.0,199.0,neutral
MA,1d,ok,2006-08-14 04:00:00+00:00,2026-10-08 04:00:00+00:00,5070.0,2776.0,440.0,1655.0,199.0,bull
MA,1h,ok,2024-08-13 13:30:00+00:00,2026-10-08 19:30:00+00:00,3767.0,1171.0,883.0,1514.0,199.0,neutral
MCD,1d,ok,2006-08-14 04:00:00+00:00,2026-10-08 04:00:00+00:00,5070.0,2365.0,547.0,1959.0,199.0,bear
MCD,1h,ok,2024-08-13 13:30:00+00:00,2026-10-08 19:30:00+00:00,3767.0,1018.0,1091.0,1459.0,199.0,neutral
MDLZ,1d,ok,2006-08-14 04:00:00+00:00,2026-10-08 04:00:00+00:00,5070.0,2166.0,569.0,2136.0,199.0,neutral
MDLZ,1h,ok,2024-08-13 13:30:00+00:00,2026-10-08 19:30:00+00:00,3767.0,956.0,1100.0,1512.0,199.0,neutral
MDT,1d,ok,2006-08-14 04:00:00+00:00,2026-10-08 04:00:00+00:00,5070.0,1998.0,775.0,2098.0,199.0,neutral
MDT,1h,ok,2024-08-13 13:30:00+00:00,2026-10-08 19:30:00+00:00,3767.0,1229.0,950.0,1389.0,199.0,neutral
META,1d,ok,2012-05-18 04:00:00+00:00,2026-10-08 04:00:00+00:00,3618.0,1814.0,442.0,1163.0,199.0,bull
META,1h,ok,2024-08-13 13:30:00+00:00,2026-10-08 19:30:00+00:00,3767.0,1047.0,934.0,1587.0,199.0,neutral
MO,1d,ok,2006-08-14 04:00:00+00:00,2026-10-08 04:00:00+00:00,5070.0,2443.0,555.0,1873.0,199.0,bull
MO,1h,ok,2024-08-13 13:30:00+00:00,2026-10-08 19:30:00+00:00,3767.0,1371.0,643.0,1554.0,199.0,neutral
MPC,1d,ok,2011-06-24 04:00:00+00:00,2026-10-08 04:00:00+00:00,3845.0,1806.0,470.0,1370.0,199.0,bull
MPC,1h,ok,2024-08-13 13:30:00+00:00,2026-10-08 19:30:00+00:00,3767.0,1456.0,608.0,1504.0,199.0,bull
MRK,1d,ok,2006-08-14 04:00:00+00:00,2026-10-08 04:00:00+00:00,5070.0,2193.0,805.0,1873.0,199.0,neutral
MRK,1h,ok,2024-08-13 13:30:00+00:00,2026-10-08 19:30:00+00:00,3767.0,1117.0,832.0,1619.0,199.0,bear
MRVL,1d,ok,2006-08-14 04:00:00+00:00,2026-10-08 04:00:00+00:00,5070.0,1914.0,1030.0,1927.0,199.0,bull
MRVL,1h,ok,2024-08-13 13:30:00+00:00,2026-10-08 19:30:00+00:00,3767.0,1460.0,712.0,1396.0,199.0,bull
MS,1d,ok,2006-08-14 04:00:00+00:00,2026-10-08 04:00:00+00:00,5070.0,1991.0,985.0,1895.0,199.0,neutral
MS,1h,ok,2024-08-13 13:30:00+00:00,2026-10-08 19:30:00+00:00,3767.0,1597.0,659.0,1312.0,199.0,bear
MSFT,1d,ok,2006-08-14 04:00:00+00:00,2026-10-08 04:00:00+00:00,5070.0,2521.0,679.0,1671.0,199.0,bull
MSFT,1h,ok,2024-08-13 13:30:00+00:00,2026-10-08 19:30:00+00:00,3767.0,1102.0,932.0,1534.0,199.0,neutral
MU,1d,ok,2006-08-14 04:00:00+00:00,2026-10-08 04:00:00+00:00,5070.0,1933.0,1238.0,1700.0,199.0,bull
MU,1h,ok,2024-08-13 13:30:00+00:00,2026-10-08 19:30:00+00:00,3767.0,1601.0,525.0,1442.0,199.0,neutral
NEE,1d,ok,2006-08-14 04:00:00+00:00,2026-10-08 04:00:00+00:00,5070.0,2542.0,501.0,1799.0,228.0,warmup
NEE,1h,ok,2024-08-13 13:30:00+00:00,2026-10-08 19:30:00+00:00,3767.0,960.0,979.0,1629.0,199.0,neutral
NEM,1d,ok,2006-08-14 04:00:00+00:00,2026-10-08 04:00:00+00:00,5070.0,1538.0,1186.0,2147.0,199.0,neutral
NEM,1h,ok,2024-08-13 13:30:00+00:00,2026-10-08 19:30:00+00:00,3767.0,1489.0,707.0,1372.0,199.0,neutral
NFLX,1d,ok,2006-08-14 04:00:00+00:00,2026-10-08 04:00:00+00:00,5070.0,2473.0,772.0,1626.0,199.0,bear
NFLX,1h,ok,2024-08-13 13:30:00+00:00,2026-10-08 19:30:00+00:00,3767.0,1120.0,1218.0,1230.0,199.0,neutral
NIO,1d,ok,2018-09-12 04:00:00+00:00,2026-10-08 04:00:00+00:00,2029.0,316.0,791.0,723.0,199.0,bear
NIO,1h,ok,2024-08-13 13:30:00+00:00,2026-10-08 19:30:00+00:00,3767.0,734.0,1424.0,1410.0,199.0,bear
NKE,1d,ok,2006-08-14 04:00:00+00:00,2026-10-08 04:00:00+00:00,5070.0,2040.0,939.0,1892.0,199.0,bear
NKE,1h,ok,2024-08-13 13:30:00+00:00,2026-10-08 19:30:00+00:00,3767.0,659.0,1469.0,1440.0,199.0,neutral
NOC,1d,ok,2006-08-14 04:00:00+00:00,2026-10-08 04:00:00+00:00,5070.0,2466.0,680.0,1725.0,199.0,bear
NOC,1h,ok,2024-08-13 13:30:00+00:00,2026-10-08 19:30:00+00:00,3767.0,1137.0,1130.0,1301.0,199.0,neutral
NOW,1d,ok,2012-06-29 04:00:00+00:00,2026-10-08 04:00:00+00:00,3589.0,1734.0,436.0,1220.0,199.0,bull
NOW,1h,ok,2024-08-13 13:30:00+00:00,2026-10-08 19:30:00+00:00,3767.0,912.0,1143.0,1513.0,199.0,neutral
NSC,1d,ok,2006-08-14 04:00:00+00:00,2026-10-08 04:00:00+00:00,5070.0,2226.0,668.0,1977.0,199.0,neutral
NSC,1h,ok,2024-08-13 13:30:00+00:00,2026-10-08 19:30:00+00:00,3767.0,1278.0,819.0,1471.0,199.0,neutral
NVDA,1d,ok,2006-08-14 04:00:00+00:00,2026-10-08 04:00:00+00:00,5070.0,2525.0,710.0,1636.0,199.0,bull
NVDA,1h,ok,2024-08-13 13:30:00+00:00,2026-10-08 19:30:00+00:00,3767.0,1392.0,661.0,1515.0,199.0,neutral
O,1d,ok,2006-08-14 04:00:00+00:00,2026-10-08 04:00:00+00:00,5070.0,2054.0,743.0,2074.0,199.0,bear
O,1h,ok,2024-08-13 13:30:00+00:00,2026-10-08 19:30:00+00:00,3767.0,1116.0,880.0,1572.0,199.0,neutral
OIH,1d,ok,2006-08-14 04:00:00+00:00,2026-10-08 04:00:00+00:00,5070.0,1492.0,1253.0,2126.0,199.0,neutral
OIH,1h,ok,2024-08-13 13:30:00+00:00,2026-10-08 19:30:00+00:00,3767.0,1328.0,694.0,1546.0,199.0,neutral
ORCL,1d,ok,2006-08-14 04:00:00+00:00,2026-10-08 04:00:00+00:00,5070.0,2141.0,698.0,2032.0,199.0,bear
ORCL,1h,ok,2024-08-13 13:30:00+00:00,2026-10-08 19:30:00+00:00,3767.0,1121.0,1143.0,1304.0,199.0,bear
OXY,1d,ok,2006-08-14 04:00:00+00:00,2026-10-08 04:00:00+00:00,5070.0,1594.0,1278.0,1999.0,199.0,bull
OXY,1h,ok,2024-08-13 13:30:00+00:00,2026-10-08 19:30:00+00:00,3757.0,1106.0,788.0,1664.0,199.0,neutral
PANW,1d,ok,2012-07-20 04:00:00+00:00,2026-10-08 04:00:00+00:00,3575.0,1651.0,439.0,1286.0,199.0,bull
PANW,1h,ok,2024-08-13 13:30:00+00:00,2026-10-08 19:30:00+00:00,3767.0,1398.0,723.0,1447.0,199.0,neutral
PDD,1d,ok,2018-07-26 04:00:00+00:00,2026-10-08 04:00:00+00:00,2062.0,609.0,533.0,721.0,199.0,bear
PDD,1h,ok,2024-08-13 13:30:00+00:00,2026-10-08 19:30:00+00:00,3767.0,944.0,1109.0,1515.0,199.0,neutral
PEP,1d,ok,2006-08-14 04:00:00+00:00,2026-10-08 04:00:00+00:00,5070.0,2364.0,547.0,1960.0,199.0,bear
PEP,1h,ok,2024-08-13 13:30:00+00:00,2026-10-08 19:30:00+00:00,3767.0,683.0,1417.0,1468.0,199.0,neutral
PFE,1d,ok,2006-08-14 04:00:00+00:00,2026-10-08 04:00:00+00:00,5070.0,1789.0,1074.0,2008.0,199.0,bull
PFE,1h,ok,2024-08-13 13:30:00+00:00,2026-10-08 19:30:00+00:00,3767.0,1111.0,849.0,1608.0,199.0,bear
PG,1d,ok,2006-08-14 04:00:00+00:00,2026-10-08 04:00:00+00:00,5070.0,2118.0,715.0,2038.0,199.0,neutral
PG,1h,ok,2024-08-13 13:30:00+00:00,2026-10-08 19:30:00+00:00,3767.0,798.0,1220.0,1550.0,199.0,bull
PLD,1d,ok,2006-08-14 04:00:00+00:00,2026-10-08 04:00:00+00:00,5070.0,2196.0,641.0,2034.0,199.0,neutral
PLD,1h,ok,2024-08-13 13:30:00+00:00,2026-10-08 19:30:00+00:00,3767.0,1172.0,886.0,1510.0,199.0,neutral
PLTR,1d,ok,2020-09-30 04:00:00+00:00,2026-10-08 04:00:00+00:00,1513.0,527.0,310.0,477.0,199.0,bull
PLTR,1h,ok,2024-08-13 13:30:00+00:00,2026-10-08 19:30:00+00:00,3767.0,1513.0,657.0,1398.0,199.0,bull
PM,1d,ok,2008-03-17 04:00:00+00:00,2026-10-08 04:00:00+00:00,4671.0,1980.0,557.0,1935.0,199.0,bull
PM,1h,ok,2024-08-13 13:30:00+00:00,2026-10-08 19:30:00+00:00,3767.0,1276.0,749.0,1543.0,199.0,bull
PSX,1d,ok,2012-04-12 04:00:00+00:00,2026-10-08 04:00:00+00:00,3644.0,1441.0,542.0,1462.0,199.0,bull
PSX,1h,ok,2024-08-13 13:30:00+00:00,2026-10-08 19:30:00+00:00,3767.0,1488.0,483.0,1597.0,199.0,bull
PYPL,1d,ok,2015-07-06 04:00:00+00:00,2026-10-08 04:00:00+00:00,2833.0,1060.0,672.0,902.0,199.0,neutral
PYPL,1h,ok,2024-08-13 13:30:00+00:00,2026-10-08 19:30:00+00:00,3767.0,969.0,1118.0,1481.0,199.0,bull
QCOM,1d,ok,2006-08-14 04:00:00+00:00,2026-10-08 04:00:00+00:00,5070.0,1712.0,1082.0,2077.0,199.0,bull
QCOM,1h,ok,2024-08-13 13:30:00+00:00,2026-10-08 19:30:00+00:00,3767.0,1081.0,1013.0,1474.0,199.0,bear
QQQ,1d,ok,2006-08-14 04:00:00+00:00,2026-10-08 04:00:00+00:00,5070.0,2903.0,431.0,1537.0,199.0,bull
QQQ,1h,ok,2024-08-13 13:30:00+00:00,2026-10-08 19:30:00+00:00,3767.0,1729.0,560.0,1279.0,199.0,neutral
RBLX,1d,ok,2021-03-10 05:00:00+00:00,2026-10-08 04:00:00+00:00,1403.0,306.0,357.0,541.0,199.0,neutral
RBLX,1h,ok,2024-08-13 13:30:00+00:00,2026-10-08 19:30:00+00:00,3767.0,1133.0,1034.0,1401.0,199.0,neutral
REGN,1d,ok,2006-08-14 04:00:00+00:00,2026-10-08 04:00:00+00:00,5070.0,2044.0,857.0,1970.0,199.0,neutral
REGN,1h,ok,2024-08-13 13:30:00+00:00,2026-10-08 19:30:00+00:00,3767.0,900.0,1227.0,1441.0,199.0,neutral
RIVN,1d,ok,2021-11-10 05:00:00+00:00,2026-10-08 04:00:00+00:00,1232.0,172.0,317.0,544.0,199.0,bear
RIVN,1h,ok,2024-08-13 13:30:00+00:00,2026-10-08 19:30:00+00:00,3767.0,830.0,1122.0,1616.0,199.0,bear
ROKU,1d,ok,2017-09-28 04:00:00+00:00,2026-10-08 04:00:00+00:00,2269.0,834.0,450.0,786.0,199.0,neutral
ROKU,1h,ok,2024-08-13 13:30:00+00:00,2026-10-08 19:30:00+00:00,3767.0,1400.0,636.0,1532.0,199.0,neutral
RTX,1d,ok,2006-08-14 04:00:00+00:00,2026-10-08 04:00:00+00:00,5070.0,2389.0,669.0,1813.0,199.0,neutral
RTX,1h,ok,2024-08-13 13:30:00+00:00,2026-10-08 19:30:00+00:00,3767.0,1504.0,662.0,1402.0,199.0,neutral
SBUX,1d,ok,2006-08-14 04:00:00+00:00,2026-10-08 04:00:00+00:00,5070.0,2128.0,1021.0,1722.0,199.0,neutral
SBUX,1h,ok,2024-08-13 13:30:00+00:00,2026-10-08 19:30:00+00:00,3767.0,1274.0,730.0,1564.0,199.0,bear
SCHW,1d,ok,2006-08-14 04:00:00+00:00,2026-10-08 04:00:00+00:00,5070.0,2027.0,855.0,1989.0,199.0,neutral
SCHW,1h,ok,2024-08-13 13:30:00+00:00,2026-10-08 19:30:00+00:00,3767.0,1469.0,749.0,1350.0,199.0,bear
SHOP,1d,ok,2015-05-20 04:00:00+00:00,2026-10-08 04:00:00+00:00,2864.0,1429.0,282.0,954.0,199.0,bull
SHOP,1h,ok,2024-08-13 13:30:00+00:00,2026-10-08 19:30:00+00:00,3767.0,1405.0,668.0,1495.0,199.0,bull
SHW,1d,ok,2006-08-14 04:00:00+00:00,2026-10-08 04:00:00+00:00,5070.0,2383.0,618.0,1870.0,199.0,neutral
SHW,1h,ok,2024-08-13 13:30:00+00:00,2026-10-08 19:30:00+00:00,3767.0,869.0,1090.0,1609.0,199.0,neutral
SHY,1d,ok,2006-08-14 04:00:00+00:00,2026-10-08 04:00:00+00:00,5070.0,3085.0,447.0,1339.0,199.0,neutral
SHY,1h,ok,2024-08-13 13:30:00+00:00,2026-10-08 19:30:00+00:00,3767.0,1926.0,429.0,1213.0,199.0,neutral
SLB,1d,ok,2006-08-14 04:00:00+00:00,2026-10-08 04:00:00+00:00,5070.0,1506.0,1215.0,2150.0,199.0,neutral
SLB,1h,ok,2024-08-13 13:30:00+00:00,2026-10-08 19:30:00+00:00,3767.0,1223.0,778.0,1567.0,199.0,bear
SLV,1d,ok,2006-08-14 04:00:00+00:00,2026-10-08 04:00:00+00:00,5070.0,1435.0,1382.0,2054.0,199.0,bear
SLV,1h,ok,2024-08-13 13:30:00+00:00,2026-10-08 19:30:00+00:00,3767.0,1444.0,677.0,1447.0,199.0,bear
SMCI,1d,ok,2007-03-29 04:00:00+00:00,2026-10-08 04:00:00+00:00,4914.0,1762.0,921.0,2032.0,199.0,bull
SMCI,1h,ok,2024-08-13 13:30:00+00:00,2026-10-08 19:30:00+00:00,3767.0,1101.0,986.0,1481.0,199.0,neutral
SMH,1d,ok,2006-08-14 04:00:00+00:00,2026-10-08 04:00:00+00:00,5070.0,2592.0,658.0,1621.0,199.0,bull
SMH,1h,ok,2024-08-13 13:30:00+00:00,2026-10-08 19:30:00+00:00,3767.0,1628.0,527.0,1413.0,199.0,neutral
SNOW,1d,ok,2020-09-16 04:00:00+00:00,2026-10-08 04:00:00+00:00,1523.0,420.0,378.0,526.0,199.0,bull
SNOW,1h,ok,2024-08-13 13:30:00+00:00,2026-10-08 19:30:00+00:00,3767.0,1369.0,744.0,1455.0,199.0,bull
SO,1d,ok,2006-08-14 04:00:00+00:00,2026-10-08 04:00:00+00:00,5070.0,2309.0,548.0,2014.0,199.0,bear
SO,1h,ok,2024-08-13 13:30:00+00:00,2026-10-08 19:30:00+00:00,3767.0,1118.0,955.0,1495.0,199.0,neutral
SOFI,1d,ok,2021-01-04 05:00:00+00:00,2026-10-08 04:00:00+00:00,1448.0,319.0,412.0,518.0,199.0,bear
SOFI,1h,ok,2024-08-13 13:30:00+00:00,2026-10-08 19:30:00+00:00,3767.0,1260.0,998.0,1310.0,199.0,bear
SOXX,1d,ok,2006-08-14 04:00:00+00:00,2026-10-08 04:00:00+00:00,5070.0,2479.0,748.0,1644.0,199.0,bull
SOXX,1h,ok,2024-08-13 13:30:00+00:00,2026-10-08 19:30:00+00:00,3767.0,1576.0,627.0,1365.0,199.0,neutral
SPG,1d,ok,2006-08-14 04:00:00+00:00,2026-10-08 04:00:00+00:00,5070.0,2213.0,905.0,1753.0,199.0,neutral
SPG,1h,ok,2024-08-13 13:30:00+00:00,2026-10-08 19:30:00+00:00,3767.0,1518.0,649.0,1401.0,199.0,bear
SPOT,1d,ok,2018-04-03 04:00:00+00:00,2026-10-08 04:00:00+00:00,2142.0,777.0,471.0,695.0,199.0,bull
SPOT,1h,ok,2024-08-13 13:30:00+00:00,2026-10-08 19:30:00+00:00,3767.0,1154.0,856.0,1558.0,199.0,neutral
SPY,1d,ok,2006-08-14 04:00:00+00:00,2026-10-08 04:00:00+00:00,5070.0,2858.0,535.0,1478.0,199.0,bull
SPY,1h,ok,2024-08-13 13:30:00+00:00,2026-10-08 19:30:00+00:00,3767.0,1719.0,538.0,1311.0,199.0,bull
T,1d,ok,2006-08-14 04:00:00+00:00,2026-10-08 04:00:00+00:00,5070.0,1872.0,951.0,2048.0,199.0,neutral
T,1h,ok,2024-08-13 13:30:00+00:00,2026-10-08 19:30:00+00:00,3767.0,1327.0,822.0,1419.0,199.0,neutral
TAN,1d,ok,2008-04-15 04:00:00+00:00,2026-10-08 04:00:00+00:00,4651.0,1321.0,1471.0,1660.0,199.0,bear
TAN,1h,ok,2024-08-13 13:30:00+00:00,2026-10-08 19:30:00+00:00,3767.0,1057.0,1121.0,1390.0,199.0,bear
TGT,1d,ok,2006-08-14 04:00:00+00:00,2026-10-08 04:00:00+00:00,5070.0,1818.0,1103.0,1950.0,199.0,neutral
TGT,1h,ok,2024-08-13 13:30:00+00:00,2026-10-08 19:30:00+00:00,3767.0,1217.0,841.0,1510.0,199.0,bear
TIP,1d,ok,2006-08-14 04:00:00+00:00,2026-10-08 04:00:00+00:00,5070.0,2471.0,622.0,1778.0,199.0,bear
TIP,1h,ok,2024-08-13 13:30:00+00:00,2026-10-08 19:30:00+00:00,3767.0,1157.0,857.0,1554.0,199.0,neutral
TLT,1d,ok,2006-08-14 04:00:00+00:00,2026-10-08 04:00:00+00:00,5070.0,1669.0,1171.0,2031.0,199.0,bear
TLT,1h,ok,2024-08-13 13:30:00+00:00,2026-10-08 19:30:00+00:00,3767.0,717.0,1222.0,1429.0,399.0,neutral
TMO,1d,ok,2006-08-14 04:00:00+00:00,2026-10-08 04:00:00+00:00,5070.0,2448.0,589.0,1834.0,199.0,bull
TMO,1h,ok,2024-08-13 13:30:00+00:00,2026-10-08 19:30:00+00:00,3767.0,1148.0,1048.0,1372.0,199.0,neutral
TMUS,1d,missing_warehouse,,,,,,,,
TMUS,1h,ok,2024-08-13 13:30:00+00:00,2026-10-08 19:30:00+00:00,3767.0,846.0,1283.0,1439.0,199.0,neutral
TSLA,1d,ok,2010-06-29 04:00:00+00:00,2026-10-08 04:00:00+00:00,4095.0,1443.0,731.0,1722.0,199.0,neutral
TSLA,1h,ok,2024-08-13 13:30:00+00:00,2026-10-08 19:30:00+00:00,3767.0,1056.0,1002.0,1510.0,199.0,bull
TSM,1d,ok,2006-08-14 04:00:00+00:00,2026-10-08 04:00:00+00:00,5070.0,2467.0,526.0,1878.0,199.0,bull
TSM,1h,ok,2024-08-13 13:30:00+00:00,2026-10-08 19:30:00+00:00,3767.0,1670.0,566.0,1332.0,199.0,neutral
TXN,1d,ok,2006-08-14 04:00:00+00:00,2026-10-08 04:00:00+00:00,5070.0,2328.0,772.0,1771.0,199.0,bull
TXN,1h,ok,2024-08-13 13:30:00+00:00,2026-10-08 19:30:00+00:00,3767.0,1052.0,1060.0,1456.0,199.0,neutral
UBER,1d,ok,2019-05-10 04:00:00+00:00,2026-10-08 04:00:00+00:00,1864.0,611.0,444.0,610.0,199.0,bear
UBER,1h,ok,2024-08-13 13:30:00+00:00,2026-10-08 19:30:00+00:00,3767.0,922.0,1005.0,1641.0,199.0,neutral
UNG,1d,ok,2007-04-18 04:00:00+00:00,2026-10-08 04:00:00+00:00,4901.0,643.0,2448.0,1611.0,199.0,neutral
UNG,1h,ok,2024-08-13 13:30:00+00:00,2026-10-08 19:30:00+00:00,3767.0,923.0,1071.0,1574.0,199.0,bull
UNH,1d,ok,2006-08-14 04:00:00+00:00,2026-10-08 04:00:00+00:00,5070.0,2402.0,712.0,1757.0,199.0,neutral
UNH,1h,ok,2024-08-13 13:30:00+00:00,2026-10-08 19:30:00+00:00,3767.0,1105.0,1030.0,1433.0,199.0,bear
UNP,1d,ok,2006-08-14 04:00:00+00:00,2026-10-08 04:00:00+00:00,5070.0,2558.0,566.0,1747.0,199.0,neutral
UNP,1h,ok,2024-08-13 13:30:00+00:00,2026-10-08 19:30:00+00:00,3767.0,1010.0,967.0,1591.0,199.0,neutral
UPS,1d,ok,2006-08-14 04:00:00+00:00,2026-10-08 04:00:00+00:00,5070.0,1798.0,991.0,2082.0,199.0,bear
UPS,1h,ok,2024-08-13 13:30:00+00:00,2026-10-08 19:30:00+00:00,3767.0,1151.0,958.0,1459.0,199.0,neutral
URA,1d,ok,2010-11-05 04:00:00+00:00,2026-10-08 04:00:00+00:00,4004.0,835.0,1314.0,1656.0,199.0,bear
URA,1h,ok,2024-08-13 13:30:00+00:00,2026-10-08 19:30:00+00:00,3767.0,1221.0,967.0,1380.0,199.0,bear
USO,1d,ok,2006-08-14 04:00:00+00:00,2026-10-08 04:00:00+00:00,5070.0,1497.0,1232.0,2142.0,199.0,bull
USO,1h,ok,2024-08-13 13:30:00+00:00,2026-10-08 19:30:00+00:00,3767.0,1162.0,813.0,1593.0,199.0,neutral
V,1d,ok,2008-03-19 04:00:00+00:00,2026-10-08 04:00:00+00:00,4669.0,2633.0,414.0,1423.0,199.0,bull
V,1h,ok,2024-08-13 13:30:00+00:00,2026-10-08 19:30:00+00:00,3767.0,1230.0,768.0,1570.0,199.0,neutral
VEA,1d,ok,2007-07-26 04:00:00+00:00,2026-10-08 04:00:00+00:00,4832.0,2238.0,779.0,1616.0,199.0,neutral
VEA,1h,ok,2024-08-13 13:30:00+00:00,2026-10-08 19:30:00+00:00,3767.0,1663.0,592.0,1313.0,199.0,bear
VLO,1d,ok,2006-08-14 04:00:00+00:00,2026-10-08 04:00:00+00:00,5070.0,1857.0,990.0,2024.0,199.0,bull
VLO,1h,ok,2024-08-13 13:30:00+00:00,2026-10-08 19:30:00+00:00,3757.0,1505.0,524.0,1529.0,199.0,bull
VNQ,1d,ok,2006-08-14 04:00:00+00:00,2026-10-08 04:00:00+00:00,5070.0,2187.0,761.0,1923.0,199.0,neutral
VNQ,1h,ok,2024-08-13 13:30:00+00:00,2026-10-08 19:30:00+00:00,3767.0,1104.0,844.0,1620.0,199.0,bear
VOO,1d,ok,2010-09-09 04:00:00+00:00,2026-10-08 04:00:00+00:00,4045.0,2452.0,273.0,1121.0,199.0,bull
VOO,1h,ok,2024-08-13 13:30:00+00:00,2026-10-08 19:30:00+00:00,3767.0,1725.0,531.0,1312.0,199.0,bull
VRTX,1d,ok,2006-08-14 04:00:00+00:00,2026-10-08 04:00:00+00:00,5070.0,1911.0,831.0,2129.0,199.0,neutral
VRTX,1h,ok,2024-08-13 13:30:00+00:00,2026-10-08 19:30:00+00:00,3767.0,1144.0,763.0,1661.0,199.0,bear
VT,1d,ok,2008-06-26 04:00:00+00:00,2026-10-08 04:00:00+00:00,4600.0,2569.0,396.0,1436.0,199.0,neutral
VT,1h,ok,2024-08-13 13:30:00+00:00,2026-10-08 19:30:00+00:00,3767.0,1685.0,506.0,1377.0,199.0,bear
VTI,1d,ok,2006-08-14 04:00:00+00:00,2026-10-08 04:00:00+00:00,5070.0,2841.0,559.0,1471.0,199.0,bull
VTI,1h,ok,2024-08-13 13:30:00+00:00,2026-10-08 19:30:00+00:00,3771.0,1691.0,550.0,1331.0,199.0,bull
VWO,1d,ok,2006-08-14 04:00:00+00:00,2026-10-08 04:00:00+00:00,5070.0,2000.0,909.0,1962.0,199.0,neutral
VWO,1h,ok,2024-08-13 13:30:00+00:00,2026-10-08 19:30:00+00:00,3767.0,1490.0,638.0,1440.0,199.0,bear
VZ,1d,ok,2006-08-14 04:00:00+00:00,2026-10-08 04:00:00+00:00,5070.0,1787.0,933.0,2151.0,199.0,neutral
VZ,1h,ok,2024-08-13 13:30:00+00:00,2026-10-08 19:30:00+00:00,3767.0,1131.0,863.0,1574.0,199.0,neutral
WFC,1d,ok,2006-08-14 04:00:00+00:00,2026-10-08 04:00:00+00:00,5070.0,1939.0,929.0,2003.0,199.0,neutral
WFC,1h,ok,2024-08-13 13:30:00+00:00,2026-10-08 19:30:00+00:00,3767.0,1378.0,742.0,1448.0,199.0,neutral
WMT,1d,ok,2006-08-14 04:00:00+00:00,2026-10-08 04:00:00+00:00,5070.0,2375.0,553.0,1943.0,199.0,neutral
WMT,1h,ok,2024-08-13 13:30:00+00:00,2026-10-08 19:30:00+00:00,3767.0,1319.0,651.0,1598.0,199.0,neutral
XBI,1d,ok,2006-08-14 04:00:00+00:00,2026-10-08 04:00:00+00:00,5070.0,2135.0,759.0,1977.0,199.0,neutral
XBI,1h,ok,2024-08-13 13:30:00+00:00,2026-10-08 19:30:00+00:00,3767.0,1307.0,708.0,1553.0,199.0,bear
XEL,1d,ok,2006-08-14 04:00:00+00:00,2026-10-08 04:00:00+00:00,5070.0,2225.0,599.0,2047.0,199.0,bear
XEL,1h,ok,2024-08-13 13:30:00+00:00,2026-10-08 19:30:00+00:00,3767.0,1120.0,834.0,1614.0,199.0,neutral
XLB,1d,ok,2006-08-14 04:00:00+00:00,2026-10-08 04:00:00+00:00,5070.0,2378.0,597.0,1896.0,199.0,neutral
XLB,1h,ok,2024-08-13 13:30:00+00:00,2026-10-08 19:30:00+00:00,3767.0,1184.0,910.0,1474.0,199.0,neutral
XLC,1d,ok,2018-06-19 04:00:00+00:00,2026-10-08 04:00:00+00:00,2088.0,1116.0,259.0,514.0,199.0,neutral
XLC,1h,ok,2024-08-13 13:30:00+00:00,2026-10-08 19:30:00+00:00,3767.0,1425.0,670.0,1473.0,199.0,neutral
XLE,1d,ok,2006-08-14 04:00:00+00:00,2026-10-08 04:00:00+00:00,5070.0,2028.0,907.0,1936.0,199.0,bull
XLE,1h,ok,2024-08-13 13:30:00+00:00,2026-10-08 19:30:00+00:00,3767.0,1331.0,574.0,1663.0,199.0,neutral
XLF,1d,ok,2006-08-14 04:00:00+00:00,2026-10-08 04:00:00+00:00,5070.0,2255.0,771.0,1845.0,199.0,neutral
XLF,1h,ok,2024-08-13 13:30:00+00:00,2026-10-08 19:30:00+00:00,3767.0,1338.0,779.0,1451.0,199.0,neutral
XLI,1d,ok,2006-08-14 04:00:00+00:00,2026-10-08 04:00:00+00:00,5070.0,2616.0,565.0,1690.0,199.0,neutral
XLI,1h,ok,2024-08-13 13:30:00+00:00,2026-10-08 19:30:00+00:00,3767.0,1406.0,721.0,1441.0,199.0,bear
XLK,1d,ok,2006-08-14 04:00:00+00:00,2026-10-08 04:00:00+00:00,5070.0,2850.0,496.0,1525.0,199.0,bull
XLK,1h,ok,2024-08-13 13:30:00+00:00,2026-10-08 19:30:00+00:00,3767.0,1612.0,600.0,1356.0,199.0,neutral
XLP,1d,ok,2006-08-14 04:00:00+00:00,2026-10-08 04:00:00+00:00,5070.0,2695.0,326.0,1850.0,199.0,neutral
XLP,1h,ok,2024-08-13 13:30:00+00:00,2026-10-08 19:30:00+00:00,3767.0,1041.0,926.0,1601.0,199.0,neutral
XLRE,1d,ok,2015-10-08 04:00:00+00:00,2026-10-08 04:00:00+00:00,2766.0,1147.0,306.0,1114.0,199.0,neutral
XLRE,1h,ok,2024-08-13 13:30:00+00:00,2026-10-08 19:30:00+00:00,3767.0,1105.0,855.0,1608.0,199.0,neutral
XLU,1d,ok,2006-08-14 04:00:00+00:00,2026-10-08 04:00:00+00:00,5070.0,2479.0,546.0,1846.0,199.0,bear
XLU,1h,ok,2024-08-13 13:30:00+00:00,2026-10-08 19:30:00+00:00,3767.0,1191.0,851.0,1526.0,199.0,neutral
XLV,1d,ok,2006-08-14 04:00:00+00:00,2026-10-08 04:00:00+00:00,5070.0,2444.0,514.0,1913.0,199.0,neutral
XLV,1h,ok,2024-08-13 13:30:00+00:00,2026-10-08 19:30:00+00:00,3767.0,1132.0,868.0,1568.0,199.0,neutral
XLY,1d,ok,2006-08-14 04:00:00+00:00,2026-10-08 04:00:00+00:00,5070.0,2675.0,587.0,1609.0,199.0,bear
XLY,1h,ok,2024-08-13 13:30:00+00:00,2026-10-08 19:30:00+00:00,3767.0,1231.0,806.0,1531.0,199.0,neutral
XME,1d,ok,2006-08-14 04:00:00+00:00,2026-10-08 04:00:00+00:00,5070.0,1758.0,1097.0,2016.0,199.0,bear
XME,1h,ok,2024-08-13 13:30:00+00:00,2026-10-08 19:30:00+00:00,3767.0,1560.0,760.0,1248.0,199.0,bear
XOM,1d,ok,2006-08-14 04:00:00+00:00,2026-10-08 04:00:00+00:00,5070.0,1765.0,1069.0,2037.0,199.0,bull
XOM,1h,ok,2024-08-13 13:30:00+00:00,2026-10-08 19:30:00+00:00,3767.0,1315.0,591.0,1662.0,199.0,bull
XOP,1d,ok,2006-08-14 04:00:00+00:00,2026-10-08 04:00:00+00:00,5070.0,1823.0,1102.0,1946.0,199.0,bull
XOP,1h,ok,2024-08-13 13:30:00+00:00,2026-10-08 19:30:00+00:00,3767.0,1176.0,742.0,1650.0,199.0,neutral
XRT,1d,ok,2006-08-14 04:00:00+00:00,2026-10-08 04:00:00+00:00,5070.0,2026.0,929.0,1916.0,199.0,neutral
XRT,1h,ok,2024-08-13 13:30:00+00:00,2026-10-08 19:30:00+00:00,3767.0,1183.0,914.0,1471.0,199.0,neutral
XYZ,1d,ok,2015-11-19 05:00:00+00:00,2026-10-08 04:00:00+00:00,2736.0,984.0,433.0,1120.0,199.0,neutral
XYZ,1h,ok,2025-01-21 14:30:00+00:00,2026-10-08 19:30:00+00:00,3012.0,899.0,640.0,1274.0,199.0,neutral
