symbol,timeframe,coverage_status,first_bar,last_bar,total_bars,bull_bars,bear_bars,neutral_bars,warmup_bars,current_regime
AA,1d,ok,2021-07-13 04:00:00+00:00,2026-07-10 04:00:00+00:00,1255,256,329,471,199,neutral
AA,1h,ok,2025-07-11 13:00:00+00:00,2026-07-13 19:00:00+00:00,1772,666,268,639,199,neutral
AAPL,1d,ok,2021-07-12 00:00:00+00:00,2026-07-10 04:00:00+00:00,1257,425,177,456,199,bull
AAPL,1h,ok,2025-07-11 13:00:00+00:00,2026-07-13 19:00:00+00:00,1772,719,260,594,199,bull
AAVE/USD,1d,ok,2021-07-15 00:00:00+00:00,2026-07-13 00:00:00+00:00,1825,348,617,661,199,neutral
AAVE/USD,1h,ok,2025-07-11 10:00:00+00:00,2026-07-13 22:00:00+00:00,8812,1798,3079,3736,199,neutral
ABBV,1d,ok,2021-07-12 00:00:00+00:00,2026-07-10 04:00:00+00:00,1257,443,57,558,199,bull
ABBV,1h,ok,2025-07-11 13:00:00+00:00,2026-07-13 19:00:00+00:00,1772,565,297,711,199,neutral
ABNB,1d,ok,2021-07-12 00:00:00+00:00,2026-07-10 04:00:00+00:00,1257,285,262,511,199,bull
ABNB,1h,ok,2025-07-11 13:00:00+00:00,2026-07-13 19:00:00+00:00,1772,444,467,662,199,neutral
ABT,1d,ok,2021-07-12 00:00:00+00:00,2026-07-10 04:00:00+00:00,1257,288,313,457,199,neutral
ABT,1h,ok,2025-07-11 13:00:00+00:00,2026-07-13 19:00:00+00:00,1772,320,585,668,199,neutral
ACWI,1d,ok,2021-07-12 00:00:00+00:00,2026-07-10 04:00:00+00:00,1257,649,113,296,199,bull
ACWI,1h,ok,2025-07-11 13:00:00+00:00,2026-07-13 19:00:00+00:00,1772,845,133,595,199,neutral
ADA/USD,1d,ok,2026-02-13 00:00:00+00:00,2026-07-13 00:00:00+00:00,151,0,0,0,151,warmup
ADA/USD,1h,ok,2026-02-13 12:00:00+00:00,2026-07-13 22:00:00+00:00,3610,654,1333,1424,199,bear
ADBE,1d,ok,2021-07-12 00:00:00+00:00,2026-07-10 04:00:00+00:00,1257,198,499,361,199,bear
ADBE,1h,ok,2025-07-11 13:00:00+00:00,2026-07-13 19:00:00+00:00,1772,258,564,751,199,bull
ADI,1d,ok,2021-07-12 00:00:00+00:00,2026-07-10 04:00:00+00:00,1257,462,155,441,199,neutral
ADI,1h,ok,2025-07-11 13:00:00+00:00,2026-07-13 19:00:00+00:00,1772,722,293,558,199,bear
AEP,1d,ok,2021-07-12 00:00:00+00:00,2026-07-10 04:00:00+00:00,1257,482,179,397,199,bull
AEP,1h,ok,2025-07-11 13:00:00+00:00,2026-07-13 19:00:00+00:00,1772,624,263,686,199,neutral
AFRM,1d,ok,2021-07-12 00:00:00+00:00,2026-07-10 04:00:00+00:00,1257,289,272,497,199,bull
AFRM,1h,ok,2025-07-11 13:00:00+00:00,2026-07-13 19:00:00+00:00,1772,483,508,582,199,neutral
AGG,1d,ok,2021-07-12 00:00:00+00:00,2026-07-10 04:00:00+00:00,1257,472,161,425,199,neutral
AGG,1h,ok,2025-07-11 13:00:00+00:00,2026-07-13 19:00:00+00:00,1773,656,214,704,199,bear
AMAT,1d,ok,2021-07-12 00:00:00+00:00,2026-07-10 04:00:00+00:00,1257,521,224,313,199,bull
AMAT,1h,ok,2025-07-11 13:00:00+00:00,2026-07-13 19:00:00+00:00,1772,905,104,564,199,neutral
AMC,1d,ok,2021-07-12 00:00:00+00:00,2026-07-10 04:00:00+00:00,1257,8,691,359,199,bull
AMC,1h,ok,2025-07-11 13:00:00+00:00,2026-07-13 19:00:00+00:00,1772,246,790,537,199,neutral
AMD,1d,ok,2021-07-12 00:00:00+00:00,2026-07-10 04:00:00+00:00,1257,367,262,429,199,bull
AMD,1h,ok,2025-07-11 13:00:00+00:00,2026-07-13 19:00:00+00:00,1774,669,325,581,199,neutral
AMGN,1d,ok,2021-07-12 00:00:00+00:00,2026-07-10 04:00:00+00:00,1257,448,112,498,199,bull
AMGN,1h,ok,2025-07-11 13:00:00+00:00,2026-07-13 19:00:00+00:00,1771,534,410,628,199,neutral
AMT,1d,ok,2021-07-12 00:00:00+00:00,2026-07-10 04:00:00+00:00,1257,178,327,553,199,neutral
AMT,1h,ok,2025-07-11 13:00:00+00:00,2026-07-13 19:00:00+00:00,1772,265,553,755,199,neutral
AMZN,1d,ok,2021-07-12 00:00:00+00:00,2026-07-10 04:00:00+00:00,1257,472,182,404,199,neutral
AMZN,1h,ok,2025-07-11 13:00:00+00:00,2026-07-13 19:00:00+00:00,1772,508,359,706,199,bull
APD,1d,ok,2021-07-12 00:00:00+00:00,2026-07-10 04:00:00+00:00,1257,331,232,495,199,bull
APD,1h,ok,2025-07-11 13:00:00+00:00,2026-07-13 19:00:00+00:00,1769,454,394,722,199,bull
ARKG,1d,ok,2021-07-12 00:00:00+00:00,2026-07-10 04:00:00+00:00,1257,174,402,482,199,bull
ARKG,1h,ok,2025-07-11 13:00:00+00:00,2026-07-13 19:00:00+00:00,1772,613,303,657,199,neutral
ARKK,1d,ok,2021-07-12 00:00:00+00:00,2026-07-10 04:00:00+00:00,1257,283,259,516,199,bull
ARKK,1h,ok,2025-07-11 13:00:00+00:00,2026-07-13 19:00:00+00:00,1772,470,265,838,199,neutral
ARKW,1d,ok,2021-07-12 00:00:00+00:00,2026-07-10 04:00:00+00:00,1257,464,199,395,199,neutral
ARKW,1h,ok,2025-07-11 13:00:00+00:00,2026-07-13 18:00:00+00:00,1155,294,316,346,199,bull
ARM,1d,ok,2023-09-14 00:00:00+00:00,2026-07-10 04:00:00+00:00,709,193,53,264,199,bull
ARM,1h,ok,2025-07-11 13:00:00+00:00,2026-07-13 19:00:00+00:00,1772,547,356,670,199,bear
ASML,1d,ok,2021-07-12 00:00:00+00:00,2026-07-10 04:00:00+00:00,1257,432,231,395,199,bull
ASML,1h,ok,2025-07-11 13:00:00+00:00,2026-07-13 19:00:00+00:00,1771,867,145,560,199,bear
AVAX/USD,1d,ok,2021-11-18 00:00:00+00:00,2026-07-13 00:00:00+00:00,1699,227,666,607,199,bear
AVAX/USD,1h,ok,2025-07-11 10:00:00+00:00,2026-07-13 22:00:00+00:00,8820,2090,2772,3759,199,bear
AVGO,1d,ok,2021-07-12 00:00:00+00:00,2026-07-10 04:00:00+00:00,1257,608,75,375,199,neutral
AVGO,1h,ok,2025-07-11 13:00:00+00:00,2026-07-13 19:00:00+00:00,1772,451,356,766,199,neutral
AXP,1d,ok,2021-07-12 00:00:00+00:00,2026-07-10 04:00:00+00:00,1257,460,138,460,199,neutral
AXP,1h,ok,2025-07-11 13:00:00+00:00,2026-07-13 19:00:00+00:00,1772,600,384,589,199,bull
BA,1d,ok,2021-07-12 00:00:00+00:00,2026-07-10 04:00:00+00:00,1257,305,247,506,199,neutral
BA,1h,ok,2025-07-11 13:00:00+00:00,2026-07-13 19:00:00+00:00,1772,412,534,627,199,neutral
BABA,1d,ok,2021-07-12 00:00:00+00:00,2026-07-10 04:00:00+00:00,1257,272,321,465,199,bear
BABA,1h,ok,2025-07-11 13:00:00+00:00,2026-07-13 19:00:00+00:00,1773,382,631,561,199,bull
BAC,1d,ok,2021-07-12 00:00:00+00:00,2026-07-10 04:00:00+00:00,1257,422,219,417,199,bull
BAC,1h,ok,2025-07-11 13:00:00+00:00,2026-07-13 19:00:00+00:00,1772,699,301,573,199,bull
BCH/USD,1d,ok,2021-07-13 00:00:00+00:00,2026-07-13 00:00:00+00:00,1827,420,514,694,199,neutral
BCH/USD,1h,ok,2025-07-11 10:00:00+00:00,2026-07-13 22:00:00+00:00,8817,2136,2716,3766,199,neutral
BIDU,1d,ok,2021-07-12 00:00:00+00:00,2026-07-10 04:00:00+00:00,1257,204,410,444,199,bear
BIDU,1h,ok,2025-07-11 13:00:00+00:00,2026-07-13 19:00:00+00:00,1772,502,412,659,199,neutral
BITO,1d,ok,2021-10-19 00:00:00+00:00,2026-07-10 04:00:00+00:00,1187,398,201,389,199,bear
BITO,1h,ok,2025-07-11 13:00:00+00:00,2026-07-13 19:00:00+00:00,1774,259,635,681,199,neutral
BLK,1d,ok,2021-07-12 00:00:00+00:00,2026-07-10 04:00:00+00:00,1257,399,178,481,199,neutral
BLK,1h,ok,2025-07-11 13:00:00+00:00,2026-07-13 19:00:00+00:00,1734,445,408,682,199,bull
BND,1d,ok,2021-07-12 00:00:00+00:00,2026-07-10 04:00:00+00:00,1257,473,162,423,199,neutral
BND,1h,ok,2025-07-11 13:00:00+00:00,2026-07-13 19:00:00+00:00,1772,654,215,704,199,bear
BSX,1d,ok,2021-07-12 00:00:00+00:00,2026-07-10 04:00:00+00:00,1257,568,239,251,199,bear
BSX,1h,ok,2025-07-11 13:00:00+00:00,2026-07-13 19:00:00+00:00,1772,146,786,641,199,bear
BTC/USD,1d,ok,2021-07-13 00:00:00+00:00,2026-07-13 00:00:00+00:00,1827,515,480,633,199,bear
BTC/USD,1h,ok,2025-07-11 10:00:00+00:00,2026-07-13 22:00:00+00:00,8820,2200,2781,3640,199,neutral
C,1d,ok,2021-07-12 00:00:00+00:00,2026-07-10 04:00:00+00:00,1257,566,185,307,199,bull
C,1h,ok,2025-07-11 13:00:00+00:00,2026-07-13 19:00:00+00:00,1772,677,207,689,199,neutral
CAT,1d,ok,2021-07-12 00:00:00+00:00,2026-07-10 04:00:00+00:00,1257,599,89,370,199,bull
CAT,1h,ok,2025-07-11 13:00:00+00:00,2026-07-13 19:00:00+00:00,1772,887,100,586,199,bear
CBOE,1d,ok,2021-07-12 00:00:00+00:00,2026-07-10 04:00:00+00:00,1257,669,40,349,199,neutral
CBOE,1h,ok,2025-07-11 13:00:00+00:00,2026-07-13 19:00:00+00:00,1757,569,287,702,199,neutral
CL,1d,ok,2025-07-11 04:00:00+00:00,2026-07-10 04:00:00+00:00,254,44,0,11,199,bull
CL,1h,ok,2025-07-11 13:00:00+00:00,2026-07-13 19:00:00+00:00,1772,531,494,548,199,bull
CMCSA,1d,ok,2021-07-12 00:00:00+00:00,2026-07-10 04:00:00+00:00,1257,228,403,427,199,bear
CMCSA,1h,ok,2025-07-11 13:00:00+00:00,2026-07-13 19:00:00+00:00,1773,386,685,503,199,bull
CME,1d,ok,2021-07-12 00:00:00+00:00,2026-07-10 04:00:00+00:00,1257,496,146,416,199,bear
CME,1h,ok,2025-07-11 13:00:00+00:00,2026-07-13 19:00:00+00:00,1772,396,472,705,199,neutral
CMG,1d,ok,2021-07-12 00:00:00+00:00,2026-07-10 04:00:00+00:00,1257,345,284,429,199,neutral
CMG,1h,ok,2025-07-11 13:00:00+00:00,2026-07-13 19:00:00+00:00,1773,378,553,643,199,bull
COF,1d,ok,2021-07-12 00:00:00+00:00,2026-07-10 04:00:00+00:00,1257,437,221,400,199,neutral
COF,1h,ok,2025-07-11 13:00:00+00:00,2026-07-13 19:00:00+00:00,1772,457,486,630,199,bull
COIN,1d,ok,2021-07-12 00:00:00+00:00,2026-07-10 04:00:00+00:00,1257,261,277,520,199,bear
COIN,1h,ok,2025-07-11 13:00:00+00:00,2026-07-13 19:00:00+00:00,1774,249,651,675,199,neutral
COP,1d,ok,2021-07-12 00:00:00+00:00,2026-07-10 04:00:00+00:00,1257,292,227,539,199,neutral
COP,1h,ok,2025-07-11 13:00:00+00:00,2026-07-13 19:00:00+00:00,1772,530,372,671,199,neutral
COST,1d,ok,2021-07-12 00:00:00+00:00,2026-07-10 04:00:00+00:00,1257,462,175,421,199,neutral
COST,1h,ok,2025-07-11 13:00:00+00:00,2026-07-13 19:00:00+00:00,1769,352,511,707,199,bear
CRM,1d,ok,2021-07-12 00:00:00+00:00,2026-07-10 04:00:00+00:00,1257,270,379,409,199,bear
CRM,1h,ok,2025-07-11 13:00:00+00:00,2026-07-13 19:00:00+00:00,1772,267,507,799,199,bull
CRV/USD,1d,ok,2023-08-18 00:00:00+00:00,2026-07-13 00:00:00+00:00,1061,114,379,369,199,neutral
CRV/USD,1h,ok,2025-07-11 10:00:00+00:00,2026-07-13 22:00:00+00:00,8812,1877,3122,3614,199,bull
CRWD,1d,ok,2021-07-12 00:00:00+00:00,2026-07-10 04:00:00+00:00,1257,441,202,415,199,bull
CRWD,1h,ok,2025-07-11 13:00:00+00:00,2026-07-13 19:00:00+00:00,1772,562,399,612,199,neutral
CSX,1d,ok,2021-07-12 00:00:00+00:00,2026-07-10 04:00:00+00:00,1257,346,212,500,199,bull
CSX,1h,ok,2025-07-11 13:00:00+00:00,2026-07-13 19:00:00+00:00,1772,746,229,598,199,bull
CVS,1d,ok,2021-07-12 00:00:00+00:00,2026-07-10 04:00:00+00:00,1257,286,326,446,199,bull
CVS,1h,ok,2025-07-11 13:00:00+00:00,2026-07-13 19:00:00+00:00,1772,743,233,597,199,bull
CVX,1d,ok,2021-07-12 00:00:00+00:00,2026-07-10 04:00:00+00:00,1257,375,110,573,199,neutral
CVX,1h,ok,2025-07-11 13:00:00+00:00,2026-07-13 19:00:00+00:00,1772,621,359,593,199,neutral
DASH,1d,ok,2021-07-12 00:00:00+00:00,2026-07-10 04:00:00+00:00,1257,475,226,357,199,neutral
DASH,1h,ok,2025-07-11 13:00:00+00:00,2026-07-13 19:00:00+00:00,1772,382,563,628,199,neutral
DBA,1d,ok,2021-07-12 00:00:00+00:00,2026-07-10 04:00:00+00:00,1257,485,124,449,199,bull
DBA,1h,ok,2025-07-11 13:00:00+00:00,2026-07-13 19:00:00+00:00,1527,563,265,500,199,bull
DE,1d,ok,2021-07-12 00:00:00+00:00,2026-07-10 04:00:00+00:00,1257,318,157,583,199,bull
DE,1h,ok,2025-07-11 13:00:00+00:00,2026-07-13 19:00:00+00:00,1772,461,424,688,199,bear
DIA,1d,ok,2021-07-12 00:00:00+00:00,2026-07-10 04:00:00+00:00,1258,629,102,328,199,bull
DIA,1h,ok,2025-07-10 13:00:00+00:00,2026-07-13 19:00:00+00:00,1780,857,157,567,199,neutral
DIS,1d,ok,2021-07-12 00:00:00+00:00,2026-07-10 04:00:00+00:00,1257,136,384,538,199,bear
DIS,1h,ok,2025-07-11 13:00:00+00:00,2026-07-13 19:00:00+00:00,1772,238,673,662,199,bear
DKNG,1d,ok,2021-07-12 04:00:00+00:00,2026-07-10 04:00:00+00:00,1255,326,266,464,199,neutral
DKNG,1h,ok,2025-07-11 13:00:00+00:00,2026-07-13 19:00:00+00:00,1772,413,516,644,199,neutral
DOGE/USD,1d,ok,2021-07-13 00:00:00+00:00,2026-07-13 00:00:00+00:00,1827,272,670,686,199,bear
DOGE/USD,1h,ok,2025-07-11 10:00:00+00:00,2026-07-13 22:00:00+00:00,8817,1654,3154,3810,199,bear
DOT/USD,1d,ok,2023-08-18 00:00:00+00:00,2026-07-13 00:00:00+00:00,1061,54,502,306,199,bear
DOT/USD,1h,ok,2025-07-11 10:00:00+00:00,2026-07-13 22:00:00+00:00,8812,1605,3514,3494,199,bear
DUK,1d,ok,2021-07-12 04:00:00+00:00,2026-07-10 04:00:00+00:00,1255,440,153,463,199,bull
DUK,1h,ok,2025-07-11 13:00:00+00:00,2026-07-13 19:00:00+00:00,1772,505,400,668,199,bull
EEM,1d,ok,2021-07-12 04:00:00+00:00,2026-07-10 04:00:00+00:00,1255,553,149,354,199,bull
EEM,1h,ok,2025-07-11 13:00:00+00:00,2026-07-13 19:00:00+00:00,1773,797,157,620,199,bear
EFA,1d,ok,2021-07-12 04:00:00+00:00,2026-07-10 04:00:00+00:00,1255,573,146,337,199,bull
EFA,1h,ok,2025-07-11 13:00:00+00:00,2026-07-13 19:00:00+00:00,1772,858,127,588,199,neutral
ELV,1d,ok,2021-07-12 04:00:00+00:00,2026-07-10 04:00:00+00:00,1255,292,293,471,199,bull
ELV,1h,ok,2025-07-11 13:00:00+00:00,2026-07-13 19:00:00+00:00,1772,654,295,624,199,bull
EOG,1d,ok,2021-07-12 04:00:00+00:00,2026-07-10 04:00:00+00:00,1255,340,184,532,199,neutral
EOG,1h,ok,2025-07-11 13:00:00+00:00,2026-07-13 19:00:00+00:00,1772,497,384,692,199,bull
EQIX,1d,ok,2021-07-12 04:00:00+00:00,2026-07-10 04:00:00+00:00,1255,389,220,447,199,neutral
EQIX,1h,ok,2025-07-11 13:00:00+00:00,2026-07-13 19:00:00+00:00,1745,659,210,677,199,neutral
ETH/USD,1d,ok,2021-07-13 00:00:00+00:00,2026-07-13 00:00:00+00:00,1827,396,561,671,199,neutral
ETH/USD,1h,ok,2025-07-11 10:00:00+00:00,2026-07-13 22:00:00+00:00,8819,2131,2761,3728,199,neutral
ETHA,1d,ok,2024-07-23 04:00:00+00:00,2026-07-10 04:00:00+00:00,493,56,95,143,199,bear
ETHA,1h,ok,2025-07-11 13:00:00+00:00,2026-07-13 19:00:00+00:00,1774,301,585,689,199,bull
ETHE,1d,ok,2021-07-12 04:00:00+00:00,2026-07-10 04:00:00+00:00,1255,291,295,470,199,bear
ETHE,1h,ok,2025-07-11 13:00:00+00:00,2026-07-13 19:00:00+00:00,1772,299,585,689,199,bull
ETN,1d,ok,2021-07-12 04:00:00+00:00,2026-07-10 04:00:00+00:00,1255,542,127,387,199,bull
ETN,1h,ok,2025-07-11 13:00:00+00:00,2026-07-13 19:00:00+00:00,1772,488,325,760,199,bear
F,1d,ok,2021-07-12 04:00:00+00:00,2026-07-10 04:00:00+00:00,1255,302,304,450,199,bull
F,1h,ok,2025-07-11 13:00:00+00:00,2026-07-13 19:00:00+00:00,1772,614,216,743,199,neutral
FBTC,1d,ok,2024-01-11 05:00:00+00:00,2026-07-10 04:00:00+00:00,625,167,105,154,199,bear
FBTC,1h,ok,2025-07-11 13:00:00+00:00,2026-07-13 19:00:00+00:00,1772,275,616,682,199,neutral
FCX,1d,ok,2021-07-12 04:00:00+00:00,2026-07-10 04:00:00+00:00,1255,323,174,559,199,neutral
FCX,1h,ok,2025-07-11 13:00:00+00:00,2026-07-13 19:00:00+00:00,1772,637,265,671,199,bear
FDX,1d,ok,2021-07-12 04:00:00+00:00,2026-07-10 04:00:00+00:00,1255,402,176,478,199,neutral
FDX,1h,ok,2025-07-11 13:00:00+00:00,2026-07-13 19:00:00+00:00,1771,776,257,539,199,neutral
GD,1d,ok,2021-07-12 04:00:00+00:00,2026-07-10 04:00:00+00:00,1255,522,118,416,199,bull
GD,1h,ok,2025-07-11 13:00:00+00:00,2026-07-13 19:00:00+00:00,1767,564,282,722,199,neutral
GDX,1d,ok,2021-07-12 04:00:00+00:00,2026-07-10 04:00:00+00:00,1255,458,173,425,199,bear
GDX,1h,ok,2025-07-11 13:00:00+00:00,2026-07-13 19:00:00+00:00,1772,667,347,559,199,bear
GDXJ,1d,ok,2021-07-12 04:00:00+00:00,2026-07-10 04:00:00+00:00,1255,466,170,420,199,bear
GDXJ,1h,ok,2025-07-11 13:00:00+00:00,2026-07-13 19:00:00+00:00,1772,668,344,561,199,bear
GE,1d,ok,2021-07-12 04:00:00+00:00,2026-07-10 04:00:00+00:00,1255,686,96,274,199,bull
GE,1h,ok,2025-07-11 13:00:00+00:00,2026-07-13 19:00:00+00:00,1772,650,261,662,199,neutral
GILD,1d,ok,2021-07-12 04:00:00+00:00,2026-07-10 04:00:00+00:00,1255,468,146,442,199,bull
GILD,1h,ok,2025-07-11 13:00:00+00:00,2026-07-13 19:00:00+00:00,1772,394,472,707,199,neutral
GLD,1d,ok,2021-07-12 00:00:00+00:00,2026-07-10 04:00:00+00:00,1257,572,103,383,199,bear
GLD,1h,ok,2025-07-10 13:00:00+00:00,2026-07-13 19:00:00+00:00,1780,630,325,626,199,bear
GM,1d,ok,2021-07-12 04:00:00+00:00,2026-07-10 04:00:00+00:00,1255,408,196,452,199,neutral
GM,1h,ok,2025-07-11 13:00:00+00:00,2026-07-13 19:00:00+00:00,1772,642,306,625,199,bear
GME,1d,ok,2021-07-12 04:00:00+00:00,2026-07-10 04:00:00+00:00,1255,149,365,542,199,bear
GME,1h,ok,2025-07-11 13:00:00+00:00,2026-07-13 19:00:00+00:00,1773,396,532,646,199,bull
GOLD,1d,ok,2021-07-12 04:00:00+00:00,2026-07-10 04:00:00+00:00,1255,306,248,502,199,neutral
GOLD,1h,ok,2025-07-11 15:00:00+00:00,2026-07-13 19:00:00+00:00,1646,567,261,619,199,bear
GOOG,1d,ok,2021-07-12 04:00:00+00:00,2026-07-10 04:00:00+00:00,1255,528,181,347,199,neutral
GOOG,1h,ok,2025-07-11 13:00:00+00:00,2026-07-13 19:00:00+00:00,1773,736,278,560,199,bear
GOOGL,1d,ok,2021-07-12 04:00:00+00:00,2026-07-10 04:00:00+00:00,1255,528,179,349,199,neutral
GOOGL,1h,ok,2025-07-11 13:00:00+00:00,2026-07-13 19:00:00+00:00,1772,716,263,594,199,bear
GS,1d,ok,2021-07-12 04:00:00+00:00,2026-07-10 04:00:00+00:00,1255,569,137,350,199,bull
GS,1h,ok,2025-07-11 13:00:00+00:00,2026-07-13 19:00:00+00:00,1772,737,241,595,199,bear
HAL,1d,ok,2021-07-12 04:00:00+00:00,2026-07-10 04:00:00+00:00,1255,264,297,495,199,neutral
HAL,1h,ok,2025-07-11 13:00:00+00:00,2026-07-13 19:00:00+00:00,1772,763,184,626,199,neutral
HD,1d,ok,2021-07-12 04:00:00+00:00,2026-07-10 04:00:00+00:00,1255,311,228,517,199,neutral
HD,1h,ok,2025-07-11 13:00:00+00:00,2026-07-13 19:00:00+00:00,1772,393,590,590,199,neutral
HON,1d,ok,2021-07-12 04:00:00+00:00,2026-07-10 04:00:00+00:00,1255,300,188,568,199,neutral
HON,1h,ok,2025-07-11 13:00:00+00:00,2026-07-13 19:00:00+00:00,1772,402,465,706,199,bear
HOOD,1d,ok,2021-07-29 04:00:00+00:00,2026-07-10 04:00:00+00:00,1242,412,184,447,199,neutral
HOOD,1h,ok,2025-07-11 13:00:00+00:00,2026-07-13 19:00:00+00:00,1773,381,561,632,199,neutral
HUM,1d,ok,2021-07-12 04:00:00+00:00,2026-07-10 04:00:00+00:00,1255,230,369,457,199,bull
HUM,1h,ok,2025-07-11 13:00:00+00:00,2026-07-13 19:00:00+00:00,1770,663,382,526,199,bull
HYG,1d,ok,2021-07-12 04:00:00+00:00,2026-07-10 04:00:00+00:00,1255,709,98,249,199,bull
HYG,1h,ok,2025-07-11 13:00:00+00:00,2026-07-13 19:00:00+00:00,1773,766,152,656,199,neutral
IBB,1d,ok,2021-07-12 04:00:00+00:00,2026-07-10 04:00:00+00:00,1255,408,238,410,199,bull
IBB,1h,ok,2025-07-11 13:00:00+00:00,2026-07-13 19:00:00+00:00,1772,735,164,674,199,neutral
IBIT,1d,ok,2024-01-11 05:00:00+00:00,2026-07-10 04:00:00+00:00,625,167,105,154,199,bear
IBIT,1h,ok,2025-07-11 13:00:00+00:00,2026-07-13 19:00:00+00:00,1774,277,620,678,199,neutral
ICE,1d,ok,2021-07-12 04:00:00+00:00,2026-07-10 04:00:00+00:00,1255,478,206,372,199,bear
ICE,1h,ok,2025-07-11 13:00:00+00:00,2026-07-13 19:00:00+00:00,1772,325,693,555,199,bull
ICLN,1d,ok,2021-07-12 04:00:00+00:00,2026-07-10 04:00:00+00:00,1255,271,371,414,199,neutral
ICLN,1h,ok,2025-07-11 13:00:00+00:00,2026-07-13 19:00:00+00:00,1772,792,276,505,199,bear
IEF,1d,ok,2021-07-12 04:00:00+00:00,2026-07-10 04:00:00+00:00,1255,336,225,495,199,bear
IEF,1h,ok,2025-07-11 13:00:00+00:00,2026-07-13 19:00:00+00:00,1772,476,304,793,199,bear
IGV,1d,ok,2021-07-12 04:00:00+00:00,2026-07-10 04:00:00+00:00,1255,448,197,411,199,neutral
IGV,1h,ok,2025-07-11 13:00:00+00:00,2026-07-13 19:00:00+00:00,1772,361,471,741,199,neutral
INTC,1d,ok,2021-07-12 04:00:00+00:00,2026-07-10 04:00:00+00:00,1255,342,360,354,199,neutral
INTC,1h,ok,2025-07-11 13:00:00+00:00,2026-07-13 19:00:00+00:00,1773,723,242,609,199,bear
ISRG,1d,ok,2021-07-12 04:00:00+00:00,2026-07-10 04:00:00+00:00,1255,399,238,419,199,bear
ISRG,1h,ok,2025-07-11 13:00:00+00:00,2026-07-13 19:00:00+00:00,1772,225,702,646,199,neutral
ITA,1d,ok,2021-07-12 04:00:00+00:00,2026-07-10 04:00:00+00:00,1255,625,81,350,199,bull
ITA,1h,ok,2025-07-11 13:00:00+00:00,2026-07-13 19:00:00+00:00,1759,594,246,720,199,neutral
IVV,1d,ok,2021-07-12 04:00:00+00:00,2026-07-10 04:00:00+00:00,1255,630,127,299,199,bull
IVV,1h,ok,2025-07-11 13:00:00+00:00,2026-07-13 19:00:00+00:00,1772,776,225,572,199,neutral
IWM,1d,ok,2021-07-12 00:00:00+00:00,2026-07-10 04:00:00+00:00,1257,461,178,419,199,bull
IWM,1h,ok,2025-07-10 13:00:00+00:00,2026-07-13 19:00:00+00:00,1781,785,191,606,199,neutral
IYR,1d,ok,2021-07-12 04:00:00+00:00,2026-07-10 04:00:00+00:00,1255,374,218,464,199,bull
IYR,1h,ok,2025-07-11 13:00:00+00:00,2026-07-13 19:00:00+00:00,1772,528,247,798,199,bull
IYT,1d,ok,2021-07-12 04:00:00+00:00,2026-07-10 04:00:00+00:00,1255,455,151,450,199,bull
IYT,1h,ok,2025-07-11 13:00:00+00:00,2026-07-13 19:00:00+00:00,1761,746,143,673,199,bull
JD,1d,ok,2021-07-12 04:00:00+00:00,2026-07-10 04:00:00+00:00,1255,132,444,480,199,bear
JD,1h,ok,2025-07-11 13:00:00+00:00,2026-07-13 19:00:00+00:00,1772,381,571,621,199,bull
JNJ,1d,ok,2021-07-12 04:00:00+00:00,2026-07-10 04:00:00+00:00,1255,343,183,530,199,bull
JNJ,1h,ok,2025-07-11 13:00:00+00:00,2026-07-13 19:00:00+00:00,1772,764,202,607,199,neutral
JNK,1d,ok,2021-07-12 04:00:00+00:00,2026-07-10 04:00:00+00:00,1255,706,104,246,199,bull
JNK,1h,ok,2025-07-11 13:00:00+00:00,2026-07-13 19:00:00+00:00,1773,765,158,651,199,neutral
JPM,1d,ok,2021-07-12 04:00:00+00:00,2026-07-10 04:00:00+00:00,1255,645,106,305,199,bull
JPM,1h,ok,2025-07-11 13:00:00+00:00,2026-07-13 19:00:00+00:00,1772,592,317,664,199,neutral
KBE,1d,ok,2021-07-12 04:00:00+00:00,2026-07-10 04:00:00+00:00,1255,422,229,405,199,bull
KBE,1h,ok,2025-07-11 13:00:00+00:00,2026-07-13 19:00:00+00:00,1772,623,332,618,199,bull
KLAC,1d,ok,2021-07-12 00:00:00+00:00,2026-07-10 04:00:00+00:00,1257,579,160,319,199,bull
KLAC,1h,ok,2025-07-10 13:00:00+00:00,2026-07-13 19:00:00+00:00,1779,828,111,641,199,bear
KMB,1d,ok,2021-07-12 04:00:00+00:00,2026-07-10 04:00:00+00:00,1255,252,325,479,199,neutral
KMB,1h,ok,2025-07-11 13:00:00+00:00,2026-07-13 19:00:00+00:00,1772,339,584,650,199,neutral
KO,1d,ok,2021-07-12 04:00:00+00:00,2026-07-10 04:00:00+00:00,1255,448,87,521,199,bull
KO,1h,ok,2025-07-11 13:00:00+00:00,2026-07-13 19:00:00+00:00,1772,602,328,643,199,bull
KRE,1d,ok,2021-07-12 04:00:00+00:00,2026-07-10 04:00:00+00:00,1255,371,248,437,199,bull
KRE,1h,ok,2025-07-11 13:00:00+00:00,2026-07-13 19:00:00+00:00,1772,646,284,643,199,bull
LCID,1d,ok,2021-07-12 04:00:00+00:00,2026-07-10 04:00:00+00:00,1255,19,761,276,199,bear
LCID,1h,ok,2025-07-11 13:00:00+00:00,2026-07-13 19:00:00+00:00,1773,243,795,536,199,neutral
LIN,1d,ok,2021-07-12 04:00:00+00:00,2026-07-10 04:00:00+00:00,1255,544,116,396,199,bull
LIN,1h,ok,2025-07-11 13:00:00+00:00,2026-07-13 19:00:00+00:00,1772,634,344,595,199,neutral
LINK/USD,1d,ok,2021-07-13 00:00:00+00:00,2026-07-13 00:00:00+00:00,1827,268,647,713,199,bear
LINK/USD,1h,ok,2025-07-11 10:00:00+00:00,2026-07-13 22:00:00+00:00,8815,1967,2794,3855,199,neutral
LLY,1d,ok,2021-07-12 04:00:00+00:00,2026-07-10 04:00:00+00:00,1255,561,118,377,199,bull
LLY,1h,ok,2025-07-11 13:00:00+00:00,2026-07-13 19:00:00+00:00,1772,651,307,615,199,neutral
LMT,1d,ok,2021-07-12 04:00:00+00:00,2026-07-10 04:00:00+00:00,1255,371,166,519,199,neutral
LMT,1h,ok,2025-07-11 13:00:00+00:00,2026-07-13 19:00:00+00:00,1771,650,369,553,199,neutral
LNG,1d,ok,2021-07-12 04:00:00+00:00,2026-07-10 04:00:00+00:00,1255,437,138,481,199,bull
LNG,1h,ok,2025-07-11 13:00:00+00:00,2026-07-13 19:00:00+00:00,1772,443,563,567,199,bull
LOW,1d,ok,2021-07-12 04:00:00+00:00,2026-07-10 04:00:00+00:00,1255,375,214,467,199,bear
LOW,1h,ok,2025-07-11 13:00:00+00:00,2026-07-13 19:00:00+00:00,1772,443,511,619,199,bear
LQD,1d,ok,2021-07-12 04:00:00+00:00,2026-07-10 04:00:00+00:00,1255,433,166,457,199,neutral
LQD,1h,ok,2025-07-11 13:00:00+00:00,2026-07-13 19:00:00+00:00,1772,620,249,704,199,bear
LRCX,1d,ok,2021-07-12 04:00:00+00:00,2026-07-10 04:00:00+00:00,1255,549,205,302,199,bull
LRCX,1h,ok,2025-07-11 13:00:00+00:00,2026-07-13 19:00:00+00:00,1772,905,74,594,199,bear
LTC/USD,1d,ok,2021-07-13 00:00:00+00:00,2026-07-13 00:00:00+00:00,1827,342,628,658,199,bear
LTC/USD,1h,ok,2025-07-11 10:00:00+00:00,2026-07-13 22:00:00+00:00,8819,1921,2639,4060,199,bear
MA,1d,ok,2021-07-12 04:00:00+00:00,2026-07-10 04:00:00+00:00,1255,477,191,388,199,neutral
MA,1h,ok,2025-07-11 13:00:00+00:00,2026-07-13 19:00:00+00:00,1772,278,600,695,199,bull
MCD,1d,ok,2021-07-12 04:00:00+00:00,2026-07-10 04:00:00+00:00,1255,405,125,526,199,bear
MCD,1h,ok,2025-07-11 13:00:00+00:00,2026-07-13 19:00:00+00:00,1772,414,507,652,199,bear
MDLZ,1d,ok,2021-07-12 04:00:00+00:00,2026-07-10 04:00:00+00:00,1255,251,249,556,199,neutral
MDLZ,1h,ok,2025-07-11 13:00:00+00:00,2026-07-13 19:00:00+00:00,1772,434,482,657,199,neutral
MDT,1d,ok,2021-07-12 04:00:00+00:00,2026-07-10 04:00:00+00:00,1255,303,268,485,199,neutral
MDT,1h,ok,2025-07-11 13:00:00+00:00,2026-07-13 19:00:00+00:00,1772,468,535,570,199,bull
META,1d,ok,2021-07-12 04:00:00+00:00,2026-07-10 04:00:00+00:00,1255,487,234,335,199,neutral
META,1h,ok,2025-07-11 13:00:00+00:00,2026-07-13 19:00:00+00:00,1773,245,568,761,199,bull
MO,1d,ok,2021-07-12 04:00:00+00:00,2026-07-10 04:00:00+00:00,1255,505,128,423,199,bull
MO,1h,ok,2025-07-11 13:00:00+00:00,2026-07-13 19:00:00+00:00,1772,510,253,810,199,neutral
MPC,1d,ok,2021-07-12 04:00:00+00:00,2026-07-10 04:00:00+00:00,1255,563,126,367,199,bull
MPC,1h,ok,2025-07-11 13:00:00+00:00,2026-07-13 19:00:00+00:00,1770,689,227,655,199,bull
MRK,1d,ok,2021-07-12 04:00:00+00:00,2026-07-10 04:00:00+00:00,1255,438,245,373,199,bull
MRK,1h,ok,2025-07-11 13:00:00+00:00,2026-07-13 19:00:00+00:00,1772,663,201,709,199,neutral
MRVL,1d,ok,2021-07-12 04:00:00+00:00,2026-07-10 04:00:00+00:00,1255,393,221,442,199,bull
MRVL,1h,ok,2025-07-11 13:00:00+00:00,2026-07-13 19:00:00+00:00,1772,627,350,596,199,bear
MS,1d,ok,2021-07-12 04:00:00+00:00,2026-07-10 04:00:00+00:00,1255,508,161,387,199,bull
MS,1h,ok,2025-07-11 13:00:00+00:00,2026-07-13 19:00:00+00:00,1772,797,201,575,199,neutral
MSFT,1d,ok,2021-07-12 04:00:00+00:00,2026-07-10 04:00:00+00:00,1255,408,244,404,199,bear
MSFT,1h,ok,2025-07-11 13:00:00+00:00,2026-07-13 19:00:00+00:00,1773,271,566,737,199,neutral
MU,1d,ok,2021-07-12 04:00:00+00:00,2026-07-10 04:00:00+00:00,1255,511,234,311,199,bull
MU,1h,ok,2025-07-11 13:00:00+00:00,2026-07-13 19:00:00+00:00,1772,970,64,539,199,bear
NEE,1d,ok,2021-07-12 04:00:00+00:00,2026-07-10 04:00:00+00:00,1255,303,278,475,199,neutral
NEE,1h,ok,2025-07-11 13:00:00+00:00,2026-07-13 19:00:00+00:00,1772,561,290,722,199,bull
NEM,1d,ok,2021-07-12 04:00:00+00:00,2026-07-10 04:00:00+00:00,1255,378,225,453,199,neutral
NEM,1h,ok,2025-07-11 13:00:00+00:00,2026-07-13 19:00:00+00:00,1772,698,300,575,199,bear
NFLX,1d,ok,2021-07-12 04:00:00+00:00,2026-07-10 04:00:00+00:00,1255,543,174,339,199,bear
NFLX,1h,ok,2025-07-11 13:00:00+00:00,2026-07-13 19:00:00+00:00,1774,223,834,518,199,bear
NIO,1d,ok,2021-07-12 04:00:00+00:00,2026-07-10 04:00:00+00:00,1255,82,509,465,199,bear
NIO,1h,ok,2025-07-11 13:00:00+00:00,2026-07-13 19:00:00+00:00,1772,378,572,623,199,neutral
NKE,1d,ok,2021-07-12 04:00:00+00:00,2026-07-10 04:00:00+00:00,1255,69,507,480,199,neutral
NKE,1h,ok,2025-07-11 13:00:00+00:00,2026-07-13 19:00:00+00:00,1772,221,682,670,199,bull
NOC,1d,ok,2021-07-12 04:00:00+00:00,2026-07-10 04:00:00+00:00,1255,423,179,454,199,bear
NOC,1h,ok,2021-07-12 13:00:00+00:00,2026-07-13 19:00:00+00:00,8729,2974,2017,3539,199,bull
NOW,1d,ok,2021-07-12 04:00:00+00:00,2026-07-10 04:00:00+00:00,1255,365,306,385,199,neutral
NOW,1h,ok,2021-07-12 13:00:00+00:00,2026-07-13 19:00:00+00:00,8736,2527,2293,3717,199,bull
NSC,1d,ok,2021-07-12 04:00:00+00:00,2026-07-10 04:00:00+00:00,1255,352,227,477,199,bull
NSC,1h,ok,2021-07-12 13:00:00+00:00,2026-07-13 19:00:00+00:00,8744,2732,2380,3433,199,bull
NVDA,1d,ok,2021-07-12 04:00:00+00:00,2026-07-10 04:00:00+00:00,1255,592,142,322,199,bull
NVDA,1h,ok,2021-07-12 13:00:00+00:00,2026-07-13 19:00:00+00:00,8769,3243,1930,3397,199,neutral
O,1d,ok,2021-07-12 04:00:00+00:00,2026-07-10 04:00:00+00:00,1255,316,188,552,199,bull
O,1h,ok,2021-07-12 13:00:00+00:00,2026-07-13 19:00:00+00:00,8745,2776,2213,3557,199,bull
OIH,1d,ok,2021-07-12 04:00:00+00:00,2026-07-10 04:00:00+00:00,1255,314,209,533,199,neutral
OIH,1h,ok,2021-07-12 13:00:00+00:00,2026-07-13 19:00:00+00:00,8677,3018,1855,3605,199,neutral
ORCL,1d,ok,2021-07-12 04:00:00+00:00,2026-07-10 04:00:00+00:00,1255,440,182,434,199,bear
ORCL,1h,ok,2021-07-12 13:00:00+00:00,2026-07-13 19:00:00+00:00,8748,2895,2340,3314,199,bear
OXY,1d,ok,2021-07-12 04:00:00+00:00,2026-07-10 04:00:00+00:00,1255,224,328,504,199,neutral
OXY,1h,ok,2021-07-12 13:00:00+00:00,2026-07-13 19:00:00+00:00,8746,2644,2239,3664,199,neutral
PANW,1d,ok,2021-07-12 04:00:00+00:00,2026-07-10 04:00:00+00:00,1255,463,145,448,199,bull
PANW,1h,ok,2021-07-12 13:00:00+00:00,2026-07-13 19:00:00+00:00,8764,3335,1715,3515,199,neutral
PDD,1d,ok,2021-07-12 04:00:00+00:00,2026-07-10 04:00:00+00:00,1255,325,268,463,199,bear
PDD,1h,ok,2021-07-12 13:00:00+00:00,2026-07-13 19:00:00+00:00,8764,2334,2506,3725,199,neutral
PEP,1d,ok,2021-07-12 04:00:00+00:00,2026-07-10 04:00:00+00:00,1255,348,197,511,199,bear
PEP,1h,ok,2021-07-12 13:00:00+00:00,2026-07-13 19:00:00+00:00,8764,2608,2406,3551,199,bear
PFE,1d,ok,2021-07-12 04:00:00+00:00,2026-07-10 04:00:00+00:00,1255,229,399,428,199,neutral
PFE,1h,ok,2021-07-12 13:00:00+00:00,2026-07-13 19:00:00+00:00,8748,2060,2869,3620,199,neutral
PG,1d,ok,2021-07-12 04:00:00+00:00,2026-07-10 04:00:00+00:00,1255,338,242,476,199,neutral
PG,1h,ok,2024-07-16 13:30:00+00:00,2026-07-10 19:30:00+00:00,3456,770,1093,1394,199,neutral
PLD,1d,ok,2021-07-12 04:00:00+00:00,2026-07-10 04:00:00+00:00,1255,336,205,515,199,neutral
PLD,1h,ok,2024-07-16 13:30:00+00:00,2026-07-10 19:30:00+00:00,3456,1211,674,1372,199,neutral
PLTR,1d,ok,2021-07-12 04:00:00+00:00,2026-07-10 04:00:00+00:00,1255,495,211,350,199,bear
PLTR,1h,ok,2024-07-16 13:30:00+00:00,2026-07-10 19:30:00+00:00,3457,1346,632,1280,199,bear
PM,1d,ok,2021-07-12 04:00:00+00:00,2026-07-10 04:00:00+00:00,1255,462,111,483,199,bull
PM,1h,ok,2024-07-16 13:30:00+00:00,2026-07-10 19:30:00+00:00,3456,1215,701,1341,199,neutral
PSX,1d,ok,2021-07-12 04:00:00+00:00,2026-07-10 04:00:00+00:00,1255,498,128,430,199,bull
PSX,1h,ok,2024-07-16 13:30:00+00:00,2026-07-10 19:30:00+00:00,3456,1163,570,1524,199,bull
PYPL,1d,ok,2021-07-12 04:00:00+00:00,2026-07-10 04:00:00+00:00,1255,160,532,364,199,neutral
PYPL,1h,ok,2024-07-16 13:30:00+00:00,2026-07-10 19:30:00+00:00,3457,836,992,1430,199,bull
QCOM,1d,ok,2021-07-12 04:00:00+00:00,2026-07-10 04:00:00+00:00,1255,262,362,432,199,neutral
QCOM,1h,ok,2024-07-16 13:30:00+00:00,2026-07-10 19:30:00+00:00,3457,977,884,1397,199,neutral
QQQ,1d,ok,2021-07-12 00:00:00+00:00,2026-07-10 04:00:00+00:00,1257,606,137,315,199,bull
QQQ,1h,ok,2025-07-10 13:00:00+00:00,2026-07-13 19:00:00+00:00,1788,713,250,626,199,bear
RBLX,1d,ok,2021-07-12 04:00:00+00:00,2026-07-10 04:00:00+00:00,1255,302,276,478,199,neutral
RBLX,1h,ok,2024-07-16 13:30:00+00:00,2026-07-10 19:30:00+00:00,3456,1129,939,1189,199,neutral
REGN,1d,ok,2021-07-12 04:00:00+00:00,2026-07-10 04:00:00+00:00,1255,433,223,400,199,neutral
REGN,1h,ok,2024-07-16 13:30:00+00:00,2026-07-10 19:30:00+00:00,3457,700,1158,1400,199,bull
RIVN,1d,ok,2021-11-10 05:00:00+00:00,2026-07-10 04:00:00+00:00,1169,160,299,511,199,neutral
RIVN,1h,ok,2024-07-16 13:30:00+00:00,2026-07-10 19:30:00+00:00,3457,790,1030,1438,199,neutral
ROKU,1d,ok,2021-07-12 04:00:00+00:00,2026-07-10 04:00:00+00:00,1255,362,264,430,199,bull
ROKU,1h,ok,2024-07-16 13:30:00+00:00,2026-07-10 19:30:00+00:00,3457,1263,537,1458,199,neutral
RTX,1d,ok,2021-07-12 04:00:00+00:00,2026-07-10 04:00:00+00:00,1255,555,90,411,199,neutral
RTX,1h,ok,2024-07-16 13:30:00+00:00,2026-07-10 19:30:00+00:00,3456,1425,467,1365,199,neutral
SBUX,1d,ok,2021-07-12 04:00:00+00:00,2026-07-10 04:00:00+00:00,1255,316,331,409,199,bull
SBUX,1h,ok,2024-07-16 13:30:00+00:00,2026-07-10 19:30:00+00:00,3457,1232,599,1427,199,bull
SCHW,1d,ok,2021-07-12 04:00:00+00:00,2026-07-10 04:00:00+00:00,1255,367,218,471,199,neutral
SCHW,1h,ok,2024-07-16 13:30:00+00:00,2026-07-10 19:30:00+00:00,3456,1284,633,1340,199,bull
SHOP,1d,ok,2021-07-12 04:00:00+00:00,2026-07-10 04:00:00+00:00,1255,442,202,412,199,neutral
SHOP,1h,ok,2024-07-16 13:30:00+00:00,2026-07-10 19:30:00+00:00,3457,1225,603,1430,199,bull
SHW,1d,ok,2021-07-12 04:00:00+00:00,2026-07-10 04:00:00+00:00,1255,304,247,505,199,neutral
SHW,1h,ok,2024-07-16 13:30:00+00:00,2026-07-10 19:30:00+00:00,3456,923,916,1418,199,neutral
SHY,1d,ok,2021-07-12 04:00:00+00:00,2026-07-10 04:00:00+00:00,1255,700,115,241,199,bull
SHY,1h,ok,2024-07-16 13:30:00+00:00,2026-07-10 19:30:00+00:00,3458,1761,271,1027,399,neutral
SLB,1d,ok,2021-07-12 04:00:00+00:00,2026-07-10 04:00:00+00:00,1255,272,296,488,199,neutral
SLB,1h,ok,2024-07-16 13:30:00+00:00,2026-07-10 19:30:00+00:00,3456,1042,743,1472,199,neutral
SLV,1d,ok,2021-07-12 04:00:00+00:00,2026-07-10 04:00:00+00:00,1255,479,144,433,199,neutral
SLV,1h,ok,2024-07-16 13:30:00+00:00,2026-07-10 19:30:00+00:00,3456,1369,505,1383,199,bear
SMCI,1d,ok,2021-07-12 04:00:00+00:00,2026-07-10 04:00:00+00:00,1255,444,206,406,199,bear
SMCI,1h,ok,2024-07-16 13:30:00+00:00,2026-07-10 19:30:00+00:00,3457,861,1025,1372,199,neutral
SMH,1d,ok,2021-07-12 04:00:00+00:00,2026-07-10 04:00:00+00:00,1255,599,151,306,199,bull
SMH,1h,ok,2024-07-16 13:30:00+00:00,2026-07-10 19:30:00+00:00,3457,1522,405,1331,199,neutral
SNOW,1d,ok,2021-07-12 04:00:00+00:00,2026-07-10 04:00:00+00:00,1255,281,339,436,199,bull
SNOW,1h,ok,2024-07-16 13:30:00+00:00,2026-07-10 19:30:00+00:00,3456,1078,832,1347,199,neutral
SO,1d,ok,2021-07-12 04:00:00+00:00,2026-07-10 04:00:00+00:00,1255,489,91,476,199,bull
SO,1h,ok,2024-07-16 13:30:00+00:00,2026-07-10 19:30:00+00:00,3456,1155,708,1394,199,neutral
SOFI,1d,ok,2021-07-12 04:00:00+00:00,2026-07-10 04:00:00+00:00,1255,312,310,434,199,neutral
SOFI,1h,ok,2024-07-16 13:30:00+00:00,2026-07-10 19:30:00+00:00,3457,1265,791,1202,199,bull
SOL/USD,1d,ok,2021-07-13 00:00:00+00:00,2026-07-13 00:00:00+00:00,1409,213,543,454,199,neutral
SOL/USD,1h,ok,2021-07-12 10:00:00+00:00,2026-07-13 22:00:00+00:00,33776,8941,10834,13802,199,bear
SOXX,1d,ok,2021-07-12 04:00:00+00:00,2026-07-10 04:00:00+00:00,1255,532,208,316,199,bull
SOXX,1h,ok,2024-07-16 13:30:00+00:00,2026-07-10 19:30:00+00:00,3457,1477,495,1286,199,neutral
SPG,1d,ok,2021-07-12 04:00:00+00:00,2026-07-10 04:00:00+00:00,1255,523,133,400,199,bull
SPG,1h,ok,2024-07-16 13:30:00+00:00,2026-07-10 19:30:00+00:00,3456,1534,406,1317,199,neutral
SPOT,1d,ok,2021-07-12 04:00:00+00:00,2026-07-10 04:00:00+00:00,1255,567,247,242,199,neutral
SPOT,1h,ok,2024-07-16 13:30:00+00:00,2026-07-10 19:30:00+00:00,3456,982,802,1473,199,neutral
SPY,1d,ok,2021-07-12 00:00:00+00:00,2026-07-10 04:00:00+00:00,1257,633,127,298,199,bull
SPY,1h,ok,2025-07-10 13:00:00+00:00,2026-07-13 19:00:00+00:00,1788,776,226,587,199,neutral
SUSHI/USD,1d,ok,2021-07-23 00:00:00+00:00,2026-07-13 00:00:00+00:00,1817,165,805,648,199,bear
SUSHI/USD,1h,ok,2021-07-23 13:00:00+00:00,2026-07-13 22:00:00+00:00,43495,11111,13722,18463,199,bear
T,1d,ok,2021-07-12 04:00:00+00:00,2026-07-10 04:00:00+00:00,1255,497,169,390,199,bear
T,1h,ok,2024-07-16 13:30:00+00:00,2026-07-10 19:30:00+00:00,3456,1227,763,1267,199,neutral
TAN,1d,ok,2021-07-12 04:00:00+00:00,2026-07-10 04:00:00+00:00,1255,271,442,343,199,neutral
TAN,1h,ok,2024-07-16 13:30:00+00:00,2026-07-10 19:30:00+00:00,3456,1078,834,1345,199,bear
TGT,1d,ok,2021-07-12 04:00:00+00:00,2026-07-10 04:00:00+00:00,1255,214,403,439,199,bull
TGT,1h,ok,2024-07-16 13:30:00+00:00,2026-07-10 19:30:00+00:00,3456,1053,774,1430,199,bull
TIP,1d,ok,2021-07-12 04:00:00+00:00,2026-07-10 04:00:00+00:00,1255,449,193,414,199,neutral
TIP,1h,ok,2024-07-16 13:30:00+00:00,2026-07-10 19:30:00+00:00,3456,1229,601,1427,199,bear
TLT,1d,ok,2021-07-12 00:00:00+00:00,2026-07-10 04:00:00+00:00,1257,174,355,529,199,bear
TLT,1h,ok,2025-07-10 13:00:00+00:00,2026-07-13 19:00:00+00:00,1788,443,446,700,199,bear
TMO,1d,ok,2021-07-12 04:00:00+00:00,2026-07-10 04:00:00+00:00,1255,241,348,467,199,neutral
TMO,1h,ok,2024-07-16 13:30:00+00:00,2026-07-10 19:30:00+00:00,3456,926,1039,1292,199,bull
TMUS,1d,ok,2021-07-12 04:00:00+00:00,2026-07-10 04:00:00+00:00,1255,459,192,405,199,neutral
TMUS,1h,ok,2024-07-16 13:30:00+00:00,2026-07-10 19:30:00+00:00,3457,852,1121,1285,199,neutral
TSLA,1d,ok,2021-07-12 04:00:00+00:00,2026-07-10 04:00:00+00:00,1255,258,252,546,199,bear
TSLA,1h,ok,2024-07-16 13:30:00+00:00,2026-07-10 19:30:00+00:00,3457,991,938,1329,199,bull
TSM,1d,ok,2021-07-12 04:00:00+00:00,2026-07-10 04:00:00+00:00,1255,564,144,348,199,bull
TSM,1h,ok,2024-07-16 13:30:00+00:00,2026-07-10 19:30:00+00:00,3456,1504,512,1241,199,neutral
TXN,1d,ok,2021-07-12 04:00:00+00:00,2026-07-10 04:00:00+00:00,1255,363,208,485,199,bull
TXN,1h,ok,2024-07-16 13:30:00+00:00,2026-07-10 19:30:00+00:00,3457,992,880,1386,199,bull
UBER,1d,ok,2021-07-12 04:00:00+00:00,2026-07-10 04:00:00+00:00,1255,454,228,374,199,neutral
UBER,1h,ok,2024-07-16 13:30:00+00:00,2026-07-10 19:30:00+00:00,3456,856,827,1574,199,bull
UNG,1d,ok,2021-07-12 04:00:00+00:00,2026-07-10 04:00:00+00:00,1255,127,548,381,199,bear
UNG,1h,ok,2024-07-16 13:30:00+00:00,2026-07-10 19:30:00+00:00,3456,840,956,1461,199,bear
UNH,1d,ok,2021-07-12 04:00:00+00:00,2026-07-10 04:00:00+00:00,1255,267,296,493,199,bull
UNH,1h,ok,2024-07-16 13:30:00+00:00,2026-07-10 19:30:00+00:00,3456,1143,786,1328,199,neutral
UNI/USD,1d,ok,2021-07-13 00:00:00+00:00,2026-07-13 00:00:00+00:00,1827,213,646,769,199,neutral
UNI/USD,1h,ok,2021-07-12 10:00:00+00:00,2026-07-13 22:00:00+00:00,43787,11315,13444,18829,199,neutral
UNP,1d,ok,2021-07-12 04:00:00+00:00,2026-07-10 04:00:00+00:00,1255,306,242,508,199,bull
UNP,1h,ok,2024-07-16 13:30:00+00:00,2026-07-10 19:30:00+00:00,3456,908,843,1506,199,bull
UPS,1d,ok,2021-07-12 04:00:00+00:00,2026-07-10 04:00:00+00:00,1255,164,435,457,199,bull
UPS,1h,ok,2024-07-16 13:30:00+00:00,2026-07-10 19:30:00+00:00,3456,1158,688,1411,199,bull
URA,1d,ok,2021-07-12 04:00:00+00:00,2026-07-10 04:00:00+00:00,1255,410,188,458,199,bear
URA,1h,ok,2024-07-16 13:30:00+00:00,2026-07-10 19:30:00+00:00,3456,1128,814,1315,199,neutral
USO,1d,ok,2021-07-12 00:00:00+00:00,2026-07-10 04:00:00+00:00,1257,249,261,548,199,neutral
USO,1h,ok,2025-07-10 13:00:00+00:00,2026-07-13 19:00:00+00:00,1786,559,381,647,199,neutral
V,1d,ok,2021-07-12 04:00:00+00:00,2026-07-10 04:00:00+00:00,1255,450,183,423,199,bull
V,1h,ok,2024-07-16 13:30:00+00:00,2026-07-10 19:30:00+00:00,3456,1147,697,1413,199,neutral
VEA,1d,ok,2021-07-12 04:00:00+00:00,2026-07-10 04:00:00+00:00,1255,578,144,334,199,bull
VEA,1h,ok,2024-07-16 13:30:00+00:00,2026-07-10 19:30:00+00:00,3456,1639,425,1193,199,neutral
VLO,1d,ok,2021-07-12 04:00:00+00:00,2026-07-10 04:00:00+00:00,1255,491,126,439,199,bull
VLO,1h,ok,2024-07-16 13:30:00+00:00,2026-07-10 19:30:00+00:00,3456,1175,631,1451,199,bull
VNQ,1d,ok,2021-07-12 04:00:00+00:00,2026-07-10 04:00:00+00:00,1255,370,222,464,199,bull
VNQ,1h,ok,2024-07-16 13:30:00+00:00,2026-07-10 19:30:00+00:00,3456,1146,615,1496,199,neutral
VOO,1d,ok,2021-07-12 04:00:00+00:00,2026-07-10 04:00:00+00:00,1255,630,127,299,199,bull
VOO,1h,ok,2024-07-16 13:30:00+00:00,2026-07-10 19:30:00+00:00,3456,1641,465,1151,199,bull
VRTX,1d,ok,2021-07-12 04:00:00+00:00,2026-07-10 04:00:00+00:00,1255,495,70,491,199,bull
VRTX,1h,ok,2024-07-16 13:30:00+00:00,2026-07-10 19:30:00+00:00,3457,1047,671,1540,199,neutral
VT,1d,ok,2021-07-12 04:00:00+00:00,2026-07-10 04:00:00+00:00,1255,646,112,298,199,bull
VT,1h,ok,2024-07-16 13:30:00+00:00,2026-07-10 19:30:00+00:00,3456,1642,386,1229,199,bull
VTI,1d,ok,2021-07-12 04:00:00+00:00,2026-07-10 04:00:00+00:00,1255,631,129,296,199,bull
VTI,1h,ok,2024-07-16 13:30:00+00:00,2026-07-10 19:30:00+00:00,3460,1636,462,1163,199,bull
VWO,1d,ok,2021-07-12 04:00:00+00:00,2026-07-10 04:00:00+00:00,1255,556,142,358,199,bull
VWO,1h,ok,2024-07-16 13:30:00+00:00,2026-07-10 19:30:00+00:00,3456,1392,499,1366,199,neutral
VZ,1d,ok,2021-07-12 04:00:00+00:00,2026-07-10 04:00:00+00:00,1255,333,281,442,199,neutral
VZ,1h,ok,2024-07-16 13:30:00+00:00,2026-07-10 19:30:00+00:00,3456,1016,784,1457,199,neutral
WFC,1d,ok,2021-07-12 04:00:00+00:00,2026-07-10 04:00:00+00:00,1255,444,145,467,199,neutral
WFC,1h,ok,2024-07-16 13:30:00+00:00,2026-07-10 19:30:00+00:00,3456,1251,666,1340,199,bull
WMT,1d,ok,2021-07-12 04:00:00+00:00,2026-07-10 04:00:00+00:00,1255,689,35,332,199,neutral
WMT,1h,ok,2024-07-16 13:30:00+00:00,2026-07-10 19:30:00+00:00,3457,1365,506,1387,199,neutral
XBI,1d,ok,2021-07-12 04:00:00+00:00,2026-07-10 04:00:00+00:00,1255,392,232,432,199,bull
XBI,1h,ok,2024-07-16 13:30:00+00:00,2026-07-10 19:30:00+00:00,3456,1286,581,1390,199,neutral
XEL,1d,ok,2021-07-12 04:00:00+00:00,2026-07-10 04:00:00+00:00,1255,388,186,482,199,bull
XEL,1h,ok,2024-07-16 13:30:00+00:00,2026-07-10 19:30:00+00:00,3457,1237,610,1411,199,neutral
XLB,1d,ok,2021-07-12 00:00:00+00:00,2026-07-10 04:00:00+00:00,1257,425,140,493,199,neutral
XLB,1h,ok,2025-07-10 13:00:00+00:00,2026-07-13 19:00:00+00:00,1786,586,341,660,199,neutral
XLC,1d,ok,2021-07-12 04:00:00+00:00,2026-07-10 04:00:00+00:00,1255,656,148,252,199,bear
XLC,1h,ok,2024-07-16 13:30:00+00:00,2026-07-10 19:30:00+00:00,3456,1307,650,1300,199,neutral
XLE,1d,ok,2021-07-12 00:00:00+00:00,2026-07-10 04:00:00+00:00,1257,490,94,474,199,neutral
XLE,1h,ok,2025-07-10 13:00:00+00:00,2026-07-13 19:00:00+00:00,1786,679,244,664,199,bull
XLF,1d,ok,2021-07-12 00:00:00+00:00,2026-07-10 04:00:00+00:00,1257,505,137,416,199,bull
XLF,1h,ok,2025-07-10 13:00:00+00:00,2026-07-13 19:00:00+00:00,1786,560,419,608,199,bull
XLI,1d,ok,2021-07-12 04:00:00+00:00,2026-07-10 04:00:00+00:00,1255,589,99,368,199,bull
XLI,1h,ok,2024-07-16 13:30:00+00:00,2026-07-10 19:30:00+00:00,3456,1435,521,1301,199,neutral
XLK,1d,ok,2021-07-12 00:00:00+00:00,2026-07-10 04:00:00+00:00,1257,578,145,335,199,bull
XLK,1h,ok,2025-07-10 13:00:00+00:00,2026-07-13 19:00:00+00:00,1786,643,300,644,199,bear
XLP,1d,ok,2021-07-12 04:00:00+00:00,2026-07-10 04:00:00+00:00,1255,446,106,504,199,bull
XLP,1h,ok,2024-07-16 13:30:00+00:00,2026-07-10 19:30:00+00:00,3456,1017,789,1451,199,bull
XLRE,1d,ok,2021-07-12 04:00:00+00:00,2026-07-10 04:00:00+00:00,1255,357,216,483,199,bull
XLRE,1h,ok,2024-07-16 13:30:00+00:00,2026-07-10 19:30:00+00:00,3456,1138,631,1488,199,bull
XLU,1d,ok,2021-07-12 04:00:00+00:00,2026-07-10 04:00:00+00:00,1255,468,176,412,199,bull
XLU,1h,ok,2024-07-16 13:30:00+00:00,2026-07-10 19:30:00+00:00,3456,1265,627,1365,199,bull
XLV,1d,ok,2021-07-12 04:00:00+00:00,2026-07-10 04:00:00+00:00,1255,317,162,577,199,bull
XLV,1h,ok,2024-07-16 13:30:00+00:00,2026-07-10 19:30:00+00:00,3456,1052,806,1399,199,neutral
XLY,1d,ok,2021-07-12 04:00:00+00:00,2026-07-10 04:00:00+00:00,1255,463,179,414,199,bull
XLY,1h,ok,2024-07-16 13:30:00+00:00,2026-07-10 19:30:00+00:00,3456,1248,637,1372,199,bull
XME,1d,ok,2021-07-12 04:00:00+00:00,2026-07-10 04:00:00+00:00,1255,425,130,501,199,neutral
XME,1h,ok,2024-07-16 13:30:00+00:00,2026-07-10 19:30:00+00:00,3456,1455,644,1158,199,bear
XOM,1d,ok,2021-07-12 04:00:00+00:00,2026-07-10 04:00:00+00:00,1255,474,124,458,199,neutral
XOM,1h,ok,2024-07-16 13:30:00+00:00,2026-07-10 19:30:00+00:00,3456,1096,625,1536,199,neutral
XOP,1d,ok,2021-07-12 00:00:00+00:00,2026-07-10 04:00:00+00:00,1257,319,208,531,199,neutral
XOP,1h,ok,2025-07-10 13:00:00+00:00,2026-07-13 19:00:00+00:00,1786,558,319,710,199,bull
XRP/USD,1d,ok,2024-01-01 00:00:00+00:00,2026-07-13 00:00:00+00:00,925,186,234,306,199,bear
XRP/USD,1h,ok,2024-01-01 06:00:00+00:00,2026-07-13 22:00:00+00:00,22156,5647,6901,9409,199,bear
XRT,1d,ok,2021-07-12 04:00:00+00:00,2026-07-10 04:00:00+00:00,1255,360,210,486,199,bull
XRT,1h,ok,2024-07-16 13:30:00+00:00,2026-07-10 19:30:00+00:00,3456,1114,760,1383,199,bull
XYZ,1d,ok,2021-07-12 04:00:00+00:00,2026-07-10 04:00:00+00:00,1255,172,282,602,199,bull
XYZ,1h,ok,2025-01-21 14:30:00+00:00,2026-07-10 19:30:00+00:00,2561,728,511,1123,199,neutral
